song id, 歌曲名, 艺术家
2755133753,My Cry,Lid
2748951914,Oblivion,CRaymak/ Dekerakt
2722615267,I WAS THE FUNERAL,K.Tobias
2738980094,Last Breath,K.Tobias
2738975125,If I go to crazy,K.Tobias/ Doki
2757022205,I Really Want To Stay At Your House (Carry Remix),Carry
2757264485,234 (BOS Remix),Bos
2757256988,Infohazard (Paper Skies Remix),Paper Skies
2757260249,All Falls Down (SNDER & 3EO Remix),SNDR/ 3eo
2757257992,No One Else (DZMA Remix),DZMA
2757256199,ILLENIUM - Refuge (KEPIK Remix),KEPIK
2757212496,Ocean X STAY (Trivecta Mashup),Trivecta
2757212481,Nurko & Haliene - Retraced (MECHANYX Remix),MECHANYX
2753537130,Trying to See Clear,Sorenstar
2749002855,Up in Flame,Sorenstar
2755043282,Escape This City,Sorenstar/ Speraymer/ The Ninth Day Records
2755096400,Just the Two of Us,Bunny
2750685038,Ireland Is Home,Ancari Rohi
2692809008,Unsilenced,Ebon
2754488242,water sprash,Ulagumo
2754489212,萬靈皆生,ArrAy-P
2754489210,Afrixon,Afrixon
2754489208,山裾,Settled Edge
2756664208,Whisper Of The Storm,Sean Ven
2749444463,Show Me Love (MECHANYX Remix),MECHANYX
2749117757,Chasing Sunset,Ancari Rohi
2753745313,You and I,Danny Chen
2756483699,Make You Mine,Lorizone
2699377004,泽玥Zeyué-灰白色remix.wav（SKRIS remix）,SKRIS
2755769399,冷,Aou/ ClearYxY/ SKRIS
2755768715,溺,Aou/ ClearYxY/ SKRIS
2756405692,Forever (OWTLET Remix),Owtlet
2756393344,Die Young (GONE ASTRAY Flip),Gone Astray
2756394174,MAYBE BABY,Bafu
2756372971,Aye Bay - Memories Of You (HEINEM x Hyru Remix),HEINEM/ hyru
2756357729,Two Friends - Way It Was (feat. Quinn XCII) (EMBER Remix),Ember
2750807594,Higher,Balka/ Aria Sage
2756294350,Avril Lavigne/ Dabin/ ROY KNOX - Complicated x Not Enough (UNDEFYND Edit),Undefynd
2756295289,Emergence x Shivering x Heart Could Break (SadBois Edit),SadBois
2755037090,Overthinkin',隔壁李小伙neighborlee/ _Warpcore_/ The Ninth Day Records
2739177057,Free (KPop Demon Hunters) (Jinu Version),Sam Sky/ 52Blu
2745052859,Virtual Heartbreak,Kascal/ Brazz/ Raddix/ Sam Sage
2733381076,Under Pressure ft. Kelsey Ray,Livion/ Kelsey Ray
2749199653,Real Love,APyric
2728842380,CLOSEUREYES (CLRBLND. Remix),ORRO/ Not Bad/ CLRBLND.
2751957809,Far Away,Pretty Ghosts/ CLRBLND.
2750164332,Fly Away,KYDIN
2746031487,Terra Firma,Coszmos
2746031485,Above The Moon,Coszmos/ HARD DAZE WORK
2746029758,Losing My Mind,Coszmos/ GRYMTR.
2746031484,Flash,Coszmos
2746031482,LMG,Coszmos
2750174943,**** With My Head,Seiren/ Dani King/ JAMEO
2752707659,Follow Through,Dave Fantasy/ Kyrant/ MING Records
2724804545,Jealous,Ryuklear/ Kisshi
2737567998,Lights On,Aureonix
2744714902,Through Galaxies (feat. Leo Watts),Jordan Savage/ Outertone/ Leo Watts
2747579466,I Choose You,SPIRIT LINK/ Sofuu
2746555370,Goodbye My Love (feat. Laurence Bay) (VIP),MECHANYX/ Laurence Bay
2747406438,All My Life,Anki
2747405477,Sigh And Let Go,Anki
2747406436,New High,Anki
2747405475,Come Back,Anki
2747406432,Alive,Anki/ Jamie Wiltshire
2747405472,Yesterday,Anki
2751141067,CREEP,Aye Bay/ Owtlet
2733381099,With You (No Distractions Remix),Secret Skies/ No Distractions
2753280821,Death of Me,L3NRT/ UXxn
2753437583,Never Look Back [Sped Up],Stardust/ SPIRIT LINK/ Monika Santucci/ Nightcore Star
2742494123,Never Forget,BOWEN/ PXRT TWO
2751626123,Butterflies,Sharks
2755132485,Close To You,Insko
2749683314,RUNNING ON EMPTY,dreamr./ Reido
2733380850,With You (TARK Remix),Secret Skies/ Tark
2747787196,Gold,STAR SEED/ Josh Rubin
2755159301,Find Your Way (feat. Sora Sayuri),Culture Code/ Sora Sayuri
2754057468,LIFETIME VIP,Psychodelix/ Jmsclvn/ ary kemler
2747309778,Swimming In The Sky,ARMNHMR
2739553789,Permanent blue,Lorizone
2728469216,菱歌泛夜demo,Avizy
2756023775,Free x Moments (Jami Mashup),JaMi
2755994373,NOTD - Been There Done That (feat. Tove Styrke) (Atomic Remix),Atomic
2755989968,ILLENIUM/ Seven Lions/ Last Heroes/ SLANDER/ Synymata - Not Even Love x Eclipse x Never Give Up On You (Karmaxis Mashup),Karmaxis
2755991524,Nurko & HALIENE - Retraced (Morva Remix),Morva
2755993612,Take You Home (Kisshi Remix),Kisshi
2755991176,What It Sounds Like (Psiyan Remix),Psiyan
2755989712,Save Tonight (INFRNO Remix),Infrno
2755989927,Retraced (MAVRYK Remix),MAVRYK
2734690559,Lunar.tic,Khan
2755951868,M83 - Outro (Wooli Remix),Wooli
2663618406,Hearts Of Lions,Atura
2700506773,safe space,KLAXX
2727234786,run away,NiT_-
2700491803,Neurohack Love.exe,伊文
2755726977,Don't Look Down - Anomaly X Incant (Unofficial Remix),Anomaly/ incant
2750039762,Celestial Homing,青焰-LD/ Yogurit
2755691102,We Are Never Ever Getting Back Together (Ryuklear Remix),Ryuklear
2710718805,My Days,Beyond Magic
2689804579,Save Me Now (Instrumental Mix),Beyond Magic
2676549684,Save Me Now,Beyond Magic
2755604506,All You Need To Know x Say What You Mean (SadBois Edit),SadBois
2755453390,REVOLTE,Zephys/ Emvis
2749345254,Lost Love (feat. Lillie Price Carter),Dezolent/ Coptr/ Lillie Price Carter
2752280547,Reconnect (Everen Maxwell Remix),Everen Maxwell/ Virtual Riot
2755064498,Memory Fragments (feat. 重音テト),Vencent
2755064496,Continental Expanse,Vencent
2744717780,Serenity,Encrypted/ Outertone
2751472784,Miss You (feat. Pretending to Be Real),Jey Cordz/ Pretending to Be Real
2748957394,So Far Away (feat. Lilly Ahlberg),Seven Lions/ Lilly Ahlberg
2747414284,Breathe (feat. AVIA),RY/ Avia
2754837311,Don't Let Me Go,Aerwavez Music
2747911449,Nothing Compares To You,Jay Ocean
2755371635,Blazing Heart,Lunr!/ Gloomy Owl
2705396370,Kai Wachi - Glow in the Dark (LEKNAI Remix),LEKNAI
2755343421,Spark (XINMETLY Remix),XinMetly
2755303660,ILLENIUM/ M83/ Maypops/ TWLGHT/ Luminate/ Lost Wolves/ Subtronics/ Zeds Dead/ Yakz/ Avicii - LET IT BE (ELUMINATE MASHUP),ELUSID
2755084125,盛开,CDK-DP/ RestarPlan Records
2755084127,Back to Summer,Sixbpm/ C O O K ! E ☭/ RestarPlan Records
2755084129,Lights On,_Warpcore_/ RestarPlan Records
2755084130,Lights On,Katharxis/ RestarPlan Records
2755085648,World Around You,Speraymer/ RestarPlan Records
2755085649,Home With You,Beviteng Electron/ RestarPlan Records
2755084132,Love You Like I Do,Lorizone/ RestarPlan Records
2755268275,By the Paper of the Owl (Rhoele Mashup),RHOELE
2755265169,Seven Lions - By the Light of the Moon x Don't Leave (dRaph Mashup),dRaph
2753439341,Jewel You [Slowed + Reverb],Stardust/ K3NTO/ Mitsucaster/ Slowed Star
2724411036,Kill Me for Always (CŮRT1S REMIX),Michael Clifford/ Porter Robinson/ CŮRT1S
2635279059,In Your Hands,Eradyk
2755053182,ILLENIUM - Forever (GhostDragon Remix),GhostDragon
2754970375,Nurko & HALIENE - Retraced (MVXIMVS Remix),MVXIMVS
2754970336,Starfall vs Golden (REYDIUM MASHUP),REYDIUM
2754970292,Good Things Fall Apart x Forever (CHOU MASHUP),CHOU
2754970183,GTFA x Sad Songs x Nightlight x From The Ashes x Insanity x In Your Arms (Karmaxis Mashup),Karmaxis
2754966149,Forever x Good Things Fall Apart (Rodrigo HO Mashup),Rodrigo HO
2754969160,Forever x If I Lose Myself (Elyte Mashup),Elyte
2754965118,As Long As I Got You x Forever (Romora Mashup),Romora
2754966009,Excision/ ILLENIUM/ Wooli/ Dion Timmer - Gold x Salvation x Zombie (T3MPURA Mashup),T3MPURA
2754964990,Bloom x Free [WAYWHEN MASHUP],WAYWHEN
2754964960,Hollow x Not Enough (ROY KNOX Remix) (SadBois Edit),SadBois
2754965944,Free from Worlds Away (SONDER Mashup),Sonder
2754965929,Free x I See You (SOUP Mashup) - Dabin/ Nurko/ Rumi/ Jinu,Soup
2754964771,Air x Kususiki (koodai mashup) - Gryffin/ Excision/ Julia Michaels/ Mrs. GREEN APPLE,koodai
2754965440,ILLENIUM - Refuge (X-Cessive & lil Rose Redux),X-Cessive/ Lil Rose
2754964405,Dabin/ Stephanie Poetri - Not Enough (The Sed Remix),The Sed
2754964293,Hoang/ Mvse/ XG - LEFT RIGHT x Moments (Patrick Lai Mashup),Patrick Lai
2751189544,Calm But Cold,JYOTIN/ Saw2Win/ Marshllex
2687278823,Empires (White Numen Remix),White Numen
2687276577,Dusk to Dawn,White Numen
2750712135,遊樂園,Might/ The Ninth Day Records
2665222831,Rewind,Blurry Sky
2663263413,Under the Ginkgo Tree,Blurry Sky
2667269432,Casey Cook-Never Fall2（Blurry sky remix）,Blurry Sky
2752571415,End So Fast,Blurry Sky
2754514689,Emotional x Feeling So Down (Lightfighter Mashup) feat. Bumpÿ/ E.F LINK/ Wolfpup/ YuShu,Lightfighter
2750742678,In The Middle of a Dream（Eternal Void remix）,Eternal Void
2751453662,穀神星,UnD3ath
2751453661,Messiah,Xyanide
2751451999,Rekindled,Reyar
2751451998,Reverberation,MKKF
2751451996,Cold Space,miudox
2751451995,Aureole,LeoMusic-Effect
2751453660,Circuit Havoc,PAQII
2751453658,心溯,Napple/ Shaw_Tyan
2751451993,Eternal Abyss,Shiorei
2751453655,Wildcard,IAMMRGODIE
2751451989,Zip Zap Zipper,IAMMRGODIE
2751451990,Moment,Taraxaci
2751451991,Seraph,Aut0
2751453654,VSK3777：混沌星漩,Nerovix
2751453653,复鳴,Gaia
2751451988,靈,Axusr
2751451987,星滅,UnD3ath
2749488415,Ascendancy,Zapp/ M2K Records
2751200164,i'll still be here,Blue Laze
2749911677,Never Forget,Aiden Cha
2751265134,When Everything's Just Okay,Sonic Manifestation
2747472910,Tired of Being Alone,RemK
2747471024,RIDE THE WAVE!,RemK
2747471026,We'll Make It (feat. Clearest),RemK/ Clearest
2754235060,Nurko & HALIENE - Retraced (Gryxx Remix),Gryxx
2753415566,Haunting Me,Autumn Skeyes
2751235470,What Is Love,HASHBBC
2754062552,Papercut,Aerwavez Music
2753891158,別忘了你的身份,AN2ATIX
2752035898,Garden (Epic233 Remix),PhantomBlind/ axlom_/ Epic233
2750368828,miss you. (A New Hope Remix),Reviny/ A New Hope
2704211478,Project Dawn,Kavx
2640047686,By My Side,Walhalla
2745864052,Sparkle,Nitrogen
2747405748,In Your Heart,Ancari Rohi
2744567265,baby girl,mercxry
2747860918,Peace of Mind feat. Trippz Michaud,ADT/ Trippz Michaud
2745568066,answers,Jeremy James Whitaker/ DecemberAir
2745568065,i thought we'd have more time,Jeremy James Whitaker
2745568064,upinthesky,Jeremy James Whitaker/ O2solus
2747881490,Floating Dreams (feat. Ziv Shalev),Brock B/ Ziv Shalev
2750744066,Stars Align,Qawi Kamri
2751105802,Blindfold,WarriYo/ Laura Brehm
2726016673,Come to the Light,God's Nation/ JayXTurbo/ Gracie B
2750546788,Used To Be,RINY
2749329359,Use Somebody,NOTSOSW33T/ SNOWFYRE/ Sergio Ochoa
2754207958,Dabin/ Said The Sky - Hold On x In the End (UNDEFYND Mashup),Undefynd
2748059335,Just A Dream,Ventaria/ Brycian
2754126606,Colorful Grey,Sean Ven/ Elirah/ Emma/ Drex L
2754128605,Crimson Lotus，Unseen,Sean Ven
2754129615,Neon Rain,Sean Ven
2754132453,Shattered Silhouettes,Sean Ven
2754132879,Paper Plane,Sean Ven
2754139173,Chroma Sunset Side By Side,Sean Ven
2754139679,Colorful Forever,Sean Ven
2753035641,Another World,E7Zxy
2737568034,Soulmates,APyric
2724803774,Something Real,The Glitcherz/ Jaewon
2750041585,You Find Me,RN11157/ _Warpcore_
2753488034,Shadows Die (feat. Donna Tella),Odxttx/ Donna Tella
2752520917,BELIEVE,Soar
2751375810,When the World's Falling,Encrypted/ Sonja Marie
2751862825,Let You Know,Uforea/ Joni
2747672691,Wavelength,Ansu Kamara
2747673421,RUBY,No Ctrl
2741840956,You and I,CRUX ONE
2742175243,Hope on the Horizon (Chill Version),Dimatis/ Oscuro
2742174455,Hope on the Horizon,Dimatis/ Oscuro
2742826597,Antidote,Arch/ Hylia
2749895201,Destroy Me,3thos/ Robbie Rosen/ Elle Vee
2752660156,Let Go (AVSTN Remix),Shatters/ AVSTN
2739151313,Not Today,Zebbler Encanti Experience
2748519761,It's You,Mantra/ Althera
2751753273,Dreadveil (Nightcore),JYOTIN/ Nightcore/ Saw2Win
2733380133,Summertime Sadness,H3RØ/ Wisner
2751180743,need2know,Moore Kismet/ Arya
2750155271,I'M ALWAYS THERE FOR YOU,Samfony
2746743114,Friends (feat. Linney),Subtronics/ Linney
2746270524,Biggest Regret,J4CKO/ Baiden Holland
2747296154,When It Was You,Last Loved/ Revotix/ Josh Sellers
2742357619,Do It All Again,Areeb Mahmood/ Violyt
2752355466,Falling,Mxnh/ StellarHD
2751290938,Slow Motion,yetep
2734588825,Find Your Fire (feat. Lyndsy Larson),Dark Skies/ Lyndsy Larson
2693605107,Clarity (feat. Lyndsy Larson),V9ineP/ Lyndsy Larson
2751379003,Sealed,塞壬唱片-MSR/ Talyr Renee/ Erik Castro/ David Lin
2751379781,Sealed (Instrumental),塞壬唱片-MSR/ Erik Castro
2753886748,Waves of You (EverNorth Remix),Echo Horizon/ Evernorth
2753887576,Through The Storm,ZALTANNA
2750998249,远光点（伴奏）,鸣潮先约电台
2750998233,远光点,鸣潮先约电台/ Crywolf
2753833978,Life Before [Slowed + Reverb],Stardust/ No-One CN/ Slowed Star
2750264245,Scared To Be Lonely,Lockbox/ Aaron Shirk/ Lexi Scatena
2753697254,海的那边真的很远,Clear Sky/ ALisa
2681557580,chillpop melodic dubstep/ retro by @fathomlessgain2710,Suno.ai
2749440172,an other day,linked winters
2749999214,wilt,aephyn
2749999211,Scorpion,Ethen/ Bafu
2748945364,Obsidian Sky,DALUKA
2707616797,Behold the Broken Sky,Galen Borson
2747777175,Tired,Galen Borson
2747559295,Broken Hearts,Phiver
2749561556,Just you and me,Moon1k
2745379228,Spider Dance (Vector U Remix),Vector U/ Toby Fox
2753470662,Lose Control,Fokus Far/ nehalcity
2749719358,Don't let me down,Hazky/ Wood Cherry
2745645605,ALL I NEED,Dirt Monkey
2746501893,It's Easy (To Love) (feat. Lightfighter) (Slowed + Reverb),SIZELAND/ Lightfighter
2712876861,Endless (feat. Dave Brownsound),Gravas/ Dave Brownsound
2751103451,C R Y S T A L   H E A R T,KIEHA/ Estrella/ 2088 RECORDS
2751101914,F A L L E N   A N G E L,KIEHA
2709338898,跳楼机 (WUKONG Remix),LBI利比/ WUKONG悟空
2709342639,Jumping Machine（跳楼机）-WUKONG Remix (伴奏),LBI利比/ WUKONG悟空
2744486703,PHANDUYEN (Destiny),Hoaprox/ Dang Minh
2745077919,HIGHWAY (feat. MIDI Kittyy),Mazaa/ MIDI Kittyy
2746502661,It's Easy (To Love) (feat. Lightfighter) (Sped Up),SIZELAND/ Lightfighter
2752782624,MPH!,HASSOU
2751070426,E M P T Y,Farah/ 2088 RECORDS
2750083057,I'd Choose You All Again,Celestial Void/ LÚTHIEN
2752585975,Interstellar,Unspoken
2750631325,Eternal Pulse,IronBeard
2750628565,Eclipsed Heart,IronBeard
2750628564,Rise From The Shadows,IronBeard
2750628562,Through The Veil,IronBeard
2750631323,Takes My Breath Away,IronBeard
2750628561,The Journey,IronBeard
2750628560,Transcendence,IronBeard
2751140808,Hail Hydra,L3VITATE
2690836505,WAKING UP FROM THE DREAM,L3VITATE
2674651008,Electric Heart (BLIZZRD Remix),EvryFlare/ Blizzrd
2674650075,Electric Heart (The_E_Spirit Remix),EvryFlare/ The_E_Spirit
2674650072,Electric Heart (If Lost & Jooshee Remix),EvryFlare/ If Lost/ Jooshee
2674651010,Electric Heart (Michael Antonio Remix),EvryFlare/ Michael Antonio
2674650071,Electric Heart (Rebuilt),EvryFlare/ Abstrack
2663987015,Somber,Moment
2739824756,Lost in you,Moment
2733935441,Weightless,phat phriend
2750636691,Stargazing,Legitify
2702689405,Timeless,Legitify
2685159193,Lifeline,Legitify
2715576753,Invisible,Divige
2715580200,Invisible (Instrumental),Divige
2715580201,Invisible (Sped Up),Divige
2715576754,Invisible (Slowed),Divige
2679430732,Fly Away,Divige
2679432332,Fly Away (Instrumental),Divige
2679432333,Fly Away (Slowed),Divige
2679430733,Fly Away (Sped Up),Divige
2662135864,The Alarm,Divige
2662135865,The Alarm (Instrumental),Divige
2662135866,The Alarm (Slowed),Divige
2662135867,The Alarm (Sped Up),Divige
2749763180,Broken,Divige
2749763181,Broken (Instrumental),Divige
2749761962,Broken (Slowed),Divige
2749761963,Broken (Sped Up),Divige
2751912914,Into The Oceans,五个字神人
2751066439,P A R A D I S E,No-One CN/ 2088 RECORDS
2749195465,Dual Hearts,Heard/ Devyn Sawyer
2751361941,Stargazing,Mason Spikers
2749171451,Frozen,AMVIRUM/ Marie Eidolon
2750039758,Letting Me Down,XDR-C/ EMLwc
2750274256,Maybe I’ll See,KingCamdenTheGreat
2750269868,Awakening,KingCamdenTheGreat
2750274251,The Dark,KingCamdenTheGreat
2750274250,Tomorrow,KingCamdenTheGreat/ Symard
2750269866,As Much As I Try,KingCamdenTheGreat/ Gabrielle Zwi
2745137923,Heal Me,Janho
2730801833,I'm Not Holy (Radio Edit),The Bloody Beetroots/ Grabbitz
2747359720,i can see you now,Vxrto./ Bluscape
2747548768,BREAK THE FLOW,BAGG
2750327320,Cyber City (feat. If Lost),EvryFlare/ If Lost
2733381097,All I Knew Was You,E.F LINK
2746721284,Midnight City,Future Twist/ Hyp3rL3ss
2751978076,Disaster,NEOTEK/ Bella Renee
2742006178,Follow The Game,nehalcity/ Fokus Far
2743634143,Fireweed,F7M/ ENG!e/ heirloom blue
2737568025,Love Triangle,TimZz
2751736710,寻理,SADRECORDS/ 四叶草Swit.Z
2751736709,射手座,SADRECORDS/ d7
2751735790,韶光,SADRECORDS/ Bob Hou/ Fros7novA/ Invisible
2751736705,磁星,SADRECORDS/ Yinger Liam
2740901208,plastic heart (feat. LOA),Marek/ Loa
2745229704,Ghosts,Youth In Circles
2747784373,Nightlife,Everen Maxwell
2703272769,Breaking Free,Swirlx/ colormeblue.
2747783792,Summer,Everen Maxwell
2747784368,Nightlife (VIP),Everen Maxwell
2747784367,When Colors Cry,Everen Maxwell
2748519116,If I Die Young,Pushing Daizies/ MES
2745314119,Journey through dimensions,Quite Possibly/ Dotson/ Heaven Jones
2751612582,海平线的尽头,李昊天VastSky
2750681619,Where Do We Go,ZHANGYE/ Steve Aoki/ Rosie Darling
2743531817,Always You,Monika Santucci
2743711403,Right Here,Said The Sky
2742125979,Waking Me Up,KOIH/ UNDY
2747414276,Wait For You,MEDZ/ Lexi Scatena
2751376015,暖光,PICK
2750751115,抵达,PICK
2749086015,边界,PICK
2748830356,异世界,PICK
2746446358,信标,PICK
2745794020,跳昼逻辑,PICK
2744843949,单独个体,PICK
2744154426,迟到的爱,PICK
2743285334,漫野,PICK
2742170613,桌板上的三八线,PICK
2740999247,当风穿过小巷,PICK
2738115020,归途信号,PICK
2737386298,颠覆,PICK
2736632369,茶多酚,PICK
2735179995,月光漫游,PICK
2734056394,森林里的旧钢琴,PICK
2729472627,星际启程,PICK
2726566927,一切都顺利,PICK
2725614691,怦然心动,PICK
2719071331,未完的对话,PICK
2716180013,0糖汽水,PICK
2716179775,模糊记忆,PICK
2716174290,你配么,PICK
2716170556,羽翼,PICK
2713590281,身影随行,PICK
2711561428,存档·读取,PICK
2708161538,懵懂,PICK
2708163284,在最普通的日子里，藏着人间烟火和无尽的欢喜,PICK
2708161059,Ridge,PICK
2706637455,520这一天我要是能变成玩偶在火星上买那就更奇妙了,PICK
2706324262,奔赴日落,PICK
2702784116,生命花,PICK
2699571338,茧房,PICK
2699555747,别忘了我,PICK
2698441284,那些罪该万死的人通通杀了,PICK
2697701562,光,PICK
2694137272,苦,PICK
2692019281,纵容,PICK
2690268302,真的好想摆烂,PICK
2690182783,Peace And Love,PICK
2685866872,当你无路可循的时候,PICK
2676031013,该何去何从？,PICK
2675258122,Daydreaming,PICK
2672459989,呼吸森林,PICK
2667942142,时光穿梭,PICK
2667445853,流星尾,PICK
2682478816,快来 快来,PICK
2681035714,Love END,PICK
2675262045,Liberty,PICK
2709687123,黑夜坠落,PICK
2751999684,Retraced(zjaxu Remix),zjaxu
2751998028,Muddy [Sped Up],Rllovx
2751999830,Muddy [Slowed - Reverb],Rllovx
2751595212,潮汐漂流瓶,CHRYSAD
2751104969,小雅·鹿鸣 (Alibilan Remix),Alibilan
2751105580,小雅·鹿鸣 (Alibilan Remix)(Instrumental),Alibilan
2748483175,Looking For Changing,_Warpcore_/ Vultures Records/ The Ninth Day Records
2749178562,BRUH.,Tiru/ M2K Records
2737569221,you & i,Muni
2746549810,Aster,Vanatice
2746519679,Be Mine (Slowed + Reverb),SIZELAND/ KYRIPH
2751226559,Golden（WilliamHenRy remix）,WilliamHenRy
2751332764,Teenage Dream x Ass Back Home x Not the 1975 (SadBois Edit),SadBois
2749052446,Jewel You [Sped Up],Stardust/ K3NTO/ Mitsucaster/ Nightcore Star
2750191776,Yellow lie (Never her type),Lucras
2750298637,Sahara (Sora Remix),NURKO/ Sora
2750298636,Evergreen (Synymata Remix),NURKO/ Jordan Shaw/ Synymata
2750300195,Evergreen (CHENDA Remix),NURKO/ Jordan Shaw/ Chenda
2750298635,Darkroom (LEUTHERO Remix),NURKO/ Kameron/ LEUTHERO
2747083634,HARDCORE,SUPER DARK
2743691714,A Thousand Cuts (feat. Demitri Medina),CRaymak/ Renn/ Demitri Medina
2744498471,Honest,Mazare/ Drive!Drive!
2714218087,Martin Garrix & Lauv - MAD (SYNTH+1 Flip),SYNTH+1
2750677754,Snailephant x Lockdown x LaserBeam (Cloudy Parallels Edit),Cloudy Parallels/ Josh Rubin/ Snails/ Wooli/ Excision/ Ray Volpe
2750993701,Retraced (NOCO remix),No-One CN/ Co_Univ
2751004493,Forever (Illenium) x Feel Good (Gryffin & Illenium) x Never Gone (Said the Sky) [WAYWHEN MASHUP],WAYWHEN
2690909956,peaceful stroll on a tuesday morning!,Syrum
2739046869,Feel It All,LOWNETA
2742492278,Lost,Ardix
2739672276,Up Again (feat. Demi Jade),Eldroid/ Demi Jade
2728306265,ENCHANTED VIP,Syrum
2750950872,In My Arms (VLCN Remix),VLCN
2750924479,Royal & The Serpent/ Nikademis/ 9 Worlds - No Regrets x Waking Up in A Dream (Karmaxis Mashup),Karmaxis
2750921648,ILLENIUM - Ur Alive (GhostDragon Remix),GhostDragon
2696174800,重构,Settled Edge
2696174799,噗通,YellowCheese
2748563873,梦樱残响 天落海息,鸽徳Goothe
2748567279,梦樱残响 天落海息 伴奏,鸽徳Goothe
2749394895,星繭の解離,Xsetion
2749178708,battle of the stars,.moon4ever/ M2K Records
2746520609,Be Mine (Sped Up),SIZELAND/ KYRIPH
2746554873,Fight The Dark,Stay In The Light
2749583993,酲,Ucix_/ 2088 RECORDS
2707606513,H E A R T - A T T A C K,PhantomBlind/ DOVAHKIIN/ 2088 RECORDS
2748675968,万物生,钟艺鸣/ 星尘纪之声
2664207666,You ll be gone,Sss1Crazy
2718623748,Tell Me,Leon Wong/ DARKNIGHT
2741515885,Human,Vanic
2750406040,Gravity Lost,Martin Icarus
2750397956,Beautiful People,Aerwavez Music
2750033679,长安烬明,Lorizone/ 绫炘kitty
2701386982,GIRL,S1NTD
2726746690,NURKO-save me（S1NTD remix）,S1NTD
2748994754,We'll Rise,S1NTD/ The Ninth Day Records
2750128815,More Than Enough (feat. Leeny),Leeva/ LEENY
2734440042,too hot!,if found
2681278253,idealist!,lillybug
2725908889,The Dare - Girls (Lizdek Remix),Lizdek
2746733301,Heal Me,Aarkos
2750145159,AS LONG AS I GOT YOU vs. Forever (Rhoele Mashup),RHOELE
2750125857,2020 unfinished,Sore/ Soar
2750128667,Rose,XinMetly/ Isaac Woods/ Mike Wilkerson
2750115067,Intoxicated,The Sed
2750115039,Love Souvenir,The Sed
2750062494,Sunset Memories,Sean Ven
2747420724,Glitter & Gold,Wurme/ Benzi
2746521289,Escape Reality,Arli Tom!
2745210131,Can't Walk Away,NightyKid/ Phil Dott
2750039553,Crush 40 - Knight Of The Wind (Morva Remix),Morva
2688722243,Volvemos A Ser,DJ JarZ
2698634749,Thank God You Tried,DJ JarZ
2749093477,Take Me High,DJ JarZ
2649465989,Slipping,Your Evil Boyfriend
2649518612,Far From Love (feat. Josh Paulino),Sauniks/ Your Evil Boyfriend/ Josh Paulino
2729904687,Delete You Later,Your Evil Boyfriend
2741943595,You don't mind,Lian Wolf/ Bluent/ nowayback collective
2745589284,You Left (feat. Gabriel Eli),Shams/ Gabriel Eli
2663901798,Can't Get Over You,Alekapi/ Zamira
2745004989,if i don't laugh/ i'll cry,Alekapi/ Zamira
2740821545,Supposed 2 Let U Go,SNOWFYRE
2747867166,Slipping Away (feat. Megan Cross),Zioz/ Megan Cross
2670090599,Would You Do?,Aiden Cha
2691802489,Sweet Escape,Aiden Cha
2696837663,Way To You,Aiden Cha
2743475488,My Days,Aiden Cha
2695788286,Trailblazing,Synkachi
2734788189,Absence of You,Synkachi
2741705578,You,AgusAlvarez/ Luke Bergs
2729955139,day & night,shxpe
2729955138,part of me,shxpe
2729961550,haunting,shxpe
2729961549,hide,shxpe
2744605426,Celestial,MRTY McFLTHY
2742537461,You & I,xoxodubstep
2734903121,I Love You,God's Warrior
2745544520,Forever True,CrossXCrown/ Ronck
2743095496,Addiction,2nd Life/ Lena Luisa
2743253066,Interstellar,Kosmic Fluid
2748991800,I Am Not My Body,Kaivon
2749140776,In Your Eyes,Raiolens
2742551130,New Horizons,Asura Ghai
2747753380,Please Don't,Anki
2746928032,Back When It Was Easy,Culture Code
2744534383,9 Lives,JVNA
2738175159,Statue,Aureonix
2747167507,Maybe It's My Fault,Brennan Wolf
2738087824,The Other Side,Corticus/ Donna Tella
2745960895,Heartbreak Avenue,TIFFVNYJOY
2746630377,Spotlight,Owtlet
2744950504,Iced Out,tevn
2746716398,Sleepless,Mxnh
2726670246,Return,Pretty Ghosts
2744477232,Time Is All I Got,Azee/ Nick Eyra
2738101982,Lost Without,Au5
2738101983,Shattered,Au5
2738103174,Better To Believe,Au5
2738103175,Into The Light,Au5
2722142495,Hearts On Fire,Tark/ Matt Wright
2749624825,Let It Be (TWLGHT & LUMINATE Remix),Maypops/ TWLGHT/ Luminate
2746925338,Emotional,Bumpÿ/ E.F LINK/ Wolfpup
2740784010,Save Tonight,SLANDER/ HALIENE
2744558284,This Far,Adam Jasim/ Kamas/ Mack Morrison
2749467352,Goodbye,William Black/ Blanke/ MGRD
2738172011,Perfect,Rogue
2749220395,Last Time [Slowed + Reverb],Stardust/ TimZz/ Slowed Star
2749220809,Never Looking Back [Slowed + Reverb],Stardust/ SPEAR/ Slowed Star
2745881966,Angels,Lucras
2749188029,Echoes Of You,Chromrova/ M2K Records
2749158129,When You Fade Away,Martin Icarus
2749091002,Language X Alive (Gazing Skies Flip),Gazing Skies
2749051699,Life Before [Sped Up],Stardust/ No-One CN/ Nightcore Star
2749052945,Nurko & HALIENE - Retraced (Sora Jae Remix),Sora Jae
2749056349,Elephante/ TWLGHT x ADTR x Kelly Clarkson - A Lot Better (Hazel Eyes) [TWLGHT EDIT],TWLGHT
2749052428,Calling [Sped Up],Stardust/ ADROIT/ Severin/ Suave/ Nightcore Star
2748998460,Show Me Love (HEINEM Remix),HEINEM
2748995532,Sad Songs (L3NRT Remix),L3NRT
2748991840,Retraced (Soar Remix),Soar
2748991814,Free (BrillLion x SOPHIPLANET Remix),BrillLion/ SOPHIPLANET
2745708517,Darkness,No Rays/ Ann!hilate/ Outertone
2748653723,Escaping Quietly,RestarPlan Records/ Sorenstar
2747196310,APT. (Dabin Remix),Dabin
2747196160,Shooting Star (Dabin Remix),Dabin
2748762979,Free (Spear Remix),Spear
2748762959,Hate Me (AERROW Edit),Aerrow
2748762956,Retraced (Aaron Fong Remix Competition),Aaron Fong
2748761878,Forever (Dylan Presko Remix),Dylan Presko
2748762785,Little Do You Know (Jey Cordz Remix),Jey Cordz
2748761702,Forever [Ice Angel Nod-Krai Remix] (Instrumental),Ice Angel
2748683128,Way to You,Flame3721/ Tsuru Records
2748025964,Favorite Game,Serah/ Summer Rona
2661682656,Lost In The Dark,ZHANGYE
2746446748,A Thousand Strings One Drop,RN11157/ Janquish/ 星尘纪之声
2746814568,ta,R7CKY
2747341009,Look Over (Feat. Meteor),Rllovx/ Tidal Records
2747340054,Back 2 Us,OudZhu/ Tidal Records
2747341006,Intentions,XDR-C/ EMLwc/ AlienBouncer外星弹跳/ Tidal Records
2738729894,Fragile Wounds,JYOTIN/ Saw2Win/ Marshllex
2746895827,Voyage,Kyrant/ Vaicii/ Dave Fantasy/ MoonUmbMUSIC
2747649648,Flying Angels,Sakanapaste/ L3ADB1RD/ Hilarity Leap Records
2747650456,Lost Myself,bisshadow/ Hilarity Leap Records
2747650451,Scribbles ddl,KIO5/ Depus/ Hilarity Leap Records
2747650449,Take Your Hand,L1ghtF4ll/ Hilarity Leap Records
2747649643,Lights On,洛岑/ Hilarity Leap Records
2747650448,Flame,Windwan/ Hilarity Leap Records
2738549716,Come Closer,Oddentrix
2741602708,Quit You,Beyond Magic
2741602709,Save Me Now,Beyond Magic
2741604524,My Days,Beyond Magic
2744947041,Timeless,Epic233/ tanookillz
2744948620,run for your life,Rejects Collective
2744947040,MONTECARLO (VICTORY LANE),AENSO
2744947039,Only One,KingCamdenTheGreat/ Noveci
2742808265,Last To Fall (feat. Scarlett),eesmal/ AM!/ Scarlett
2722143360,I'll Be There,Mojnz
2743060574,Sanctuary (Kingdom Hearts Dubstep Version),Mox Jade/ Areeb Mahmood/ Hylia
2718027987,All Moments I Got Never Gone,Ainepadma/ Etro/ Lyrtas
2738786166,无证,Laniakea/ 漂流瓶DRIFT BEATS
2743155649,Fragile Wounds (Nightcore),Nightcore/ JYOTIN/ Marshllex
2741070604,Ready,Adikop/ Zayra
2744912352,posed look possibility,zeroth
2747453478,lullabies,KLAXX
2747582062,Nevea,KTrek
2739031064,By Your Side,Pretty Ghosts
2708008854,LOCKSCREEN,Lord Genmu
2744155946,Morendo,Snits
2742043924,Machtkomplex,DenPelm
2741097692,FU,Madyx
2741516578,In the Dark,Vanic/ RAEYA
2741516576,Swept in a Feeling,Vanic/ RAEYA
2744905848,Forever,KingCamdenTheGreat/ Nico Vargas
2742186048,Moonlight,Zerky
2742423758,Enough,3eo/ 3cho
2747036821,Hideaway (feat. Olivia Ray) (Vince Blais Remix),FUTURE MAGIC/ Vince Blais/ Olivia Ray
2744604830,In Time,LXN4R.
2743687071,Surrender,All Bright/ LÚTHIEN
2745378082,Waking Up Again (Postcard Remix),Ambroz/ La Caro/ LIVEiNFEAR
2745379737,Petrichor (Natural nomad Remix),Ambroz
2735372733,Living Mice (Minecraft Dubstep Version),ARCH
2735709440,Dearly Beloved (Kingdom Hearts Dubstep Version),Erosia
2736071343,Secunda (Skyrim Dubstep Version),Kaptivate
2740364928,Song of Healing (Zelda Dubstep Version),Asymmetrick
2736038210,Damned (Call of Duty Dubstep Version),Louv
2745379730,Dawn (Proxys Remix),Ambroz
2716315747,Inside Out,Ambroz/ A-Par/ La Caro
2723970151,Pieces (Discarded Feelings),Ambroz/ SonicSelf
2745379726,Wild Berry,Ambroz
2733943231,Like I Do,Monika Santucci
2737610782,Satellite,Blue Violets/ Odxttx/ Erika G
2728710110,WANT it,Galena Crew
2722142470,Diamond Eyes,Hevian
2743000855,Silence,Z32
2745054262,Getting Know,learnZmore/ MING Records/ Snow Moon Records
2719778848,Rise,RYN
2741635530,idk,Rocketman
2745379729,Momentum,Ambroz
2736713342,Lights On,Xen1cx
2736036186,Timber Hearth (Outer Wilds Dubstep Version),Pins3Y
2736447860,Your Reality (Doki Doki Literature Club EDM Version),AB5YNTH/ Calmseer
2736839730,Arthas/ My Son (World of Warcraft Dubstep Version),Lonehaven
2742706504,The Moments Between,Outside Line
2742705075,Nostalgia (feat. HALO),Outside Line/ HALO
2743701052,Pages of Love,Falling North/ CHPTR./ Meggie York
2741112100,Friendship (feat. Olivia Ridgely),SABAI/ BOTCASH/ Olivia Ridgely/ Casey Cook
2741388451,Retraced (Caslow Remix),NURKO/ HALIENE/ Caslow
2741387852,Retraced (Loxion Remix),NURKO/ HALIENE/ Loxion
2741388452,Retraced (VNDETTA Remix),NURKO/ HALIENE/ VNDETTA
2735402463,I Miss You,Nikademis/ Andy Kautz/ Elle Vee
2740280827,The Only One,SVNCTUARY
2743403046,Echoes of Before,Nick Wynn/ Nikolas K/ Emy Smith
2745230040,New Home,Araya/ She Was Silver/ Jaki Nelson
2747609329,Lost,LegendShadow
2743512440,Virtual Reality (2025 Rework),Mwk/ 初音ミク
2743512431,BRIGHTNESS,Mwk/ 初音ミク
2742865586,No Sympathy,Starfell
2719400247,One Horse Town,Fox Stevenson
2747219006,Snowblind (Morva Remix),Morva/ Au5/ Tasha Baxter
2747218089,Alex Warren - Eternity (MECHANYX Remix),MECHANYX
2739018135,Another Day To Love U,Subceptron/ XIDERA/ GLNNA
2739019577,Come Back Home,Subceptron/ KnownAsNat
2744582713,Ghost of You,Lazrus/ Valorian/ Kambii
2737666918,By the Light of the Moon,Seven Lions/ Kerli
2731052233,遗失的幸运 (Yushu Remix),王泽言
2746893818,Temple,LazyMario
2746893870,Million Days (The Sed Remix),The Sed/ SABAI/ Hoang
2746883638,Seventeen,Z32
2746883491,Never Looking Back (Sped Up),Stardust/ Spear/ Nightcore Star
2746871126,Eyes On You (feat. Reichan),XinMetly/ Julian Mel/ Reichan
2746872986,Pretend Like A One Mistakes,XinMetly
2746872875,Heaven,XinMetly/ Aaron Skies/ Natasha Kate
2746870750,Gryffin - Bye Bye (ft. Ivy Adara) (XinMetly Remix),XinMetly
2746852062,Crazy Train (NURKO Tribute Remix),NURKO
2746818762,color burn,a red panda/ past fields/ amethxyst/ IrrationalMango
2746836077,Wish,Evr!/ bluntdamage
2710929753,The Way Forever,Serum_4ever
2746713414,Memoirs Of Joy,Ayrn
2744409954,Affinity,Serum_4ever/ 星尘纪之声
2743154282,Meant To End,Dreamcode
2741075004,Funeral,Jantine/ Justin OH
2746581197,Here For You,Flame3721
2722130502,Endgame,MTSL
2746418813,Looking Back,Motionwave
2734081156,Neshama,Akiva Hammond/ Binyamin/ Werntatty
2732773388,Places We Know,KYDIN/ Lacey
2693880101,New World,Kanro
2715467083,Aurora,Kanro
2745559405,SunLigHt,YIUKO!/ Vill
2726514155,殷与竹,梁雀
2745326195,现实不适应症,梁雀
2739278619,Out There,Hypercubed
2739276126,Oceans,Hypercubed
1980690811,Away,HungNgo
1999682586,Break Away,HungNgo
2745354390,Waves,Tripolar
2740399910,Rise from Within,Prospekt
2746056832,‘cause good things forever fall apart,Unspoken
2744703340,Calling Me Baby,Flame3721/ RestarPlan Records
2702921278,Sister,Frost Children
2668281926,About You,Novus
2740092779,Go Back (feat. A.M.Y),Maypops/ Whyper/ A.M.Y
2737954654,i miss you,Hayvain/ Sarah Rose/ Hanson Tagde
2737954653,i don't know why,Hayvain/ Hunter Nelson
2737954652,measured in actions,Hayvain/ MIMI OCEAN
2744411833,Love me now,SkySight
2745922923,Porcelain Skin,Lucy Fits
2722333150,Puppets,UNNEVN/ 3cho
2745723642,Our identity (Aureonix Flip),Aureonix
2743515055,Inside Our Hearts (Aureonix Remix),Aureonix
2743332463,Steady (TARK Remix),Tiru/ Kadin Whitney/ Tark
2744390650,Into The Next Bright,心皇Ker/ MING Records
2743332464,Higher (||3asy|| Remix),Tiru/ ||3asy||
2722143368,Survive,Zandros
2722131420,Cry,North Wind
2739158707,Autopilot,RemK
2662798147,Nostalgia,N3ONMOON
2705270943,Falling Into You,N3ONMOON
2740419535,Miles in Between,N3ONMOON
2728185364,ME2U (feat. N3ONMOON),btoocøzy/ N3ONMOON
2719211343,Take us home,Behrends
2742199989,Still Breathing (Unspoken Remix)[Instrumental],Unspoken
2744355680,Monster (Unspoken Remix),Unspoken
2744354808,Monster (Unspoken Remix)[Instrumental],Unspoken
2745725767,Star Odyseey,Lunr!/ Iruka
2745722775,Baby by Lindsay Lohan - Freakier Friday - (Stay In The Light Remix),Stay In The Light
2745717054,Adventure Club x Nurko- Colorblind x You & I x Erase Me x After You (Karmaxis Mashup),Karmaxis
2742912937,Desynchronization,S1DRONE/ Scryne
2741112112,Winter,Mundo/ Yirsi
2741113457,Rain Dance,YaGirlNicole
2741112111,lullaby of a hopeless dreamer,Veryfakeguest/ samuraiowl
2742506271,FAST,Anthem/ ELUSID
2745637229,Forever,ILLENIUM/ Tom Grennan/ Alna
2739897796,Way I Feel,LOST3N
2711964096,Give Me Hope,God's Warrior
2744977399,We Fall,Natty Lou/ Biometrix/ Christina Harrison
2662293502,Remedy,FUTURE MAGIC/ Robert Voxx
2662293501,Typhoon,FUTURE MAGIC/ Robert Voxx
2725554667,Hideaway (feat. Olivia Ray),FUTURE MAGIC/ Olivia Ray
2741113444,fragments of who i never was,clwdy
2738736925,Polarized,Nueq
2737448704,DON'T WASTE MY TIME,W2
2735823182,my escape,Underbelly
2744552066,Hypnotherapy,Vincent Antone
2741400867,Angel (Remix),Anthony Blake/ Josephine Anne
2738082170,Mind if U,Arya
2745306487,AMEN,St. Mary/ Matthew Adam Green
2719780157,Let me bloom,Dankidz/ OFFTONE/ jiakaira
2741497166,Miss Me Like (VIP),Felix Caso
2737651066,any/more,Animadrop
2740755587,Mad King,Nokae/ PLEEG/ Kenji
2742226740,Ignite,postcard/ A-ZAR
2719777894,Lights On,Akmmer
2744694706,Deep Clear Water,Gryffin/ GRIZ
2735549814,Can't Give Up,JONJEN/ YUNIFY/ Donna Tella
2740813915,Falling,Aerrow/ Kaleidos/ Gracie Van Brunt
2742137703,DRIVE (Samfony remix),KOIH/ Sierra Annie/ Samfony
2730908628,See It (feat. Lexi Scatena),Flöte/ Lexi Scatena
2733657518,YOUNG INSIDE,dreamr./ Corey Mouch
2726474872,CTRL,Eliminate
2733285030,Starflame,Au5
2735761397,CAREFUL WHAT YOU WISH FOR,Ray Volpe/ Point North
2735759987,LET IT IN,Ray Volpe/ RUNN
2735759989,AS LONG AS I GOT YOU,Ray Volpe/ Adventure Club/ Dalton Diehl
2735761402,WHERE DO WE GO FROM HERE?,Ray Volpe
2732736687,Freedom,Bllaine/ ZI:AE
2745439261,Eclipsed Hearts,Sean Ven
2745430130,Crave,Lucy Fits
2745413975,Free (Bllaine Remix),Bllaine
2745339741,Zoe Wees/ Dean Lewis - Learn To Love (Atomic Remix),Atomic
2745339656,Drizzle,The Sed/ William Black
2743730449,WANT U,Dkon
2741053470,Other Side,GISHIN/ G1ANTSHEART
2738703026,Leave You (to Love You),OUTDONE/ PC/ glasscat
2698241787,brighter days ahead,Paradin
2736125623,An Isle in the Sky,Exodius
2736126551,Steady Seas,Exodius
2736125621,The New Riptide,Exodius/ 8KaiLa
2736126550,Waves (Intro),Exodius
2745039026,Trying To Escape (feat. Calla Lee/ ArrMor & Marc Leo),Elexiel/ Calla Lee/ ARRMOR/ Marc Leo
2745064346,in my room,BRAiNROT/ SPIRIT LINK
2745058249,Like a Prayer (Danny Olson Cinematic Edit),Danny Olson
2741088144,Snowblind (PIR△MID Remix),Au5/ Tasha Baxter/ PIR△MID
2745017939,Real Thinking On You And I,The Sed
2743546261,Sunset,URVØXYK
2743546258,Ne m’oubliez pas,URVØXYK/ _Warpcore_
2743093952,那么多遗憾 (Xeuphoria Remix),陆可儿Kirby/ Xeuphoria
2743132712,Against All Odds,SpaceYeti/ AMIDY
2738584698,Year of the Snake,PQQ/ Outertone
2740012695,ophanim (Lyffe Remix),kay.xo/ Lyffe
2744727568,Falling In Your Dreams (VIP),Elexiel/ ArrMor
2741500046,Hate Goodbyes,Kallyn
2738917228,CHANGES,CADU!
2719468424,Endless Dream,Moon1k
2734431559,I don't wana leave,Moon1k
2738388454,Moment (Korezz Remix),eXion
2734577811,3 Hearts,Lucy Fits
2743179670,Clock,Lucy Fits
2707333355,You & I,Tianjie
2734571924,Harmony,Tianjie
2695142456,Take Us Home,Tianjie
2686642115,Battle Scars (feat. Drama B),Skan/ Drama B
2655946206,Muscle Up,Skan/ Drama B/ Ryo
2702851508,What a Shame,Skan/ Lyana Faye
2729660708,Silence Is Loud,Skan/ Lyana Faye
2732297614,Ignite,Casey GP
2722459049,Weightless in the sky,EGC
2732475842,Always find you,EGC
2715118318,Like Fire (LegendShadow Remix),LegendShadow
2739035460,even the rain,SilasCh
2734820176,F'n Me Over,Sunday Night Low
2702405485,Re:Echoes (feat. Gmazer),shirobeats/ Kiwwi/ Miori Celesta/ Shiroroll/ Gmazer
2739427870,You And I,Hubert
2739427869,All I Knew Was You,Hubert
2739427867,Statue,Hubert
2739427866,All Over Me,Hubert
2739427868,Under The Moonlight,Hubert
2738644705,Alive,LXN4R.
2740841209,Burning Stars,Kronus
2738517762,By My Side,3Waves
2733281262,Take Us Home,Saulz
2701983523,Something (Nothing),CRUX ONE
2714318135,December,CRUX ONE
2722975956,After All,CRUX ONE
2733991685,Heal Me,CRUX ONE
2739473257,Midnight (VIP),SubFreak
2736679829,Lost In The Echoes (VIP),SubFreak
2736457495,Never Will,Leigh Bae/ Glory Speaks
2741101195,Pull Me Through (feat. NIKO OKIN),PHNYX/ NIKO OKIN
2741100898,Burn For You,PHNYX
2741101194,Left Behind,PHNYX
2741252320,Crystal Fallin' [Slowed + Reverb],Stardust/ No-One CN/ Slowed Star
2744488713,勾指起誓（KLUK remix）,KLUK
2722130465,Faith,2NextGen
2735778900,OATHBREAKER,Caster
2744228625,2.2,Frequensphere
2739887396,I Lost You,The Sun Vanished/ S4ER
2737929770,Can't Resist (feat. Jaime Deraz) [Bli5s Remix],Bli5s/ Mystalgia/ Jaime Deraz
2737931526,Can't Resist (feat. Jaime Deraz),Mystalgia/ Jaime Deraz
2743851586,Here For You,learnZmore/ Mglory
2729332770,Cause of You,Raine
2710906427,Conflicted 伴奏,Raine
2710902460,Conflicted,Raine
2694493993,Only You 伴奏,Raine
2694491693,Only You,Raine
2684932208,Make You Mine 伴奏,Raine
2684923543,Make You Mine,Raine
2684504427,A Taste of You (pt.1),Raine
2735165480,Cause of You＜3,Raine
2743714827,Time Machine (TCS Unreleased｜Alibilan Remix｜Inst.),Alibilan
2743714666,Time Machine (TCS Unreleased｜Alibilan Remix),Alibilan
2741161004,Stragazing,zeeyx/ RestarPlan Records
2743486321,FREE (NGHT VISION REMIX),Nght Vision
2743481033,Retraced (NGHT VISION REMIX),Nght Vision
2742896954,Future,Ry/ Lea H27
2733658377,Calling,IamSam/ Chen Boi/ Darius J
2743523397,Never Be Like You (Kaptivate Remix),Kaptivate
2743526781,Midnight Dream（午夜梦境）,Clear Sky
2743527044,Midnight Dream（午夜梦境） 伴奏,Clear Sky
2743486200,Ur Alive (KeJay Remix),KeJay
2743486391,Summit (echod Bootleg),echod
2743487185,Retraced (Holy Smokes Remix),Holy Smokes
2743520200,Your Idol x Darkness We Rise (KEPIK Mashup) Kpop Demon Hunters feat. Saja Boys/ Hidden Axis,KEPIK/ Hidden Axis
2743479047,Let Me Be Sad (DVRROW Remix),DVRROW
2743487193,Retraced (Spear Remix),Spear
2743480666,drivers license (Adam Jasim Remix),Adam Jasim
2743478864,Reminisce (DZMA Remix),DZMA
2743479012,Retraced (J4CKO REMIX),J4CKO
2743480493,So Far So Fake (Xuinn remix),Xuinn
2743480447,Golden (AMIDY Remix),AMIDY
2743480354,Running Up That Hill [Aye Bay Flip],Aye Bay
2743477073,Headlock (k?d Remix),k?d
2743476818,Free x Courtesy (SadBois Edit),SadBois
2740534290,Fantasy Dream,Phil Dott
2738670824,Iris,EXILA
2714686337,APT. (RyAL/ KOZZPLAY/ Inphecs Remix),RyAL/ KOZZPLAY/ Inphecs
2690988821,Brand New High,Inphecs/ NeverxHappy
2722130495,Dark Place,KYRIPH
2716893140,Not a Secret,RIZIS Wan/ Liyu
2736244579,Carry On / Too Heavy (Nikolas K Remix),Alpha Sky/ Nikolas K
2736392435,Eight,Mollotone
2735793661,The Other Side,Fairlane
2739091259,Back To U (Nightcore),JYOTIN/ Saw2Win
2739091258,Back To U,JYOTIN/ Saw2Win
2734369348,Just A Dream,Ann!hilate/ Outertone
2725615152,Nice Life (feat. Filip Burman),Twomuch/ Marek/ Filip Burman
2742220525,Chasing Stars（逐星）,Speraymer/ learnZmore/ Snow Moon Records
2738617406,Nothing Left (Arch Remix),Lexdez/ Julian Dae/ EM/ Arch
2728352541,Transcend,STAR SEED
2732437799,Shine,Elephante/ Gone Astray
2736074846,All I Want,NateRider
2735643375,Dreaming (Extended Mix),3thos/ 9 Worlds/ Okafuwa
2735641075,Dreaming,3thos/ 9 Worlds/ Okafuwa
2734547208,Discovery,Aaron Shirk/ Rickie Nolls/ Gallie Fisher
2739897799,Tell Me Why,SVNCTUARY
2738638640,Over Again,J4CKO/ SUNHO
2741101132,Not Enough (feat. Stephanie Poetri) [ROY KNOX Remix],Dabin/ Stephanie Poetri/ ROY KNOX
2740048714,Back to Life,H3RØ/ ALVYN
2741101440,Won't Be The Same (Paper Skies Remix),Dabin/ Paper Skies
2741101127,Constellation (Mazare Remix),Dabin/ FRND/ Mazare
2741101441,Deepest Water (feat. Syd Taylor) [Synymata Remix],Dabin/ Syd Taylor/ Synymata
2741101443,Nothing At All (Kill The Noise x Trivecta Remix),Dabin/ Grabbitz/ Kill The Noise/ Trivecta
2741101129,Nothing At All (NEOTEK Remix),Dabin/ Grabbitz/ NEOTEK
2741101131,Night Bloom (feat. Lø Spirit) [Culture Code Remix],Dabin/ Blanke/ Lø Spirit/ Culture Code
2741101133,Not Enough (feat. Stephanie Poetri) [SLICK x 808GONG Remix],Dabin/ Stephanie Poetri/ Slick/ 808GONG
2741101445,Summer's Gone (Skybreak HALF BLOOD Remix),Dabin/ FrostTop/ Tiffany Day/ Skybreak
2741101134,I See You (feat. Skylar Grey) [CHENDA Remix],Dabin/ NURKO/ Skylar Grey/ Chenda
2741101447,In The End (feat. Clara Mae) [Hoang Remix],Dabin/ Said The Sky/ Clara Mae/ Hoang
2741101139,Photographs (feat. nokio) [Afinity Remix],Dabin/ Nokio/ Afinity
2743159572,I'll wait for you,Asahisu/ Iluniev
2743151286,Illenium Ft. Hayla - In My Arms (WHYPER & Maypops Remix),Whyper/ Maypops
2743136240,DUMBO (Guy Arthur Flip),Guy Arthur
2734419388,Serendipity（SKYLINE remix）,SKYLINE/ NessaYan
2727059312,How To Say Goodbye,SKYLINE
2730251313,In The End & Harder To Breathe (SKYLINE mashup),SKYLINE
2740075987,Dancing With The Night Sky,SKYLINE/ VY4N6
2740177393,I Really Want to Stay at Your House 愿我能够永驻于你心间,Pike_e/ 洛天依/ AVC_dayo
2738944165,Silent Bloom,ZJR
2718391594,no chance to say goodbye.,ZJR
2740484499,Free,Gabriel Eli/ Sara Benyo/ ARMNHMR/ Lockbox
2742813061,Drifting Away (feat. MissArtistApril),Asendo/ Ecchoes/ MissArtistApril
2742476516,Zedd x Selena Gomez - I Want You To Know (RemK Remix),RemK
2742476629,Ur Alive (feat. Wylde) [Tarrow Remix],Tarrow
2742475053,Sleep Token - Rain (MECHANYX Remix),MECHANYX
2742427514,Only Now x If I Stay (AKUNA mashup) feat. Seven Lions/ Subtronics/ ROY KNOX/ Austin Christopher/ Phocust/ ALLEYCVT/ Draeden,AKUNA/ Seven Lions/ Subtronics/ ROY KNOX/ Austin Christopher/ Phocust/ ALLEYCVT/ Draeden
2742423718,Eternally (KARK Remix) - TWLGHT,TWLGHT/ KarK
2741252310,Hollow [Slowed + Reverb],Stardust/ Tweellve/ Wolfpup/ Danzzle/ Slowed Star
2740803600,You & Me Stargazing [Slowed + Reverb],Stardust/ Slowed Star/ zjaxu
2741243528,Last Time [Sped Up],Stardust/ TimZz/ Nightcore Star
2741534768,Find Home,DVRROW
2740446535,Flight,Crazyer/ 星尘纪之声
2737731101,Reconstruct,Nuik/ Karasu Merodi
2737731102,Neural Handshake,Snits
2721210236,Take Me Higher,Terris/ Rezzaie/ Lunéa
2687799851,Good Luck/ Babe! (ARMNHMR Edit),ARMNHMR/ Chappell Roan
2692020446,If I Lose Myself x Bulletproof (ARMNHMR Edit),ARMNHMR
2740659439,S A N C T U M,No-One CN/ 2088 RECORDS
2740422989,Alone (Zaturate Remix),StellarHD/ Lexder/ Zaturate
2740422986,Alone (Mxnh Remix),StellarHD/ Lexder/ Mxnh
2740422988,Alone (Lunastorm Remix),StellarHD/ Lexder/ Lunastorm
2737576989,Falling Apart (feat. iirenic),Afonix/ iirenic
2730134448,All Of Forever (feat. iirenic),Afonix/ iirenic
2694822149,风向西，我和乌云都在哭,李昊天VastSky
2694829284,初醒,李昊天VastSky
2694829283,反复记号,李昊天VastSky
2694829282,碎幕,李昊天VastSky
2694840487,云端数据已丢失,李昊天VastSky
2738572562,梦醒时分（伴奏）,JigglePuff/ 李珏
2738572561,梦醒时分,JigglePuff/ 李珏
2740109026,Treasure,洛岑
2740109024,I Surrender,_Warpcore_
2740110326,烬,iStArWisH
2737731100,love,NIKAI
2728755535,Legacy,XOBLISS/ PRAGMA
2728755536,Legacy - Slowed,XOBLISS/ PRAGMA
2726137495,Heart Stab,Sharks
2726136875,close your eyes and dance,Sharks
2741232279,Decisions,learnZmore
2741304882,In My Arms (Jason Ross Remix),Jason Ross
2717776787,Let It Be Me,CADMIUM/ Elle Blue
2735058092,Artifical Sky,Aelys
2740451510,Make It,EU4YX
2737612450,Amphetamina (feat. Lizdek),Juelz/ Lizdek
2737611017,Sometimes / DOPAMINE++++,Juelz
2739489385,涙色の狂愛,FLAVOREALM!味之领域/ LeoMusic-Effect/ Colorpen/ Taiyang
2741088147,Snowblind (Znernicus Remix),Au5/ Tasha Baxter/ Znernicus
2741088146,Snowblind (modus & Agente.001 Remix),Au5/ Tasha Baxter/ Modus/ Agente.001
2741088734,Snowblind (Simulcats Remix),Au5/ Tasha Baxter/ Simulcats
2741088733,Snowblind (Kallyn Remix),Au5/ Tasha Baxter/ Kallyn
2741088139,Snowblind (Teminite & Nasko Remix),Au5/ Tasha Baxter/ Teminite/ Nasko
2741088725,Snowblind (Instrumental),Au5/ Tasha Baxter
2741088136,Snowblind (Nightcore),Au5/ Tasha Baxter
2726224629,You Tomorrow Tonight,OVRDSE/ Wolfpup
2739705768,Back To Life (feat. glasscat),NOTSOSW33T/ Kaptivate/ glasscat
2734602297,Perfectly Broken,Ecchoes/ Z84/ Nathan Brumley
2719794001,Stellar,TimZz
2739698626,Light Line,天幕Tiam/ CR_Twenty-six/ Napple/ Vultures Records
2739701220,梦旅歌,Napple/ Shaw_Tyan/ Vultures Records
2739698624,Find You In The Universe,RN11157/ Vultures Records
2739698623,Texture,Sandro Hill/ CeiBee/ Diporion/ KIRITo/ Vultures Records
2739698622,Lunar Eclipse,X-Dimension/ Vultures Records
2712670979,Dream To Be,LazyMario
2719794801,Born To Be Free,Lunastorm/ Mxnh
2712670987,With You,Hevian
2740671540,Obsession (EndTide Remix),EndTide/ Cobalt
2732414381,Memories,Azee/ Gryxx/ Natalie Major
2740516812,Infohazard (LHP Unicorn Remix),LHP Unicorn
2737927653,You,cmplete strngr
2736534048,Live Without Love,Strigi/ Malene Markussen
2737806486,Waste Of My Desire,SPIRIT LINK
2730538850,Designer Jeans,Fells/ RYYZN
2721663365,Lavafall,Adam Jasim/ Future Twist/ Mack Morrison
2737962547,Can't Get It Right,ALXNDER/ Emma Kate
2735975483,Wrong Side Of The World,shXdow./ Violyt
2732473588,Sky Is Falling,MitiS/ RUNN
2740894997,Worlds Away For The First Time (KAØS Mashup) feat. Dabin/ SLANDER/ Seven Lions,KAØS
2740894921,Golden x Island (SOUP Mashup) _ K-POP Demon Hunters - Seven Lions/ Wooli/ Trivecta,Soup
2740871561,MAD (OWTLET Remix),Owtlet
2740866101,Meet Again,Millient/ Eunsoo
2740864095,Refuge (INFRNO & KARMAXIS Remix),Infrno/ Karmaxis
2740836321,晚风予你 伴奏,Sean Ven
2740828742,晚风予你,Sean Ven
2736546350,Air (feat. Julia Michaels) [LAYZ Remix],Gryffin/ Excision/ LAYZ/ Julia Michaels
2736545384,Air (feat. Julia Michaels) [Calcium Remix],Gryffin/ Excision/ Calcium/ Julia Michaels
2736545380,Air (feat. Julia Michaels) [Heyz Remix],Gryffin/ Excision/ HEYZ/ Julia Michaels
2730970902,Hyperfocus,OBLVYN
2739862075,You,松哲x2 Sgz/ Persimmon Sound/ Snow Moon Records
2740563883,WantU2Go,CADMIUM/ Chenda
2740563923,Close to Closure,CADMIUM/ Awon/ Shawn O'donnell
2740508699,Seven Lions/ YDG/ Bella Renee - Man Down (RYN Remix),RYN
2740512137,Retraced (TimZz Remix),TimZz
2740511660,Destiny,Abandoned
2740498117,PASSION PIT - SLEEPYHEAD (AVELLO REMIX),AVELLO
2737785706,Bleach,FRUvian/ Lost_less/ RestarPlan Records
2735639164,Knight Week Anthem,Puppet
2735639163,Place To Place,Puppet
2735637901,Kawasaki Boy RE-AMP,Puppet/ Distant/ Noir
2735637899,Victory,Puppet/ Goodnight Osaka
2735637898,It's War,Puppet
2735639162,Penance,Puppet/ acloudyskye
2735637896,Fade With The Sun,Puppet/ N3WPORT
2735639161,Wish This Was Home,Puppet
2735639160,Left Handshake,Puppet
2735637893,Fangs,Puppet
2738521333,ELECTRIC LOVE,AVELLO
2733643799,Siren Sounds,Ember/ Lexi Scatena
2725789239,IYKYK,San Holo/ Amanda Joy
2740252037,夏日潜行（YHalone Remix）,YHalone
2740222591,I Wish My Mind Would Shut Up (Alibilan Remix),Alibilan
2740222577,I Wish My Mind Would Shut Up(Alibilan Remix┊Inst.],Alibilan
2708561520,End of Me,Shiah Maisel
2740193876,Falling North & Ehallz - Somebody Else x Lies You Keep (Karmaxis Mashup),Karmaxis
2740202669,Better Off Alone (feat. Anna-Sophia Henry) (The Sed Remix),The Sed/ Hidden Axis
2740202513,If Let The World,The Sed
2740196707,Demons.,The Sed
2740196609,Feel At Home,The Sed
2740197259,How To Let You Leave (feat. Sunnie Williams) (The Sed Remix),The Sed/ GhostDragon
2740139152,If We Ever Broke Up (Alibilan Remix)[Instrumental],Alibilan
2740140008,If We Ever Broke Up (Alibilan Remix),Alibilan
2740170095,Free x Anywhere (Johnny Chay Mashup) feat. Rumi/ Jinu/ SLANDER/ Au5,Johnny Chay
2740170212,Gurenge [Skynap Remix],Skynap
2740163514,In My Arms (PVRK Remix) - ILLENIUM feat. Hayla,pvrk
2740161756,Innerbloom x In my arms x Sideways (JIING mashup) feat. ILLENIUM/ Nurko/ RÜFÜS DU SOL/ MACHAKI,JIING/ ILLENIUM/ NURKO/ RÜFÜS DU SOL/ Machaki
2740145724,Afterlife x Divinity x Night Bloom x Collide (hyper. mashup) feat. ILLENIUM/ Echos/ Porter Robinson/ Dabin/ Blanke/ William Black,hyper.
2740110561,Free x Moments (RyAL Mashup Edit) - Hoang/ Mvse/ Rumi/ Jinu,RyAL
2724905550,ghostt (feat. xanashimi) (crowit. Remix),vai5000/ xanashimi/ crowit.
2612498027,Lose My Mind,Yonexx/ sad bells
2684013737,ALWAYS,Yonexx/ Dianna
2739837745,Underneath The Waves (feat. Monika Santucci) (The Sed Remix),The Sed/ Last Heroes/ Monika Santucci
2739838541,Ask I Mask,The Sed/ dreamr.
2737796493,Star：Collision,失落脉冲LostPulse/ RestarPlan Records
2739714540,Looking Up X Ur Alive (L0stLightle55 Mashup) - Hidden Axis/ Memory Thorn/ ILLENIUM,L0stLightle55
2739148413,Aurora极光,Beviteng Electron/ Snow Moon Records
2701762052,LIGHT THE WAY,Eternal Void
2680803288,Million Days (Eternal Void Remix),Eternal Void
2688751729,Abandoned-CIRCLES（Eternal Void remix）,Eternal Void
2734255684,Broken Wings,STRlighT/ W.raiNbow/ Echo-I/ Duezher
2739224186,Don't Let Me Fall,HEINEM/ sadie elisabeth
2734094003,Gift of soul,NVREXSTD
2738444150,Love the Thought of U (Aou Remix),DLSS/ Aou
2739054215,Mountain（Rllovx Remix）,Rllovx/ E7Zxy
2736953362,Start Again,Devin Riggins
2737801270,Rainbow,June-Official/ Soaring Records
2739034480,Dreadveil,JYOTIN/ Saw2Win
2699629221,Heavenly Me,AIYUE/ 理名/ 塞壬唱片-MSR
2699629222,Heavenly Me INST,AIYUE/ 理名/ 塞壬唱片-MSR
2700386313,Somniomancer [null set],塞壬唱片-MSR/ Crywolf
2729868319,Home,Balka/ Julianne
2734366387,Too Late For Love,High Altitudes
2723837227,Kamin(Q9 Remix),Q9
2738731278,Starlight,JYOTIN/ Saw2Win
2734080806,Another Brighter Day,Juvi Sky/ Nightcore
2734080807,Starlight (Nightcore),JYOTIN/ Nightcore
2730468464,Don't Go,Janho
2730500852,Left My Heart,Vanic
2723358446,Mariana,Moav
2728283398,Embers,L I F E / L I N E/ Bella Renee
2729175437,Call Out To The Moon,Gravas
2727847054,Think Of Me,Jaycez/ ThaiThai/ EM
2716893005,Forget,FRANZSAIJEM/ JB RICKY/ Malin Horsevik
2731345647,Dream,Xublime/ Outertone
2719798000,Take Me Wherever,Clrwtr/ Mitsucaster
2736154429,Break Through The Sky,Dante Levo/ Diana Inez/ KINDRED
2734162900,Calling You,SEPY/ Nahang
2733552947,Escape,Matt Baer
2731599375,Clouds,Neal Datta/ Novus/ KELIZA
2736057483,Here For U,Qanmi/ Q9/ 星尘纪之声
2734550584,We're The Dream,Worlds Apart/ Luminity/ Jaki Nelson
2732965465,Let You Go (feat. Micah Martin),Lineage/ Tigue Mckay/ Micah Martin
2736679854,Rise Again,LEUTHERO
2733261763,Strangers,JOSS/ Medyk
2652510251,For Way Too Long,Tendrix
2735365871,Through The Storm,SVNCTUARY
2722974778,ALL THAT REMAINS,Astrocyte/ Saiju
2723975999,GLASS CAGE,Astrocyte
2738540396,LYRAH - Nowhere Left To Run (EMBER Remix),Ember
2738542603,Back To U x Take You Home x Riptide (William Black x Slander x Trivecta x Jason Ross x MitiS x Amidy) CRSHOUT MASHUP,CRSHOUT
2738556731,NO BROKE BOYS (DIRT MONKEY FLIP),Dirt Monkey/ Disco Lines
2738536177,In My Arms (Danny Olson Cinematic Remix),Danny Olson
2721063674,This High(feat.Rayne),一只带羽毛的猛犸象
2698462713,Lights On（Feat.Harper),一只带羽毛的猛犸象
2734419587,Ur Alive(Remix),一只带羽毛的猛犸象
2735555228,Ur Alive (Unspoken Remix) [Instrumental],Unspoken
2735384415,Ur Alive (Unspoken Remix),Unspoken
2734202270,Rebirth,Metaphorese/ S4ER
2738231435,Golden - KPop Demon Hunters (MVSE Remix),MVSE
2738222348,Beautiful Creatures x Heavenly [Miscliqued Mashup] - ILLENIUM/ Said The Sky/ MAX,Miscliqued
2738207414,Snowblind (1AO Remix),One_and_Online
2697995323,EGO,DVS
2686646722,Let Me In (feat. Iodiine),DVS/ Iodiine
2668361056,All You Need Is Me,DVS
2664248787,My Days,DVS
2710373596,I Needed You (VIP),DVS
2718354835,Without You (feat. J8K),DVS/ J8k
2726644488,Lost In Your Crazy (feat. Berkken),DVS/ Berkken
2736281164,Deserve,DVS/ Outertone
2729094195,Infinite Power,Skyvak/ KELIZA
2731388302,Bound to Break,SadBois
2737917027,Scared to love you (slowed and reverb),WilliamHenRy
2737823389,GOLDEN (Echo Horizon Remix),Echo Horizon
2737815092,Holding On,The Sed
2737815495,Illuminate (NINC Remix) x Rise up x Another me (Echo Mashup) feat. Ace Aura/ Amidy/ NINC/ Seven Lions/ Excision/ Wooli/ Ganja White Night,Echo/ Ace Aura/ AMIDY/ Seven Lions/ Excision/ Wooli/ Ganja White Night/ NINC
2737748307,Genetic code,ALLRAING_G子橙
2737802464,Black Parade (ELUSID Mashup) feat. Adele/ My Chemical Romance/ Abandoned/ Wooli/ Trivecta/ ILLENIUM/ SLANDER,ELUSID
2737795668,Runaway Love,The Sed
2737796572,Life The Sad Songs,The Sed
2737796564,Incredible (The Sed Remix) - Bumpÿ,The Sed/ Bumpÿ
2724777783,Look To The Sky,Mazaa
2733386931,Again,Rezzaie
2736671573,Sex On Fire (FIXION REMIX),FIXION
2737538924,PinkPantheress - Illegal (JONJEN Remix),JONJEN
2737469242,Where Dreams Begin,Sean Ven
2737487529,In My Arms (Bumpÿ Remix) - ILLENIUM feat. Halya,Bumpÿ
2737278776,灰白色(R3d Cat Remix),R3d Cat
2737485010,爱你 (Bumpÿ & ÿqmud Remix),Bumpÿ
2733291760,Smoke Filled Room (feat. Rubicini),Lucas Larvenz/ Rubicini
2727830089,All I knew was you,Bli5s
2736519162,Whole Again,Illusio
2731345653,Last Stand,LOST3N/ Outertone
2731224719,Nostalgia,Rameses B
2731224057,Beyond the Veil,Rameses B
2714998342,Lifetime,Manahi
2731313663,Hide (VIP Mix),Urbanstep
2730882941,Fold,OMAS/ Eda Lovelace
2737025144,Well I Guess You Chang,Flame3721
2737056483,Au5-Snowblind（Memorize-X Remix）,Memorize-X
2736250107,U Stolen My Heart,Beviteng Electron
2736987180,Sea Of Voices & The Fall (Alibilan Mashup),Alibilan
2736991257,Shelter & 11:11 (Alibilan Mashup),Alibilan
2736946623,Au5-Snowblind (Taiyang Remix),Taiyang
2736918332,Famous (Remix),Rllovx
2734843952,Shelter (R7CKY 25 FLIP),R7CKY
2735560394,Forgotten Time (1),Philip jennings
2736508040,Back To You,Illusio
2733829712,Only You (MiSFiT Remix),JazzaDogga/ MiSFiT
2736460541,I Thought I Lost You,Aurora Sky
2735438045,Helium,The Chainsmokers/ Anna Sofia
2735832825,Bugs (LeoMusic-Effect & _Warpcore_ Remix),LeoMusic-Effect/ _Warpcore_
2736620437,Taylor Swift/ Nurko/ Kaidro/ Slander/ Wooli/ Trivecta/ Seven Lions/ MashBit - WILDEST DREAMS (ELUSID MASHUP),ELUSID/ NURKO/ Kaidro/ SLANDER/ Wooli/ Trivecta/ Seven Lions/ Mashbit
2736608964,ILLENIUM/ Muyoi/ Pezzi/ Kompany/ Trivecta/ Wooli - Free Falling 一点 (L0stLightle55 Mashup),L0stLightle55
2736556651,Calcium/ Wooli/ RL Grime/ Flowryan/ HUNTR_X - In Your Head x Restraint x How It's Done (MYNN EDIT),Mynn
2719774895,Bleed out on the way,Crystalcore
2719774892,Sin Miedo,Rigel
2732501235,Dystopia,Mayhue
2735429074,Lights,Kronus
2725533692,Say You'll Stay,Hidden Technique/ KVROT
2731195377,Save Yourself,Dani Demand
2734266160,Whiskey Don't Fix (feat. Sarina Haggarty) (jav3x Remix),jav3x/ Sarina Haggarty
2725962783,Light,OUTSHADES/ ZI:AE/ Owtlet
2730882952,Levels,Vastive
2730885592,Skin,Vastive
2730882950,I Know.,Vastive
2728622448,DON'T U,Jon Casey
2734243553,Supposed To Be,SPIRIT LINK
2733380209,Framboise,Dimatis
2726167456,Synchronize (Jayden Carr Remix),King of None/ Jayden Carr
2733440798,Lose You Again,3thos/ Medyk
2728394058,Silent And Grey,Stay In The Light/ Mystiglow
2702615304,At the Afterlife,LazyMario
2709431622,Surrender,Philip Anticca/ DMNK
2726016942,Secrets,PatFromLastYear/ Brennan
2714107053,Give Up The Ghost (feat. Ziv Shalev),Brock B/ Ziv Shalev
2731313490,Trauma,Abov/ Elle Vee
2731216273,Better Than Me,Elephante/ TWLGHT
2735363668,Sweet Dreams (feat. CASS),Tarrow/ CASS
2730616519,Somebody I Knew,JONJEN/ Kendro/ Meggie York
2731552695,Same High (feat. Trella),SABAI/ Trella
2724389254,Wish I Had You,KOIH/ Jack The Underdog
2736175537,Monster,William Black/ baby blue
2714684693,KATSEYE - GNARLY [TIFFVNYJOY REMIX],TIFFVNYJOY/ KATSEYE
2736237351,Natural Light & Sth Different (Alibilan Mashup),Alibilan
2725239194,Emotions,SkvlKat/ EvryFlare
2704025129,Sentry,Sound Project
2682901761,Pengemis Cinta pt.2,Ry/ Ghea Anggraini
2736243970,CAN you BELIEVE in the VOLTAGE [TWLGHT EDIT],TWLGHT/ Paper Skies
2721937573,On My Own,Christophe Martineau
2716761324,Still Not Love,Vinke
2716758811,Rise Without You,Vinke
2716761323,Not Love,Vinke
2716761322,I Make My Own Now,Vinke
2716761321,No Way Back,Vinke
2716758810,Echoes Don’t Lie,Vinke
2716761319,Faded Signals,Vinke
2716761318,Done Waiting,Vinke
2716761317,Celestial Scars,Vinke
2716761316,Ashes and Armor,Vinke
2727141264,What You Do,Jaenga
2727141262,Love Will Stay,Jaenga
2727141263,Safe and Sound,Jaenga
2725823332,In Your Eyes 2.0,Tim Dian/ DIANIDI/ vibessdeep
2707604760,All Good Things End,Fernweh
2707605279,One More Time,Fernweh
2707604759,Back To Life,Fernweh
2707605278,Love Is Not Fair,Fernweh
2707604757,Get To My Head,Fernweh
2707604756,Unforgettable,Fernweh
2707605277,Hard To See,Fernweh
2707604758,Can't Save Us,Fernweh
2701032882,Without You,Attack Attack!
2665821161,What We Search for,Phil Dott
2667088642,Mind of Wander,Phil Dott
2675309786,Why Do I?,Phil Dott
2728294240,Forever's Ours,Phil Dott
2701779568,I Saw Your Call,Phil Dott
2712619263,Believing,God's Warrior
2701333876,You & I,Aphelios
2726206391,Heal Me,Aphelios
2735831771,Lifeline（Memorize-X Bootleg）,Memorize-X
2735854519,NO TITLE,learnZmore
2735862331,Dabin、Kai Wachi、Vanic、Vastive - Hollow x GET DOWN (IONIKA Edit) 217,ionika/ Dabin/ DABIN/ Kai Wachi/ Vanic/ Vastive/ Dabin/ Dabin/ Dabin.kr
2735857668,In My Arms (Wooli Remix) x STRANGERS (Viridian Mashup),Viridian
2735857309,Excision、ILLENIUM、Dabin、Kai Wachi、G Jones - Gold (Stupid Love) x Hollow x In Your Head (ILLENIUM Edit Remake) 126,ionika
2735857552,IN MY ARMS THICCBOI MEGA MASHUP,THICCBOI/ ILLENIUM/ Gryffin/ Gryffin & Illenium/ Wooli/ Excision/ Seven Lions/ Kompany/ Kompany/ KOMPANY/ Julia Michaels
2716195576,Drunk On You,Napoleon Majoran/ Whittzy
2726478713,Mecha Turbo III,Mikesh!ft/ Chime
2726478711,Scary Pretty Paradox,7KY/ Chime
2726478712,Control,Allegra Miles/ Chime
2726479256,Between,Chime
2696606609,Lost My Love,WARDWAY
2735542198,Two Friends ft. Corbyn Besson - No One Else (SYSTEM KIDS Remix),SYSTEM KIDS
2729192934,BACK 2 U,Phocust/ The Living Proof
2735230128,ForEver Scarlet Sparkle,东明
2735231749,Theft of Colour,Epic233
2731583316,Mistakes [Slowed + Reverb],Stardust/ whoamidesu/ Noken/ Slowed Star
2731583333,Deeping Fall [Sped Up],Stardust/ RBF/ 黄文鹤/ Nightcore Star
2731582778,Crystal Fallin' [Sped Up],Stardust/ No-One CN/ Nightcore Star
2727842894,超级专注,MiraclE/ Ceru_/ Mestie
2735085593,3.3,Frequensphere
2734256698,留存在时间里(instrument),Hoper-Z/ South.Rcrds
2668422539,Still Alive,EU4YX
2674279828,Without Your Love,EU4YX
2705152815,Take My Hand,EU4YX
2719967299,Moment,Odxttx
2706232295,Stargazing,MAVRYK
2734285821,You Don't Know Why (Feat.QIANTING SCA),Sherry Yi/ 沉林镜月/ QIANTING SCA/ SKYLINE-counter/ MING Records
2734285818,Feels The Way I Feel,LyxB/ MING Records
2734286782,After Worlds,Luminous Sky/ MING Records
2734285816,Stream Of Memory,KRENA/ staringrox/ MING Records
2734256697,留存在时间里,Hoper-Z/ South.Rcrds
2734367122,I Still Love You,Solemn
2734165089,诀爱 x 放下 x In My Mind (Mashup）,Laughing
2734283187,邂逅,Sean Ven
2711684184,Golden Girl (WINSKI Remix),Imogen Valentine
2666963428,Forever,Sora Jae/ Soulr
2671199352,You Were Never Mine,Sora Jae/ Faith Haven
2701773963,Haunted,Sora Jae
2720701686,Monster,Sora Jae
2720701685,Truth,Sora Jae
2720706266,Hold On,Sora Jae
2720701684,Only One,Sora Jae
2705757484,Dream,Sora Jae
2698382468,Just Want You,Sora Jae
2726428852,Don't Go,Korezz
2726010313,Sky Is Limit (Where We Belong),Fing/ NA/SU
2726009696,1in2.4e9,Fing/ orznano
2668086599,Growing,Fing/ 燐
2731541010,all my love,kohta
2728597653,213,Disphing
2728026174,Jasmine,INZO/ Blookah
2728025289,Bad Timing (So Sorry),INZO/ Blookah/ ALIGN/ Lhasa Petik
2728025288,World Is Yours,INZO/ Blookah/ ProbCause
2728025287,Lights Off,INZO/ Blookah
2728025286,Zephyr,INZO/ Blookah
2728026173,Felt Like This,INZO/ Blookah
2728025285,Bells,INZO/ Blookah
2728026171,Good Signs,INZO/ Blookah
2731224931,Only Wanted,Bliss2K/ Breakkr/ DataKidd
2731225266,Love Redemption,CloudNinja
2723582848,Battery Death,Ninajirachi
2730593107,Make Your Move (Zardonic Remix),YELLOCK/ Zardonic
2733892142,像流星一样相恋,马泉泉/ Brik
2733892150,心撞,尾巴Viola/ Zean
2733892147,风与恋,路有依/ Tribbec
2733892146,夜邑之诗,郑钧尹/ YuChan林玉蝉/ 翟越
2733892145,每时每刻,刘佳宜Snow/ Yinger Liam
2730304843,Supernatural At Heart,Nightcore/ Ann!hilate
2731349225,Dream About You,Arch/ Shivers/ Elvya
2726798714,Revival,Rival/ Philip Strand
2731542546,drift,c8o/ Haiku
2709431729,You and I,Dankidz
2729660480,Back Home,Brennan Wolf/ Casey Cook
2712672217,Stay,Hevian
2726851183,Eternity,Blue Violets/ Hannah Gracelynn
2727128574,Love Is Confusing,Nick Wynn
2732113795,VISIONS (Taylor Kade Remix),Easton/ Taylor Kade
2724602293,Robots On Camels,Duke Gray/ Rjay
2726045884,Give It To You,ITSKI/ Donna Tella
2734100630,Ultra-Space Shuttle,Nick1121/ Pt_oxide
2732559817,Float,ZrcQZ
2731564870,Stellar (Vorstell Remix),MAXTAGE/ Rousyverse
2729195226,The Great Deception,Celestial Void
2727798959,Initiate,Woyfer
2724622626,Codependent,Twomuch
2724621696,What Is Real,Twomuch
2724621697,Stronger Now (feat. Elisia),Twomuch/ ELISIA
2726130863,My Home,Chassi/ Bella Renee
2730760807,LAST TIME,SaidEnough
2717365089,Need You,洛岑
2731540196,Ordinary,Adventure Club
2727120546,Answers to Goodbye,Elude/ JOSS/ Lexi Scatena
2715197816,You & I,RALYFF/ Atro_Bex
2730953835,Stay,Napple/ 签字匕_SigBlade/ DreamRecD
2726475662,Nebula,Soar/ Beatcore
2728293763,Halos,Cloudy Parallels
2733002680,Where Have You Gone,LHP Unicorn
2702615294,By My Side,Bllaine/ Ayala/ Sonja Marie
2725708908,For The Best,Mynn/ RUNN
2733913458,STARLIGHT,KLAXX/ yetep/ Aviella
2734081938,It's Obvious,L3NRT/ Destiny Hooks
2733310687,Determination,E7Zxy
2731037250,Chasing,MSDK
2731035874,Still With Me,MSDK
2731035873,If This Was Forever,MSDK
2731035872,Fading Light,MSDK
2728051947,North Star,MSDK
2676645690,Deeper Than a Moment,PRSEPHNE
2664964894,In The Water,Where We Go/ jaixj
2714947096,White Lies (feat. Prsephne),Where We Go/ PRSEPHNE
2706306994,Madness and Magic,Drayta
2667404139,Unbreakable,Kaister
2712103944,Take Us Home,Kaister
2727108824,Time to Live,Dashiin
2714046834,Be Yourself,Djdvd
2729012065,Luminescent,Djdvd
2725444150,All That Matters,Robbie Rosen/ Coffeeshop
2734061851,Good Neighbours - Keep It Up (Conrad. Remix),Conrad
2734061852,Good Neighbours - Keep It Up (Conrad. Remix) [extended],Conrad
2733980514,REVERIE X COLOR$ (NoEmpathy Mashup),NoEmpathy
2733669697,Waning,Rocketman/ Everheart
2733669695,Break,Rocketman/ Everheart
2733668825,[can't] Sleep,Rocketman/ Everheart
2733832596,屿 Island (demo),TaK-Vin
2732276882,Let You Go (LHP Unicorn Remix),LHP Unicorn
2728800741,In Front of Me,Serah/ LLOVSA
2733310653,In My Arms (L3NRT Remix),L3NRT
2733669696,Moonlight,Rocketman/ Everheart
2733614731,JVKE-golden hour（3flower remix）,3flower_葵
2730239304,PANDORA,David Win
2732694118,Closer,Evine
2730987693,Alive,Veena/ 成晞 CHANCE
2716909681,Until the End (feat. Wendy Lucas) [Philip Anticca Remix],Alchenive/ DMNK/ Philip Anticca/ Wendy Lucas
2729005126,Close (Andrew Campbell Remix),Supersnake/ Andrew Campbell/ Outertone
2729007948,Heart Goes (Audyssey Remix),KRLYK/ Audyssey/ Outertone
2729005121,Heart Goes (Reptythm Remix),KRLYK/ Reptythm/ Outertone
2729007943,Stand A Chance (Z84 & FLeo Remix),Ann!hilate/ Z84/ Fléo/ Outertone
2725974374,2030 (feat. Alarc/ Morva & Destiny Hooks) (Slowed + Reverb),SIZELAND/ Alarc/ Morva/ Destiny Hooks
2725974897,Fate (feat. Rareno) (Slowed + Reverb),SIZELAND/ Rareno
2732934825,Firework Eyes,Excision/ Sullivan King
2721442386,Memories Of You,Aye Bay/ Jazara
2721442387,Freefall,Aye Bay/ Meggie York
2733484324,In the Dark,Enoch
2695626473,Better Now (feat. Casey Cook) (Morva Remix),Morva
2733310966,Like Fire (RIZIS Wan Remix),RIZIS Wan
2733310659,IN MY ARMS (LUMINATE REMIX),Luminate
2733313303,How To Say Goodbye (Tendrix Remix),Tendrix
2733313292,In My Arms (Arnhemia Remix),ARNHEMIA
2733308898,On My Darkest,Luminate/ Eternal/ Daye
2733311171,Free (Somna Remix),Somna
2733310882,Golden (MAZAA Remix),Mazaa
2733313345,In My Arms (Ryuklear Remix),Ryuklear
2733311461,Break For You (Spear & Bongwoo Remix),Spear/ Bongwoo
2733313162,Pretend You're Mine (Spear Remix),Spear
2733311768,Munch (Feelin' U) (All Bright 'All Or Nothing' Edit),All Bright
2733311770,Munch (Feelin' U) (All Bright 'All Or Nothing' Edit) (Intro Edit),All Bright
2732128316,Why You Love Me,_Warpcore_/ 漩涡唱片丨Vortexn Records
2731583315,Hollow [Sped Up],Stardust/ Danzzle/ Wolfpup/ Tweellve/ Nightcore Star
2731583338,You & Me Stargazing [Sped Up],Stardust/ zjaxu/ Nightcore Star
2733126662,Polygon Dust & I Love U (Alibilan Mashup),Alibilan
2732847384,Letting Me Down,Serein/ Sean Ven
2733058978,How To Say Goodbye (Atomic Remix),Atomic
2715118379,Like Fire (L3NRT Remix),L3NRT
2698532242,Out Of Your Control,ampir3/ L3NRT/ Sarah Anglionin
2652661383,Are You Listening Now,L3NRT/ Leon Ellus/ Averlie
2733037853,Ur Alive (L3NRT Remix) - ILLENIUM feat. WYLDE,L3NRT
2731366990,夏日潜行,塞壬唱片-MSR/ 大和
2725974601,Fate (feat. Rareno) (Sped Up),SIZELAND/ Rareno
2725974669,2030 (feat. Alarc/ Morva & Destiny Hooks) (Sped Up),SIZELAND/ Alarc/ Morva/ Destiny Hooks
2679859287,日光漫游,Charlin/ 猫吉moji
2669094998,曙光,Sincere
2669094996,于你,Charlin/ 猫吉moji
2663512362,打 上 花 火 (楊天宮 リミックス),杨天宫
2689140602,Touch Me,SCREAM-YUANYE
2689140601,Polar Night 极夜,SCREAM-YUANYE
2689142272,遇见你,DJJonathan
2689142271,影子,杨天宫
2720752338,Stars,Kaisa/ N3bula Aura
2720749796,星夜告白,Charlin/ 猫吉moji
2720749795,泪痕,杨天宫
2731089569,YEARN FOR,URVØXYK
2698779136,The Wind (VIP Mix),URVØXYK/ Void&Chaos
2699333363,A$AP Rocky - LVL (Vodenik Remix),Vodenik
2671977182,Where Have You Gone,UNNEVN/ 3cho
2732701642,Collapsing Star,Speraymer
2732751271,Flicker (Mat Zo Remix) & I Hope You...(Mashup),Alibilan
2722117535,this time - audiokid/ loveywill,AudioKid/ loveywill
2730223104,Stay (Andy.w remix）,Andy.w
2689700119,Glitching Memories,Nick1121/ KyuuAme
2712732200,Violet in Rainstorm,Nick1121
2708984285,Stay With Me,FLUXON/ Qanmi
2730388425,Pedestrian under Radiation,宝安中学E-Music电子音乐社团/ ConfidentB
2730387267,Timeless,宝安中学E-Music电子音乐社团/ Efrain Hedden
2730382786,High Voltage!!!,宝安中学E-Music电子音乐社团/ Horrible Kid
2732553432,Falling in love,Akmmer
2730256963,I'll Be There,JYXthree9
2690986523,A Life Damn Worth Living,Brainheart/ Tommy Marra
2657615435,Living In My Headphones (feat. Michael Shynes),Brainheart/ Michael Shynes
2727190427,How Do I Buy My Way Out? (melodic bass edit),JackTheTripper
2726010075,Manasilum Pookkaalam - Melodic Bass Mix,The Independeners/ Sachin Warrier
2708511206,DJ Okawari-Lightning Moment（Melodic dubstep version）（GaThAi_yUnO remix）,GaThAi_yUnO
2699919166,ZOKZOK (Bourbon Melodic dubstep bootleg),Bourbon HC
2730256110,RH!ZOME≈,Yogurit
2730256107,Demons,浩林Hali/ Qanmi
2732349497,leave you behind,W.raiNbow
2725138757,Far Away,Phero
2728600831,CRANK,ZEXSING
2727159103,just4u,urboi./ xHEIDIx
2732246174,My Style,Gamma Centauri
2732346000,Summer release,Rllovx
2722354235,THROW YA HANDZ UP,Control Freak
2727963891,Broken Stars,Brock B
2723992333,High Altar,RIOT
2732243919,Porter Robinson、Dabin、nioko - Everything Goes On x Photograghs (Patrick Lai Mashup),Patrick Lai/ Porter Robinson/ Dabin/ Dabin/ Dabin/ DABIN/ Nioko
2732083946,Imprints (feat. RUNN) (Atomic Remix),Atomic
2730245974,Feel Alive,aurial/ Drown in Silence
2731574066,iwannaliveinadream,Alison Wonderland
2721659624,We Ain't Kids No More (feat. Kyle Ivan),Amyte/ Kyle Ivan
2721660588,Like I Do,Amyte
2721660587,Broken Promises (feat. Pascal Viens),Amyte/ Pascal Viens
2721659623,Dial Tone,Amyte
2728873881,Too Far Gone,STFFYN
2731238811,Take Me Away,St. Mary/ Misdom
2728187884,聖都,樂氻乐/ RESOLVERS
2728186138,NothingNESS,MortDollis/ RESOLVERS
2728186140,ReviveR II,IMXZ/ RESOLVERS
2728187890,Re：Alost,waitor/ RESOLVERS
2728187889,Hot Winter,CeRa/ RESOLVERS
2727908660,luv poem 4 u,axlom_/ PhantomBlind/ SADRECORDS
2724804583,who's laughing now? (feat. Filip Burman),Marek/ Filip Burman
2722239374,Break My Soul,Sublab/ Teneki
2730124354,impulse,Whitelines
2725827215,War,Vastive
2725622144,You Just Wanna,Ann!hilate/ Outertone
2721262697,dont_give_up,Animadrop
2721263318,all_the_same,Animadrop
2721263317,tyranny_falls,Animadrop
2721263316,all_is_temporary,Animadrop
2725986821,Carry On,CrossXCrown/ Ronck
2727162479,don't need u,OBLVYN
2725504235,YOU,Ayrn
2726981005,Anagram (feat. ESAI/ ねねるねる (CV:苺りなはむ)/ 八波零音 (CV:yAmmy) & 叶ヒカリ (CV:ぁぃぁぃ)) [Instrumental],東京電脳/ 電音部/ ESAI/ ねねるねる(CV:苺りなはむ)/ 八波零音(CV:yAmmy)/ 叶ヒカリ(CV:ぁぃぁぃ)/ Pure 100%
2726981710,Anagram (feat. ESAI/ ねねるねる (CV:苺りなはむ)/ 八波零音 (CV:yAmmy) & 叶ヒカリ (CV:ぁぃぁぃ)),東京電脳/ 電音部/ ESAI/ ねねるねる(CV:苺りなはむ)/ 八波零音(CV:yAmmy)/ 叶ヒカリ(CV:ぁぃぁぃ)/ Pure 100%
2681341872,Escape,Dylan Presko/ Madison Pais
2727731030,Stargazing,Dylan Presko
2727731029,Cinematic,Dylan Presko/ Krystal Moon
2727731028,Eyes Wide Shut,Dylan Presko
2727733579,Take Us Home,Dylan Presko
2727733577,Hold Me,Dylan Presko
2729067382,Looking The Clouds,Kenshii/ Mxnh
2727731025,You Don't Want Me,Dylan Presko
2717364482,Way Back Home,RINY
2727733575,Never Enough,Dylan Presko
2726195345,Jamie All Over,Valorian/ Dolan Hollywood/ Jack Putnam
2727733574,Medicine,Dylan Presko/ Red Luna
2727733573,December,Dylan Presko
2719936957,Supernova,Synymata/ Cherry
2717365940,Escape,No-One CN/ 梦魇小z
2727731026,I'll Be Fine,Dylan Presko
2721903607,Heavenly,Said The Sky/ Parson James
2721557364,Mirrors (feat. Eric Dale),Outside Line/ Eric Dale
2727127815,Feel About You,JOVINCII/ Gryxx
2692963760,Finally Home,Noah Martn/ Renowned Days/ Jaime Deraz
2715207028,Words,Spear
2727169635,Chains,DRECHO
2719465444,Pull Me Under,Medusa Cascade
2717111984,Oh I Know (Dubstep Remix),Eliza May
2730416933,frozen raindrop,Memorize-X
2701180723,Weight Of The World,Memorize-X
2669776509,Ming-Sparkle（Remix）（Memorize-X / Ming remix）,Memorize-X/ Ming
2692015372,how2fly (W2 Flip),W2
2731276906,Drunk (Xuinn & Eunoia Remix),Xuinn/ Eunoia/ Dayseeker
2731278448,William Black/ Fairlane/ T W I C E - Basics x Butterflies (Vellum Edit),Vellum
2731278438,Lockbox/ B T S - Euphoria x Not Alone (Johnny Chay Mashup),Johnny Chay
2726914787,Connect,干ししいたけ/ 重音テト
2728023046,Constellation,Nirzu
2720174095,all that you want from me,Hayvain/ Hunter Nelson
2726263461,Orchid,Aquath
2728890310,声,Sol/ Wood Cherry
2730829771,I'll Be There,June Valley
2725554453,Walls,Subceptron/ Avia
2731014010,BUNT. - Lose It All (ELUSID Remix),ELUSID
2730421564,Heart Still Heating,Memorize-X
2730416911,Wyrd,Memorize-X
2730871635,Millennial Love,Cherney
2730839557,旷野星芒（Speraymer Remix）,Speraymer/ Sean Ven
2720052891,I'm Happy For You (feat. Pascal Viens),Amyte/ Pascal Viens
2702984861,Missing Summer (UNNEVN Remix),3cho/ UNNEVN
2730742779,Crimson Cataclysm,JYOTIN/ Saw2Win
2724769782,Glowing,YtHeR/ Arantha L./ YueHeng
2724769781,失去你,KOSHM/ YueHeng/ Geist_盖斯特·GT/ Arantha L./ Aspire Sound
2724769780,Tell Me Your Name,MarTides
2724771460,Coming Down,Carry/ 華子HANAKO
2724769779,Stargazing,WilliamHenRy
2726209537,kill me for always (hpeirtaz & som3b0dy Reimagination) [instrumental],som3b0dy
2719534870,I Don't Wanna Wait,Squired
2730298964,Leave Just Yet,Lunr!
2730277657,Alive x Make Up Tonight x Flames x Bloom (Karmaxis Mashup) ft Sadbois & Bumpÿ,Karmaxis
2730277735,Golden (SadBois Edit),SadBois
2730030995,Falling Into Light,Sean Ven
2728562726,失眠后记,李昊天VastSky
2730212404,I See You (shXdow. Remix),shXdow./ Dabin/ NURKO/ Skylar Grey
2702759218,Love In Color,Deku
2729341981,If I Could,Agitation Element/ MING Records
2702760408,Unbreakable,Raphael Leto
2726223704,Make Things Right,SVNCTUARY
2729954381,Your Golden Life,Sean Ven/ 燈璃
2728405250,Never,Dopamine/ 里安/ SouthernLion南狮电音/ 格莱美汇/ Taisheng Music
2670106977,TruE (feat. Naocy Nao),Lunr!/ Naocy Nao
2707471721,Near,Lunr!/ Zephyra A. Voilx
2721045537,Lit My Way (feat. Naocy Nao),Lunr!/ Naocy Nao
2712276896,Savior (Louv Remix),Luthfi Syach/ Elvya/ Louv
2712276897,Savior (Lunr! Remix),Luthfi Syach/ Elvya/ Lunr!
2703692003,Fall Apart,FIGMVNT
2689695208,Let It Break,FLYMODE
2684683940,Pride Aside,Vince Blais/ FUTURE MAGIC
2708017674,fallin4u (remix),KARE/ J Rotta
2728800922,Time With You,DIMFASTER
2728903593,San Holo/SLANDER/Julia Church - Broken Hearted (crydle flip),crydle
2726239448,ENERGY,SpaceYeti
2722168518,I Am,干ししいたけ/ Mitsucaster
2729415700,Lil Uzi Vert - 20 Min (SAINT MILLER Flip),Saint Miller
2729326135,Sad Machine & Solo Mission (Alibilan Mashup),Alibilan
2723967891,Talk About It,Dinura Omash/ Brianna Luise
2723965048,Heartbreaker,Elevate Me Later
2729098332,You & i,Clear Sky/ ALisa
2716016978,ONLY HUMAN,KVN
2723896203,Metamorphosis,Alex Kade/ Hashon/ Mikara
2670992927,Eyelight,Alex Kade
2723893456,Have It All,Alex Kade
2723896201,By Your Side,Alex Kade/ Kolture
2723893455,Mother Tongue (Alex's Version),Alex Kade
2686856795,Our Story,Alex Kade/ Cvss
2723896204,Got Me Frozen,Alex Kade
2719436512,Left Behind,Soul-SoulFromTheStars
2717873834,down 2 earth,Charlie Hardt
2719798578,Wait for You,Arhard/ Shadow Knockers/ Scarlett
2724728396,No One's Left,Bluestar
2726398771,Go On,BoySam/ Astronic
2724355495,Your Experience of Me,Nicky Saturn
2702615295,Let It Out,Matt Baer
2702616156,My Everything,Matt Baer
2713874903,In My Feelings,Bandlez/ TWO KIND
2721618597,You Left (feat. Luminity & Diana Inez),Dante Levo/ Luminity/ Diana Inez
2725923536,All Good! (Kaptivate Remix),ThinkFishTank/ Unique Unknown/ Kaptivate
2722357805,Young Again,Just James/ Mary Sweet
2721246268,You're Mine,Ray Le Fanue
2720937422,FANTASY,Hex Cougar
2726137785,Drowning,TWO KIND/ Haymakers
2726137784,False Future,TWO KIND/ Mug
2726137782,Polychrome,TWO KIND
2719642176,The Fall (VVN Remix),King of None/ VVN
2702759493,Alone,Hevian
2716400754,Fall In Love,SPIRIT LINK/ Whallex
2728530807,Pretend You're Mine,Culture Code
2716373050,Last Resort,Owtlet
2724394090,Fallen Angel,Hidden Axis/ Wisner
2714221567,Burial,STAR SEED/ Kozmoz/ Suave
2728854982,Take Me Down (feat. Casey Cook),yetep/ if found
2723924726,Butterflies,Aaron Shirk/ Isaac Warburton
2725524175,I don't love you anymore,4sia/ Lexdez/ Lawrence Angele
2725700082,Livin on the Pray,Yllow
2720286330,Escape (feat. Lilly Ahlberg),Jason Ross/ Trivecta/ Last Heroes/ Lilly Ahlberg
2725792186,All I've Got Left,Azee/ Otto Palmborg
2717494126,Snowblind (VIP),Au5/ Tasha Baxter
2713841299,Echoes,Sonic Journey/ La Pamela
2684442097,All I Knew,EndTide
2726210400,kill me for always (hpeirtaz & som3b0dy Reimagination),som3b0dy
2728427273,Divinity & Riptide (Alibilan Mashup),Alibilan
2728902848,Island (kaz & AKUNA Mashup),Kaz/ Seven Lions/ Wooli/ Trivecta/ ROY KNOX/ Sullivan King/ Ray Volpe/ Vastive/ AKUNA
2728901591,Back To You (with All Time Low) (DRECHO Remix),DRECHO
2728770155,Journey,HEINEM
2727159443,Imagination,Amver/ RUNN
2727495156,3vaporate,五个字神人
2728439555,Happy Now,CADMIUM/ Snails/ Ben Provencial
2727944898,光尘：琉璃,五个字神人
2719797986,Adore U,Arniszt
2718450421,Andromeda,Asura Ghai
2718652260,Remind Me,Caslow/ JOSS/ Donna Tella
2700970135,Let Her Go,Renn
2728131955,In Silence,Iluniev
2728052068,In The Stars (Culture Code Remix),Culture Code
2701250657,LETTING GO!!!!!!,San Holo
2701252466,CLOSE YOUR EYES,San Holo
2701252467,AN INTRODUCTION TO WHOLESOME RIDDIM,San Holo/ Underbelly
2719904356,Let Me Stay,Kanro/ Moon Jelly
2719904355,New World,Kanro
2725500353,Last Chance,ColBreakz
2727012453,Endless Love,FIGMVNT
2679219768,As the Seasons Change,Kiru
2700322106,The End,Alpha Moses/ Lonnie
2717260941,Let Go,Serenix
2716868089,Falling into You,Greenice
2714545818,Break My Heart,AI7LIY3
2724197154,うわー、うわー、辛すぎる,萧石零
2724192629,Whiskey Get Some?,萧石零
2696839462,Voyage,萧石零
2715686940,Breakdown,Ryan Nevis/ RIZ LA VIE
2719552010,Parachute,Swirlx
2727296164,Scared to love you,WilliamHenRy
2702759529,Broken (feat. Anthony Meyer),Kynez/ Anthony Meyer
2721540930,Like That,Future Black
2723842389,Carry You Again,Solemn
2726810831,Pray （TSAR / 奏Sou remix）,TSAR/ 奏Sou
2721967616,reach for the sky ⋆⁺₊✧,Splitter/ RunThis/ SuperZrussell
2703765547,RISE,Philip Anticca/ eesmal
2725932134,Forever,Hazky/ Wood Cherry
2723026311,spectre,Whitelines
2712732624,Static,Danzzle/ AM!
2702760428,Watch Me Glow,EndTide
2722143369,Rise,eesmal/ Philip Anticca/ Nightcore
2712063529,Never Let U Go,The Ascendant
2714045003,Pieces,Twomuch
2702368763,Frozen (Nikolas K Remix),18th Avenue/ Nikolas K
2723914594,Eternal Summer,Kris Main/ SUNHO
2699113179,Think of You,Kamas/ NVREXSTD
2723789200,Never Look Back (feat. Monika Santucci),SPIRIT LINK/ Monika Santucci
2724621983,Be Like That,Truth Is/ Branquis/ Outertone
2719588569,Reach The Light,RayJhin/ LEA
2719579569,Whiskey Nights,Lockbox/ Josh Sellers
2718771687,In My Mind (feat. Casey Cook),Vanic/ Casey Cook
2724139739,镌刻 (Yogurit Remix),DreamRecD/ Echo-I/ Yogurit/ 江传阳ZOG/ 星尘纪之声
2718918512,Love Left (SVNCTUARY Remix),Bllaine/ SVNCTUARY/ Jaime Deraz
2718918513,Love Left (Kenny Pham Remix),Bllaine/ Kenny Pham/ Jaime Deraz
2718919203,Love Left (H3RØ Remix),Bllaine/ H3RØ/ Jaime Deraz
2718919204,Love Left (Subceptron Remix),Bllaine/ Subceptron/ Jaime Deraz
2718919202,Love Left (RIZIS Wan Remix),Bllaine/ RIZIS Wan/ Jaime Deraz
2717070601,How It Feels,Blanke/ Linney
2721577882,Savior,Lost Ashes/ SLICA/ Jazara
2718335270,Never Going Back Again,Coakley
2695610492,Strangers/ Again (Hsynth Remix),Hsynth/ Androyce
2711441844,Other Side (feat. Krysta Youngs),RUSTY/ Krysta Youngs
2680819778,Out Of My Head,Janho
2697539775,You Wish,Janho
2713032889,Falling In Love,Janho
2713880027,you and i,Hsynth
2720547408,Out Of Me,Hsynth/ Anissia & Nixote
2660173849,HATE IT BUT I LOVE IT,Rax
2713517451,Fire with Fire,Steve Bucks
2722410288,Stargazing,John Orchard
2701309679,Vessel,Leigh Bae
2708284763,Only You,Leigh Bae
2690448881,written in the stars,Matt Scuti
2717069767,Circles,filiprodak/ Zai Kowen/ Alex Walder
2673893318,Deep into My Heart,DayFox
2715057184,Where Did Summer Go,MMM
2713174986,All The Time,Ronck
2721115103,A Step of Love,CrossXCrown/ Ronck
2721278325,I Won't Run From You,Dylan Presko/ Sora Sayuri
2717168589,Light up the Night (feat. Edge),Dakred/ Edge
2722346949,Conflux of Choices,ivycomb
2722418001,The Whisper,AHNA/ JNVRS
2724562106,All We Hold,Aerwavez Music
2718855920,Only Us,Aerwavez Music
2712960217,Bored,Madyx
2724095744,Hold me Down,Prototime/ Exnerp
2726653094,Rumi/ Jinu/ KEPIK/ Elude - Free x Northern Star (KEPIK Mashup) Kpop Demon Hunters,KEPIK/ Rumi/ Jinu/ ELUDE/ Elude
2726655262,Seven Lions/  ILLENIUM/ Said The Sky/ HALIENE - Rush Over Me (feat. HALIENE) (FREAKY Remix),FREAKY/ Seven Lions/ ILLENIUM/ Said The Sky/ HALIENE
2726654621,ILLENIUM/ FuntCase/ Lost Wolves/ Seven Lions/ Crystal Skies/ Dabin/ SLANDER/ Excision/ Amidy/ Wooli/ EMBER - In My Arms (kaz Mega Mashup),Kaz/ ILLENIUM/ FuntCase/ Lost Wolves/ Seven Lions/ Crystal Skies/ Dabin/ SLANDER/ Excision/ AMIDY/ Wooli/ Ember
2726655298,SLANDER/ Bring Me The Horizon/ Seven Lions/ Wooli/ Trivecta/ WHYPER/ Maypops/ Nikademis/ SampliFire - Wish I Could Forget (kaz Mashup),Kaz/ SLANDER/ Bring Me the Horizon/ Seven Lions/ Wooli/ Trivecta/ Whyper/ Maypops/ Nikademis/ SampliFire
2726654647,John Summit、ILLENIUM、Reawakened、Karmaxis、PSYCHAZM、WHYPER、Jason Ross、Blastoyz - Shiver-ing (kaz & Altun Mashup),Kaz/ John Summit/ ILLENIUM/ Reawakened/ Karmaxis/ PSYCHAZM/ Whyper/ Jason Ross/ Blastoyz
2726655363,Dabin/ Nikademis/ The Chainsmokers/ LODIS/ Josh Rubin/ Seven Lions/ SLANDER/ LEUTHERO/ PatFromLastYear/ SayWeCanFly/ JOSS/ Kenny Pham/ KELIZA - First Time x Worlds Away x Don't Let Me Down x See Me Now x You (Karmaxis Mashup),Karmaxis
2726655379,ILLENIUM/ Lost Wolves/ Hoobastank - In Your Arms x Without You x Nightlight x Hold On x Adrift x The Reason (Karmaxis Mashup),Karmaxis/ ILLENIUM/ Lost Wolves/ Hoobastank
2726655369,Explosions (Lite Remix),Crystal Skies/ LITE
2726655441,Save My Love (SadBois Remix),SadBois/ Marshmello/ Ellie Goulding/ AVAION
2726655506,Beautiful Creatures (feat. Max) (DVRROW Remix),ILLENIUM/ MAX/ DVRROW
2726655538,Dabin/ Kai Wachi/ VNDETTA/ Waterjon/ Blood Vision/ ROY KNOX/ Jim Yosef - Hollow (kaz edit),Kaz/ Dabin/ Kai Wachi/ VNDETTA/ waterjon/ Blood Vision/ ROY KNOX/ Jim Yosef
2726655547,John Summit/ ILLENIUM/ Wooli - Where You Are vs In My Arms (Wooli Remix) [kaz Edit],Kaz/ John Summit/ ILLENIUM/ Wooli
2726655552,Lauv - I Like Me Better (DVRROW Remix),DVRROW
2726655557,In The End (feat. Clara Mae) (DVRROW Remix),Dabin/ Said The Sky/ DVRROW
2726588105,Kennedy Wilde - Crash (Derpcat Remix),Derpcat
2718725813,The Sound,Mazare/ Fluorescents
2726634239,Free (3EO Remix),3eo
2726620089,Nurko/ WUKONG - Heart For Rent (feat. Jordan Shaw) (Spear Remix),Spear/ NURKO/ Wukong
2726263431,Forever (Spear Remix),Spear
2726210530,War (Amver Remix),Amver
2724557116,The Only Way,Z84/ Outertone
2724293451,BURN IT ALL (feat. Luma),Ember/ FREAKY/ Luma
2724293374,FINDING MY WAY,FREAKY/ Ember/ RUNN
2722688640,River Tone,Safari Bomb
2713782011,fall (remix),STIM/ GISHIN
2721721221,Sub Zero [Slowed + Reverb],Stardust/ Rezzaie/ Slowed Star
2721721099,Problems [Slowed + Reverb],Stardust/ Tendrix/ Slowed Star
2702760368,Bleed For You,CAZSEM
2722979855,Aria Math (Future Bass Remix),TwentyTwo5
2720232560,Midnight (Original Mix),That Guy
2717037598,438,Bass Physics/ Micah Martin
2725282308,复燃,Mglory
2721489477,glow,Mglory
2717170111,烟花尾迹,Mglory
2714510962,幻景 伴奏,Mglory
2714511953,幻景,Mglory
2707649505,Wish,Mglory
2722630509,Therapy,Silenco/ ChronFlux RECORDS
2725165438,Abandoned 1,3flower_葵
2714168119,WORLD'S END (REMEMBER),Skybreak
2723885919,Alan Walker-Sad Sometimes (DiomedeS_ remix),DiomedeS_
2722805074,Dark Way,Ivyre/ RBF
2724831552,CHIHIRO x SOLAS,Fléo
2702755043,Fallen Leaves,Dreamcode/ Mr.Gary
2724447066,Tove Lo - Habits (Stay High) (DKON Bootleg),Dkon
2724741121,Stay With Me In The World Alone (Rhoele Mashup),RHOELE
2721296719,Dahlia (feat. 初音ミク),Mwk
2719495281,Power (Neal Datta Remix),3cho/ Neal Datta
2718815341,Deserve Better,DILA/ Wisner
2717111753,Long Lost Love,Aye Bay/ Haak
2722983108,CHAOS (Ace Aura Remix),MUST DIE!/ Ace Aura
2702105564,Jewel You (feat. Mitsucaster),K3nto/ Mitsucaster
2720225870,leave,Falling North/ Triston Davis/ Katelyn Butcher
2718761591,ANESTHETIC,Ray Volpe/ Mathue
2713844922,Darkness We Rise,KEPIK/ Hidden Axis
2721127647,What If,Killian Caputo/ Elle Vee
2714574110,Levity,Au5/ Psyuri
2716591952,Heal Me,Nick Wynn/ Gryxx/ Nikolas K
2712518116,**** It/ I'm Alright (feat. Olivia Ridgely),SABAI/ Olivia Ridgely/ Miles Away
2698997411,Synthesize,SPIRIT LINK/ Hylia/ Kascal
2717037325,Imprints,Abov/ shXdow./ RUNN
2721110212,Some Things Never Change,SLICA/ Kaleidos
2724428413,Fall For Me (AMBIENCE Remix),Ambience
2724404609,Courtesy (Spear Remix),Spear/ SadBois/ PatFromLastYear/ Kenzie Harris
2720259057,Isolated,Hxmir
2717911718,Vertigo,Edison Cole/ Linney
2702760427,Photon Beam,DenPelm
2721721101,Fragments [Slowed + Reverb],Stardust/ SPIRIT LINK/ Malin Horsevik/ Slowed Star
2721721227,Hold Me Close [Slowed + Reverb],Stardust/ Swole Sauce/ Slowed Star
2721721228,Mistakes [Sped Up],Stardust/ Noken/ whoamidesu/ Nightcore Star
2702760400,Nirvana,drole.
2721474598,I hate it when somebody says your name (remix) (feat. Roby Fayer & Amit Shauli),Honeymoon Arcade/ Sillage/ Roby Fayer/ Amit Shauli
2720653375,Are You Ready (feat. ZELE),Hazky/ Wood Cherry/ ZELE
2716916435,Feel Okay (feat. Jaime Deraz),kalen./ Jaime Deraz
2722900501,Without You By My Side,Sean Ven
2722906692,World Around You,Sean Ven
2711055186,Walk Away,Adam Jasim/ Micah Martin
2721096458,maybe i should learn to forget,Achill3s
2721096457,i'm afraid that everything i'm afraid of has come true,Achill3s
2721094805,get away from the life of realism,Achill3s
2721096455,though the sky is falling/ you stay by my side so everything will be ok,Achill3s
2721094804,a journey of vanishing soul/ shattering faith and resurgence,Achill3s
2721096454,it seems that everything begins with the dawn,Achill3s
2722913641,Time Goes By,Sean Ven
2722890757,Love Is Near Whisper,Sean Ven
2702764393,Monster,BirdFromSky
2722537238,BOOM (_Warpcore_ & SenseOfSail帆意 Remix),_Warpcore_/ SenseOfSail帆意
2721772762,I N - T H E - D R E A M,7-60// 2088 RECORDS
2721594918,Chasing Fire,KRUS3
2721595815,Didn't Wanna Grow Up (feat. Lyzium),KRUS3/ Lyzium
2721595814,Electric Tide,KRUS3
2721595813,Just Be Mine,KRUS3
2721594917,Numb,KRUS3
2721595812,Come Back Home,KRUS3
2722485569,NO BROKE BOYS (LUMINATE REMIX),Luminate
2722491388,In My Arms (KEPIK Remix),KEPIK
2722491188,Gethsemane (Xuinn Remix),Xuinn
2722479515,We Rise (Youth In Circles Remix),Youth In Circles
2722408393,No Broke Boys (ARMNHMR Remix),ARMNHMR
2722366711,In My Arms (Wooli Remix),ILLENIUM/ HAYLA/ Wooli
2720905428,rewind,R7CKY
2717941390,Runebreaker,Lonehaven
2714902977,First,Flame3721
2704943887,Victim （Flame3721 remix）,Flame3721
2692041135,Back,Flame3721
2682820061,I want know,Flame3721
2702760415,For You,Hevian
2702785850,Calling,ADROIT/ Severin/ Suave
2700628929,Life Before,No-One CN
2713651192,Metamorphosis,Danzzle
2714146939,Heal me,Samfony
2720285430,Every Weekend,Outside Line/ coda
2720249707,Chasing Stars,Mxnh/ Jr. Martin
2715325524,My Eyes,ARMNHMR
2691058490,It's Easy (To Love),Lightfighter
2718997508,镌刻 (Speraymer Remix),DreamRecD/ Echo-I/ Speraymer/ 江传阳ZOG/ 星尘纪之声
2722108981,Walk On Water (NiteVzn Remix),nitevzn
2722139094,Favorite Memories (feat. Nathan Brumley),Ecchoes/ Nathan Brumley
2722117240,The Old History,Lightfighter
2722117560,Avicii/ Rival/ Blanke/ ILLENIUM/ Excision/ Marshmello/ SampliFire/ HOL!/ Usaybflow/ INFEKT/ Shallows/ ARKEUS/ Subfiltronik/ RL Grime/ Ray Volpe - Heaven (ELUSID VIP MASHUP),ELUSID/ Avicii/ Rival/ Blanke/ ILLENIUM/ Excision/ Marshmello/ SampliFire/ HOL!/ Usaybflow/ INFEKT/ Shallows/ Arkeus/ Subfiltronik/ RL Grime/ Ray Volpe
2722118973,MitiS - Symptoms (feat. Luma) (Atomic Remix),Atomic/ MitiS/ Luma
2722118574,ILLENIUM/ Nurko/ Dillon Francis/ Danny Olson/ yetep/ Nikademis - Don't Save Me From My Lonely (ELUSID Mashup),ELUSID/ ILLENIUM/ NURKO/ Dillon Francis/ Danny Olson/ yetep/ Nikademis
2722118057,Euclid x Language (With Løve Live Edit),With Løve/ Porter Robinson/ Sleep Token
2722117605,JUICE WRLD - I'm Still (ELUSID Remix),ELUSID
2722117507,Go Back 2 U,L0stLightle55
2722117959,Love Is Gone x Crawl Outta Love (With Løve Mashup Edit),With Løve
2722117350,Tate Mcrae - Siren Sounds (EMBER Remix),Ember
2722083652,BILLIE EILISH - BIRDS OF A FEATHER (ELUSID Remix),ELUSID
2722083799,ILLENIUM/ Said The Sky/ The Killers/ Excision/ Shallows - Sad Songs x Mr. Brightside x Gold (With Løve Live Edit),With Løve
2722084760,Save My Love (Spear Remix),Spear
2716382133,Isn't It Funny,Tyler Jayy
2721798098,Whispers in the Void,JYOTIN/ Saw2Win
2721799884,Waves of Time,JYOTIN/ Saw2Win
2721798097,Voidwalker’s Wrath,JYOTIN/ Saw2Win
2721799883,Void Surge,JYOTIN/ Saw2Win
2711343962,Broken Hearted (feat. Julia Church),SLANDER/ San Holo/ Julia Church
2719365855,Distorted U (Taiyang Remix),Relimax/ Awind/ 刘佳宜Snow/ Taiyang/ SADRECORDS
2719365039,Distorted U (Sung Remix),Relimax/ Awind/ 刘佳宜Snow/ Sung/ SADRECORDS
2720730553,rewind,W.raiNbow/ 周劲宏
2713058652,Gravity,GISHIN/ Casey Cook
2721147744,Let It Go,Sean Ven/ AloviL 蝶
2716222943,Hold Me Close (feat. Swole Sauce) (Sped Up),Stardust/ Nightcore Star/ Swole Sauce
2716771149,Sad Songs [Sped Up],Stardust/ TobeyBeats/ Taca Music/ Laryssa Vachon/ Nightcore Star
2717113467,Not Living For You [Sped Up],Stardust/ Tom Platts/ EM/ Nightcore Star
2719029539,Fragments (feat. Malin Horsevik & SPIRIT LINK) (Sped Up),Stardust/ Malin Horsevik/ SPIRIT LINK/ Nightcore Star
2716771148,Goodbye [Sped Up],Stardust/ SPIRIT LINK/ Nightcore Star
2716221972,Sub Zero (Sped Up),Stardust/ Nightcore Star/ Rezzaie
2716771147,Hurting Me [Sped Up],Stardust/ h3nlla/ Wonder/ Lys'/ Nightcore Star
2713426119,風の歌,Milky Knight/ Hilarity Leap Records/ 维度坍缩/ 逃离记录Exit Records
2713429538,Lyraea,Estrella/ Hilarity Leap Records/ 维度坍缩/ 逃离记录Exit Records
2714402870,Scrιρτ,鲨调l6fcs4w/ RESOLVERS
2714402869,光になりたい - First Light - (Long ver.),CeRa/ RESOLVERS
2717165776,Last Song,Alibilan
2714402860,Mγ ς0μ1,Chikanya/ RESOLVERS
2717166483,Lifeless,Alibilan
2720453273,Battle,Sean Ven
2717747858,Fayth (Echo Drop),KRUS3
2719782583,坦,Shaw_Tyan
2711396298,What You've Done (feat. L8NCY),Vanthe/ Awon/ L8NCY
2713032943,Burning (feat. Jordan Grace),RY/ Jordan Grace
2718843923,Same But Different (Instrumental),Areeb Mahmood/ Emily Esthela
2718845634,I'm Alive (Instrumental),Areeb Mahmood/ sadie elisabeth
2718845380,Eternal Symmetry (Instrumental),Areeb Mahmood/ Donaven
2716735494,By My Side,GEMINI/ Violyt
2719404975,Still Need You,Nadro/ Oana
2716340451,That's What You Get,Valorian/ K-WOOZY
2719622870,Free,Tretone
2719622869,All My Love (VIP),Tretone
2719625315,Puzzle (VIP),Tretone/ Astroden
2719625314,Therapy (HeroWilson Remix),Tretone/ HeroWilson
2719622868,All U Had To Do Was Stay (Instrumental),Tretone
2719625313,Eternity (Astroden Remix),Tretone/ Astroden
2719622866,Here In This Moment,Tretone
2712271093,I Don't Wanna Hear You Say,Jordan Savage/ Autumn Skeyes/ Bass Boost
2714821772,Nightmare,William Black/ Fairlane/ AMIDY
2719484902,I Like Me Better (LHP Unicorn Remix),LHP Unicorn
2712242033,Divinity,King of None
2698832231,Lift Me Up,LazyMario
2712104541,100 WAYS (feat. Jaime Deraz),Saulz/ Jaime Deraz
2709020470,Hate You More,H4RRIS/ Aaron Shirk/ Nicole Apollonio
2716403244,Underground,SPIRIT LINK/ JFrank
2701531493,Dive Deep,Dallas Rodin/ Paper Skies
2711405697,Icarus,Fells/ Koven Wei
2709091696,For Us,Nikolas K
2707273896,Show Me,Big Gigantic/ Koastle/ Emilia Ali
2707212020,All Or Nothing,All Bright
2697778102,ENIGMA,KatriX
2719299447,Left Behind,Akmmer/ Cflyy
2712197351,Chokehold,Miles Away
2717320725,あたらよ-また夏を追う（WilliamHenRy remix）,WilliamHenRy
2716750827,Fall Apart [Slowed + Reverb],Stardust/ Sazu/ UNDY/ Slowed Star
2716750139,However Long [Slowed + Reverb],Stardust/ Behwnm/ Mehromero/ Hylia/ Slowed Star
2716750826,Moonlight [Slowed + Reverb],Stardust/ Derpcat/ Slowed Star
2716750140,I'll Be your Eyes [Slowed + Reverb],Stardust/ Lost Identities/ Onyra/ Slowed Star
2714073292,净 熵,Zipper.Zip
2716663535,Need You Again,SadBois/ ROY KNOX/ Jake Neumar
2718588280,春雪（Void Death boolteg）,Void Death
2718637856,I Don‘t Want To Lose U,Void Death
2714247408,Lifeline,Void Death
2699113202,Next To Me,Void Death
2686703267,I See You（Void Death bootleg）,Void Death
2696562303,Under Star,AI7LIY3
2698859373,Do You Feel Me (Nightcore),Nightcore To The Moon/ Nightcore/ OUTSHADES/ WCKID/ Faithroze
2698865747,Do You Feel Me (8D Audio),8D To The Moon/ 8D Audio/ 8D Tunes/ OUTSHADES/ WCKID/ Faithroze
2712696400,I Might Love You,Pharo/ JB RICKY/ Dark Mage
2717571333,Lights On,AI7LIY3
2708987355,Stay,Vastive
2705656003,How Do You Feel?,KilganoN
2712270226,timeisup,Neddie
2717163046,You'd Better Let Me Down,Alibilan
2717395358,Born For This,Spaceport Records/ Aou/ CATCHTAIL
2716751134,Ai No Scenario,3eo
2717146421,反复记号（颜辰鑫 Remix）,颜辰鑫/ 李昊天VastSky
2717138138,反复记号（Napkid Remix）,Napkid/ 李昊天VastSky
2717161547,云端数据已丢失（The Wavers Remix）,Flowesans/ 李昊天VastSky
2717137307,反复记号（00parts & whyhea1 remix),00parts/ whyhea1/ 李昊天VastSky
2717133876,碎幕（Wish X & Blurry Sky Remix）,Wish X/ Blurry Sky/ 李昊天VastSky
2717146497,云端数据已丢失（7-60 Remix）,7-60// 李昊天VastSky
2716516055,Icy Land,Wayne Ryan H/ Trailblazers Radar
2717577699,Waiting Here For You,learnZmore
2698054059,Like Water,Autumn Skeyes/ Jordan Savage
2716512399,Next To Me,胶体菠萝/ Trailblazers Radar
2713605559,Lately,Brennan Wolf
2714405484,Keep on Fighting,CLOVER/ 星尘纪之声
2717113852,can't come down,KLAXX/ Luxtides
2714173136,Power (Bleaubeard & TWLGHT Remix),Drophop/ Soul Valient/ Wilco Beats/ K-WOOZY
2714142951,Destroy You,3thos/ KINDRED
2698054060,Live For My Self,Zephys/ MVLTI/ Uwpi
2710436175,Forever Young,Bear Grillz
2709994157,BETTER OFF ALONE,AVELLO/ glasscat
2709627884,Who Am I Now,Synymata/ GLNNA
2712275670,Supernatural At Heart,Ann!hilate/ Outertone
2712384591,What If,Azee/ JOSS
2703844575,Get Out,SPIRIT LINK
2713879563,sometimes - ARAYA Remix,Heather Sommer/ Araya
2711379711,Eternal Symmetry (feat. Donaven),Areeb Mahmood/ Donaven
2711378976,Same But Different (feat. Emily Esthela),Areeb Mahmood/ Emily Esthela
2711378977,Everything Goes On,Areeb Mahmood
2711379713,I'm Alive (feat. sadie elisabeth),Areeb Mahmood/ sadie elisabeth
2714642777,Everything We've Been Through,Nightsirens/ Lost Ashes
2716425012,Never Be Alone,Sunday Friend/ SayWeCanFly/ CJ Masciantonio/ Micah Martin
2712249724,Symphony Of Life,Dead Rose
2712249723,Satellite,Dead Rose/ RUNN
2717236032,Sawanohiroyuki[nZk] - Call Of Silence (feat. Gemie) (Spear Remix),Spear
2717235887,Paramore - All I Wanted (Soar Edit),Soar/ Sore
2713864225,Not Alone,Egzod
2692281855,Mustang Baby (Vanic Remix),Vanic/ Nessa Barrett/ Artemas
2716854529,All Falls Down (ARAYA Remix),Araya
2716540420,Better This Way (Danny Olson Remix),Taylor Kade/ FIXION/ Danny Olson
2711940538,Ghost Of Me,BOTCASH/ Prong/ Justin OH
2708648526,Party All Night,Surrey Hill
2716053062,Escape the Horizon,Fish1wF/ Trailblazers Radar
2715842041,Summer,R3d Cat
2691361479,WHERE YOU,Lil
2709550335,INTO THE SKY,XHRIS
2675612902,Gone Too Soon,SeHou
2714331651,Navigation (feat. ZELE),Hazky/ Wood Cherry/ ZELE
2713967119,Dear Y,ice king/ Wood Cherry
2691058510,Be Mine,KYRIPH
2715117782,Like Fire (Mxnh Remix),Mxnh
2704331876,Clouds,Ridesounds/ Benttie Yhoio/ SCM/ FreeMusicWave
2698068244,Grounded,Truth Is
2715013655,Follow You (MEDZ's Version),MEDZ
2713637358,Wrong Side Of The Gravity,LHP Unicorn
2713634770,Don't Lie,LHP Unicorn
2713634769,Nothing,LHP Unicorn
2713634768,Wildest Dream,LHP Unicorn
2713637357,Want you to go,LHP Unicorn
2713634767,Why Did I,LHP Unicorn
2713637356,Ethereal,LHP Unicorn
2713634766,The Lamplighter,LHP Unicorn
2713634764,What to Do,LHP Unicorn
2713634763,Emotions Flow,LHP Unicorn
2713637355,Unreal Reality,LHP Unicorn
2709260267,There For You,Kai Wachi/ Isaac Mather
2700298844,Never Looking Back,Spear
2711664258,Fantasy,MELODEEZZZZ
2700311308,Longer (feat. Jaime Deraz),Bllaine/ Jaime Deraz
2700299454,Last Time,TimZz
2701790195,Ice Waves,Ian Snow
2712331915,I Took A Pill In Ibiza (Clean Mix),Mike Posner/ PROSECUTE
2652509480,All We've Done,Tendrix
2704439444,The Other Side,Grage/ Chris Like/ J4CKO/ Recursive Recordings
2710916333,Dancing In Heaven (Karmaxis Remix),Ricki Ayela/ Karmaxis
2698703481,Stay The Night,SPIRIT LINK/ Hylia
2714299418,Remember pt.1,WilliamHenRy
2714790915,The Horizon,AUXIMITY/ Outertone
2714790917,Brave Enough,AUXIMITY/ Outertone
2714790918,Falling In,AUXIMITY/ Outertone
2714776332,Trippie Redd/ PARTYNEXTDOOR - Excitement (Vodenik Remix),Vodenik
2714771745,Stranger (Morva Remix),Morva
2714756106,I'm Gone (Lightfighter x RHOELE Special Mega Mashup),Lightfighter/ RHOELE
2714740259,William Black/ ROY KNOX/ Daren Styles/ Callum Higby/ Wilsxn/ RIOT/ Kill The Noise - Remedy (UNDEFYND + ELUSID Mashup),Undefynd/ ELUSID/ William Black/ ROY KNOX/ Daren Styles/ Callum Higby/ WILSXN/ RIOT/ Kill The Noise
2714689479,DreamRecD/ Echo-I/ Oops Guess/ Said The Sky/ Terry Zhong/ CVBZ/ Lightfighter/ No-One CN - 镌刻 (Lightfighter 致高考 Mashup),Lightfighter
2714306046,NIGHTINGALE （WilliamHenRy remix）,WilliamHenRy
2714363694,Every Lonely Nights,Sean Ven/ BlessU
2714342426,Bad Omens - Just Pretend (Rizpect Flip),Rizpect
2714340874,Deepest Water (ARAYA Remix),Araya
2714301575,Rewrite The Stars（WilliamHenRy remix）,WilliamHenRy
2689491284,Heal Me,Agera
2711484120,Longest Instant,xuAlex5
2711484994,Stay in That Winter,xuAlex5
2712699237,No Mercy,JYOTIN/ Saw2Win
2682503977,Ascendent Embers,Munai
2682504779,Aurora's Ascent,Munai
2682504780,Celestial Flicker,Munai
2682503978,Cloudburst Symphony,Munai
2682504781,Elysian Tremors,Munai
2682503979,Embrace the Horizon,Munai
2682503980,Eon's Reflection,Munai
2682504782,Euphoria Divergence,Munai
2682504783,Frozen Daydream,Munai
2682504784,Glacial Reverie,Munai
2682503981,Halcyon Surges,Munai
2682504785,Midnight Cascade,Munai
2682504786,Mirage Remnant,Munai
2682504787,Mosaic of Light,Munai
2682503982,Nebula's Call,Munai
2682503983,Nova in Bloom,Munai
2682504788,Prismatic Echo,Munai
2682503984,Radiant Riptide,Munai
2682503985,Reverberant Skies,Munai
2682503986,Skyward Echoes,Munai
2682504789,Solstice Resonance,Munai
2682503987,Starfall Lullaby,Munai
2682503988,Starlit Tempest,Munai
2682503989,Tidal Fragments,Munai
2682503990,Valley of Daybreak,Munai
2710013200,Whispers of the Storm,MON+
2710013201,Shattered Light,MON+
2710011856,Whispers of the Storm+,MON+
2710013202,Echoes of the Heart,MON+
2710013203,Waves of Light,MON+
2710013204,Echoes of the Heart+,MON+
2675270164,On The Break of Dawn,lofi star
2675269357,IN THE END,lofi star
2675270165,Loved by You,lofi star
2675269358,When the Magic Dies,lofi star
2675270166,STARS,lofi star
2675269359,COLD HEART,lofi star
2675269361,Memory of You,lofi star
2675269360,WHATEVER,lofi star
2675269362,NEXT LIFE,lofi star
2671906848,Be Alone,lofi star
2671906851,Symptoms,lofi star
2671906849,Symtoms V2,lofi star
2671906852,Hold On ME,lofi star
2671907605,Hold On Me V2,lofi star
2671906853,RETRACED,lofi star
2671906850,RETRACED(FEMALE),lofi star
2671907608,I Know You,lofi star
2671907606,Fall Back To You,lofi star
2671906854,Fall Back To You V2,lofi star
2671907607,Whiplash,lofi star
2671907609,Nostalgia,lofi star
2669659964,Aurora’s Lament,lofi star
2669659967,Awakening,lofi star
2669659965,Into the Unknown,lofi star
2669656126,Solstice,lofi star
2669659966,Awakening V2,lofi star
2669659968,Into the Unknown V2,lofi star
2669656125,Solstice V2,lofi star
2709850650,梦想像风,致命节奏（Deadly Rhythm）
2691370571,Strong,致命节奏（Deadly Rhythm）
2691369022,Perseverance,致命节奏（Deadly Rhythm）
2691370583,Active,致命节奏（Deadly Rhythm）
2691369029,Energetic,致命节奏（Deadly Rhythm）
2691370589,Drive,致命节奏（Deadly Rhythm）
2691370581,Determination,致命节奏（Deadly Rhythm）
2691369030,Resilience,致命节奏（Deadly Rhythm）
2691370580,Optimism,致命节奏（Deadly Rhythm）
2691369020,Powerful,致命节奏（Deadly Rhythm）
2689216746,铁血骄傲,致命节奏（Deadly Rhythm）
2688590951,在路上,致命节奏（Deadly Rhythm）
2688597586,钢铁陆战队,致命节奏（Deadly Rhythm）
2704065912,Serendipity,致命节奏（Deadly Rhythm）
2704065892,Ethereal,致命节奏（Deadly Rhythm）
2704065997,Aurora,致命节奏（Deadly Rhythm）
2704065114,Ephemeral,致命节奏（Deadly Rhythm）
2704065139,Iridescent,致命节奏（Deadly Rhythm）
2704066087,Solitude,致命节奏（Deadly Rhythm）
2704065152,EchoECHO,致命节奏（Deadly Rhythm）
2704068182,Ineffable,致命节奏（Deadly Rhythm）
2704068187,Nostalgia,致命节奏（Deadly Rhythm）
2704066130,Somnambulist,致命节奏（Deadly Rhythm）
2704066123,Effervescence,致命节奏（Deadly Rhythm）
2704066129,Hiraeth,致命节奏（Deadly Rhythm）
2704068192,Limerence,致命节奏（Deadly Rhythm）
2713638596,[ H Y P E R / U N I S O N ],Vencent/ Akrashu-SHa
2712756077,玹 胤 客,Vencent/ DavidClarkson/ 2088 RECORDS
2666025226,呼吸 呼吸（Extented Mix）,Silly Owl
2708695031,Dream Field,Crazyer/ JayZz.exe/ Jacinthe/ 星尘纪之声
2712400190,Expanse,PHONO RECORDS/ Shiroi-Ice
2712446809,Don't Know (ØPEN HEART Remix),Motionwave/ Luminary/ Open Heart
2698063955,Statue,Razzle
2698063984,Stay,BirdFromSky
2707952330,Stargazing,Secret Skies
2691741212,Scared to Be Lonely,Sazu/ UNDY
2703361231,DEEP END,ARKIIN/ Xyan/ Michael Swank
2711853784,What I'm Not (feat. illusio),Happy Clouds Music/ Illusio
2712032517,旷野星芒,Sean Ven/ 幺幺hao
2712670204,Eternal Scars,JYOTIN/ Saw2Win
2709429910,Fallen Crisis (Nightcore),JYOTIN/ Nightcore
2691058774,2030,Alarc/ Morva/ Destiny Hooks
2705050200,Blinded,BraydenK/ F7M/ Stephen Geisler
2704334917,You & I,Nick Wynn
2704817837,Nexum,INZO/ Blookah
2709773805,Hate It When It's You (feat. Trella),yetep/ Trella
2701117654,Did You Mean It,Atomic/ Emily Esthela
2700298723,Crystal Fallin',No-One CN
2709025566,Children,Adam Pearce
2707253960,Don't Look Down,Cloudy Parallels/ Pharo/ Introspect
2690202197,Reawakening,Lost Wolves
2711484191,Hard Time Lover (feat. Chance Peña),Gryffin/ Chance Peña
2709719733,Beneath The Deep Cold Water (JOSS remix),KOIH/ JOSS/ Sierra Annie
2701360202,Do Better,SPIRIT LINK
2698065794,Better,iSkinny
2712232192,ILLENIUM - In My Arms (feat. Hayla) (GhostDragon Remix),ILLENIUM/ GhostDragon
2712164597,Caslow/ Fells/ Gone Astray/ JOSS - Out From Under x Keeping Secrets (Karmaxis Mashup),Karmaxis
2700629023,Lost Hope,Dropper Vampire
2711864714,Crystal Skies - Stardust (with HALIENE) [Skynap Remix],Skynap
2700629941,All That Matters (Coco Tundra Remix),SOUND BANDIT/ Algo At All/ Coco Tundra
2711848737,Falling Down,Yllow/ Bar Bee
2700629937,Friends Can Change The World,TCB/ QOOG/ Evr!/ Silvery SKY/ GrieferPig/ Dauntless Dan/ Aventrix/ Tw3Lv3
2700629933,Across The Daisy Field,GrieferPig
2700629012,Pray For The Scene,Trey Husk/ SpinScissor
2693192155,Buried Alive,Vodenik/ Dreamcode/ Dani King
2707620537,Led Me To Your Side,DRECHO/ Lexi Scatena
2707621270,How To Love,DRECHO/ glasscat
2711538605,Fading Into Power (VIP),JYOTIN/ Saw2Win
2711538604,Fading Into Power,JYOTIN/ Saw2Win
2711510450,ILLENIUM - In My Arms (feat. Hayla) (INFRNO Remix),Infrno
2709623945,Make Believe (Extended Mix),Gone Astray/ WHOISJAYE
2698064122,Alive,Hevian
2691772868,All We Had to Lose,SVNCTUARY
2710814002,Run Away,learnZmore
2696005395,Sidelines,Kevin Moffat/ Elix
2710060530,Midnight,Gamma Centauri
2703805936,Don't Think About You,The Ascendant
2709360590,Shadow (feat. Megan Cross),Zioz/ Megan Cross
2708220303,JUST 4 A MOMENT,Leondis
2705015020,Escape,Heuse
2706246239,All I Knew,ADT
2701003945,Down,R.Y.B/ Approaching Jupiter/ Emme
2700944372,Can't Let Go,Ciel/ Cvss/ JSTDRMN
2709771223,镌刻 (B X E & _Warpcore_Remix),Beviteng Electron/ 江传阳ZOG/ _Warpcore_
2709524488,reminiscence (feat.初音ミク),R7CKY
2671144569,Won't Let Me Go,aurial
2710536572,Just A Moment,Sean Ven
2710466231,Something Different [Slowed],Derpcat/ Talurre
2710465484,Something Different [Sped Up],Derpcat/ Talurre
2702765340,Never Forget,Kisshi
2702571044,Space Between,Bumpÿ
2704813620,Wasted Love,DEMSIKONE/ Zzodzi
2706877340,PULSE OF THE NIGHT,Drowning Soul
2686478591,ghost_in_the_machine_,Desx
2686478595,Heart of a World,Desx/ Soris/ Mangle
2686478593,LOGIN,Desx
2710190890,We Will Rise,Sean Ven
2710196071,We Will Rise 伴奏,Sean Ven
2704779891,Atlas,Dante Levo
2708589035,CHAOS (Flux Pavilion Remix),MUST DIE!
2704756982,Take Us Home,Subceptron
2690944674,Fate,Rareno
2706510025,Faded & Forgotten,Atlux
2685968258,Protect Me,BOS/ Nobe
2707255962,Runaway,JYXthree9
2703117519,Deeping Fall,RBF/ 黄文鹤
2708088650,drowning again,Vytae/ Rizpect
2701084875,Man Down,Seven Lions/ YDG/ Bella Renee
2706400080,Nothing's Stopping Me Now,Azee/ angela maalouf
2704938454,Blinded By Lights,Acer Vantes/ Golden Goddess/ Golden Angels
2705634492,Buried,Insko
2699830711,Northern Star,KEPIK/ Elude/ Luma
2703276585,Apex,Abandoned
2703276582,Rise of Survivors,Abandoned
2701070512,River,Nikademis/ Luxtides
2684263788,Hollow,Danzzle/ Tweellve/ Wolfpup
2698230741,Phase,Chenda/ Codi/ GLNNA
2709751111,Sandstorm (Dubstep Version) - Darude Sandstorm Dubstep Remix,Mox Jade
2705829831,Dopamine,OBLVYN
2709263525,Take Me There,Kniives/ Gracie Van Brunt
2709264462,Save Me,Adam Jasim/ MIRR.IMG/ Marc Lawrence/ Kiyoné
2709262078,You're Not Around,Pushing Daizies
2709259840,Save My Life,Caslow/ Elude/ Vanthe/ L8NCY
2709253987,Wounds,OMAS/ Andy Kautz/ Wisner
2709253760,Sober,Stoutty/ Billy Wales
2709248285,Tend To You,Dion Timmer
2706249352,Left Behind,aurial/ Casey Cook
2705307564,Desperation,_Warpcore_/ ChronFlux RECORDS
2703410820,Won't you leave behind,Hazky/ 三浦ひな子/ Wood Cherry
2708048998,Make Believe,Gone Astray/ WHOISJAYE
2708459156,The One That Got Away (Remix),RYN
2707590270,Entropy,JAMES.C
2707589695,introduction,JAMES.C
2707589694,Brighten,JAMES.C
2704701620,Beg You To Stay (VIP MIX),Blue Violets/ Ali Schwartz/ Euphoria
2708657533,Curses (Original 2022 Version),acloudyskye
2707605982,E U P H O R I A,PhantomBlind/ 2088 RECORDS
2706336465,Letters,Ruxxi
2708093024,Dragon Fruit,Alibilan
2699500930,T R A N S F O R M E R S,Bob Hou/ Fros7novA/ 2088 RECORDS
2707535673,R E S T,RAI/ 2088 RECORDS
2705055588,Equanimity,Graded Buffalo/ M2K Records
2691031743,Like Fire,Biometrix/ Immy Odon/ Apollo On The Run
2676287731,Early Spring,Wayne Ryan H
2706298743,Broken Mirror,Wayne Ryan H/ The Ninth Day Records
2705634403,Back 4 U,Hypnotized
2707713540,Ordinary (GhostDragon Remix),GhostDragon
2692578881,Here's To Hope,Orlost/ Undefynd/ RUNN
2703232092,All I'm Asking (Mallex Remix),These Jade Eyes
2684297691,Mistakes,whoamidesu/ Noken
2701990601,Haven (Neal Datta Remix),3cho/ Neal Datta
2698975791,You & I,JOVINCII/ J4CKO/ Gryxx
2704403851,Leave The Light On (Last Heroes Extended Remix),PLS&TY/ x.o.anne/ Last Heroes
2704395221,Leave The Light On (Last Heroes Remix),PLS&TY/ x.o.anne/ Last Heroes
2707142918,夜游,树某懒zyjOXO/ ΓИ7AL/ ArrAy-P
2707141903,Tidal Lock,Depus
2707142913,Parallel,Soyce
2707202697,The Girl I Knew,Yinger Liam/ Red ZeroOne/ SADRECORDS
2690228116,Buried Alive,Youngwolf
2707141899,SOUL SHARDS,Akiuta/ Shaw_Tyan/ _Untitled
2706528253,Over Now,SVNCTUARY
2701090298,In My Head,Stay In The Light/ Medyk
2699836782,Back Into Strangers,Home By Dawn/ Astraye/ Meggie York
2699945740,Million Miles Away,SENDIRI/ KELIZA
2704319247,Shadows,SadBois
2698511787,Beneath The Deep Cold Water,KOIH/ Sierra Annie
2696072296,You & Me Stargazing,zjaxu
2702169624,All I Knew Was You,Cloudy Parallels/ Marvello
2691452571,Symptoms (feat. Luma),MitiS/ Luma
2668078746,Kesenaide (feat. Eri),Yonetro/ ERI
2695651638,About Us,Millient
2695610475,What You're Waiting For,Nao
2701801066,BLUE,Dirt Monkey/ Zoska
2702747518,Are You Happy Now (feat. Linney) (Highlnd Remix),SABAI/ Linney/ Highlnd
2688922607,Taste Blood,Xuinn
2692197817,PULSE,AVELLO/ Nomis.Wav
2706602321,ひゅるりらぱっぱ (Ryuklear Remix),Ryuklear
2706593782,The Kid LAROI - Love Again (ELUSID Remix),ELUSID
2706594083,Reminisce (Nao Remix),Nao
2706590684,Jealous (Skies Apart Remix),Skies Apart
2699567660,Afterglow,GISHIN
2704125802,Como Hago [Slowed + Reverb],Slowed Star/ DserT/ Deiv/ Stardust
2704124954,Fall Apart [Sped Up],Nightcore Star/ Sazu/ UNDY/ Stardust
2704125795,However Long [Sped Up],Nightcore Star/ Behwnm/ Mehromero/ Hylia
2706219814,distant,URVØXYK/ _Warpcore_
2706298555,Hoobastank - The Reason (Acer Vantes Remix),Acer Vantes
2706298533,Died For Her,Mxnh
2699010322,TIME (feat. DOIL),Mass Panic/ DoiL
2681859690,I Won't Let You Go,ELEPS
2702760423,Blood Circuit,JYOTIN/ Bass Boost
2703941954,Forced Drop,KENØK
2705661923,One Last Kiss,Obvsidian
2705245317,Station Rush,Ice Angel/ PRVDA
2699978599,You and Me,M Ryo
2700614083,Only One,Gemini Danger/ $iah/ Outertone
2704184498,Not Too Stressed Now,NOTSOSW33T/ Young Presley
2698218872,Wanna Go Back (Yan Taykoz Remix),TrigoNity/ Nivesh Sharma/ Abg Music/ Priyansh Pandey/ Nathan Brumley
2674840408,Skyward Memories,PHONO RECORDS/ トリルp
2705488762,珩,トリルp/ Vencent/ 2088 RECORDS
2705655250,Waiting For You,Sean Ven
2705476554,regret,HONG/ Rllovx
2705404487,Whispers in the Void,JYOTIN/ Saw2Win
2705404486,Fading Into Power,JYOTIN/ Saw2Win
2695226806,Forever Young,TimZz
2705263612,In My Arms,ILLENIUM/ HAYLA
2704988959,Fireflies (Jey Cordz Remix),Jey Cordz
2702589781,OBLIVION,LEGIONSOUND/ Suzu
2705174067,Be Free [Slowed + Reverb],Slowed Star/ PRIYANX/ Aurorah/ Stardust
2687868534,Shining Bright,anak baek/ LuminiX
2703634757,Open My Heart （Colorglint remix）,Colorglint
2702997718,If I Go Too Crazy,RN11157/ 星尘纪之声
2690935357,Worth It (feat. RITIX & Zoe Fox) (Nightcore),Nightcore To The Moon/ RITIX/ Zoe Fox
2701326615,Diamond Eyes,Tretone
2685968249,Never Letting Go,Hevian
2685772532,Not Over You Yet,Flöte
2691771945,Before U Go,WAYWHEN/ Eli Blue
2701161401,Don't Leave Me,SVNCTUARY
2697898837,How To Say Goodbye,Said The Sky/ Jessica Baio
2696501711,Adrift,Au5/ Psyuri
2696501713,Of My Soul,Au5/ Psyuri
2696499751,Muted,Au5/ Psyuri
2702914769,LIFETIME,Psychodelix/ ary kemler
2704989006,SKRILLEX - VOLTAGE (TWLGHT BOOTLEG),TWLGHT
2704988968,Different Ending (Atomic Remix),Atomic
2704989896,SAVIOR (XDITZ REMIX),XDITZ
2704989880,Love Left (Karmaxis Remix),Bllaine/ Jaime Deraz/ Karmaxis
2704988923,Love Left (TARK Remix),Bllaine/ Jaime Deraz/ Tark
2704899486,Horizon x After All (Karmaxis Mashup),Karmaxis
2704900253,lyrah - meet me at the bottom (avello remix) [clip],AVELLO
2704899474,ILLENIUM/ TWLGHT/ ELUSID/ Luminate/ Excision/ PhaseOne/ Perry Wayne/ Audrion/ Kanye West/ Layz/ RZRKT - FEEL SOMETHING (ELUSID Mashup),ELUSID
2701070539,Keep U Safe,ARMNHMR/ Liv Miraldi
2679604414,Other Side,Seirén/ TrebleTina/ UNDY
2688774151,State of Mind,Garrin Mater
2658637856,Space In Time,FIXION
2704124953,Daydreamer [Slowed + Reverb],Nightcore Star/ Joshua Myler/ Stardust
2704125794,Moonlight [Sped Up],Nightcore Star/ Derpcat/ Stardust
2704125798,I'll Be your Eyes [Sped Up],Nightcore Star/ Lost Identities/ Onyra/ Stardust
2700311347,Everything,TimZz
2674500778,Feelings Of Calm,Lonely Fun
2696573777,Everybody,xoxodubstep
2700619328,COLDFIRE,KENØK
2702288009,Seek After,Todayday
2702283802,Honestly/ We Just Need Jesus (Guy Coolid Remix),Guy Coolid
2700629234,Zero Mercy,JYOTIN/ Bass Boost
2703058692,Vision And Colour,ACTING/ DJ Luckyman
2703199006,Freeze the Night (Clear Sky Remix),Vincentz/ Clear Sky
2703200367,Freeze the Night (Bumpÿ Remix),Vincentz/ Bumpÿ
2702291826,Fuji Rock (Stessie Remix),Stessie
2702285652,Rebirth (Morva Remix),Morva
2685698403,All Over Me,Mannick
2670104439,When I'm Gone,Simply Dewey
2670101889,Overdrive,Simply Dewey
2697783181,恒星风（Feat.乐正绫）,乐正绫/ Atsuko/ 林墨白citrum
2700159811,IDK (Used To This),Koldera/ Zack Gray
2692626334,DiE4u (feat. BVLVNCE),Thornz/ BVLVNCE
2685985201,Back To The Stars,Lonely Fun
2700464172,Falling,OBLVYN
2685965951,Save Me,Alex Cordon/ Emvis/ Elvya
2693280119,Phoenix (feat. Tea Timerz),CRaymak/ Demitri Medina/ Tea Timerz
2702357895,Voltage,TWLGHT
2694922515,Hold me close,Swole Sauce
2697846297,Moment,Cflyy
2693642744,Who You Are,Andy Kautz/ 3thos/ Cora
2693771374,GAMEOVER,Aerrow/ Elle Vee
2698945042,Infinity,JOSS/ Gryxx/ Johnny Lo
2699679006,Always Have Me,Bllaine/ KELIZA
2692462183,Looking Up,Hidden Axis/ Memory Thorn/ Luma
2684770225,Problems,Tendrix
2695229239,Somewhere Better,waytides/ JONJEN/ Monika Santucci
2702748364,Waiting On This Day Forever,William Black/ Siberia/ Freja The Dragon
2695026609,One Night,STAR SEED/ N3WPORT/ Micah Martin
2681735249,Lose It,Echo Drone
2698928288,Live Your Life [Slowed + Reverb],Slowed Star/ Karim/ Amitav/ Stardust
2698570176,Como Hago [Sped Up],Nightcore Star/ DserT/ Deiv/ Stardust
2702285682,NIGHTLIGHT (ZEPHYS REMIX),Zephys
2702289275,Bllaine - Love Left (feat. Jaime Deraz) [WAYWHEN REMIX],WAYWHEN
2701110722,跳楼机 Tiao Lou Ji,Cyberpunk
2691450242,Lift Me Up,Gone Astray/ Elle Vee
2674500845,I'll Always Be Your Home Ft. Dindin,LazyMario/ Dindin
2702283741,Feel Good (Spear Remix),Spear
2687902833,Cloud Nine,Lost Wolves/ Monika Santucci
2687903702,Only Ones,Lost Wolves/ ShockLine/ NVVER
2702011601,Vision And Colour【Feat.粉丝独白Live】,ACTING/ DJ Luckyman
2701980113,Am I Enough (Spear Remix),Spear
2701271657,Calling U Out,Speraymer
2701272487,Bloom,Speraymer
2701271753,Lost Inside,Speraymer
2698536750,Nademonaiya [Slowed + Reverb],Slowed Star/ Ericovich/ L.Kaison/ Stardust
2698570174,Be Free [Sped Up],Nightcore Star/ PRIYANX/ Aurorah/ Stardust
2699571845,Arise,Blastoyz/ Trivecta/ AMIDY
2685983036,Fading In The Rain,The Sun Vanished
2685984632,My Last Day,Aaron Fong/ Baiden Holland
2690221640,Holding on to You,Youngwolf
2685982085,Kaahani,FUTURE FREQUENCIES
2698057381,やなぎやぎ - ビードロ模様 (R7CKY REMIX),R7CKY
2685605511,Touch Me,BirdFromSky
2697171320,All I Knew Was You,Beyond Magic
2697167567,All My Love,Beyond Magic
2692665852,My Days,High Altitudes
2685965654,Overboard,Nick Wynn
2700192674,Even Without You,Slushii/ SPIRIT LINK
2695008069,Sub Zero,Rezzaie
2696201637,Not Alone (feat. Dear Evergreen) (Mox Jade Remix),Lockbox/ Xant./ Mox Jade/ Dear Evergreen
2692787922,Behind The Tree,Sarcass/ Azee
2698863481,Too Loud,Owtlet/ Kenny Pham/ Bass Boost
2698071766,With Someone,Valorian/ Rabadon/ Lili Mckellar
2694609193,Left Behind,SVNCTUARY
2696201537,In My Head,ROY KNOX
2689589981,Oh/ Warrior,King of None
2689589982,The Fall,King of None
2689589983,The Harbinger,King of None
2689592362,Catacomb,King of None
2689592365,Out Of The Grave,King of None
2695056192,Fragments,SPIRIT LINK/ Malin Horsevik
2674392278,DIVIDE,PhaseOne/ Intervals/ Micah Martin
2697647197,Skyscraper,Zerror/ BLOODBLOOM RECORDS
2700421303,焚蝶,Aurora Sky
2699930940,Waiting for You (_Warpcore_ Remix),Beviteng Electron/ _Warpcore_
2699441042,Beyond The Stars,_Warpcore_/ 青焰-LD/ South.Rcrds
2699634678,Salvation (ATMO Remix),CiAirV/ Atmo/ 洛天依Official
2699634675,Salvation (Ailiy Remix),CiAirV/ AI7LIY3/ 洛天依Official
2699635547,Salvation (JY Railway Remix),CiAirV/ JY Railway/ 洛天依Official
2699634679,Salvation (STRlighT Remix),CiAirV/ STRlighT/ 洛天依Official
2694724853,Love Left (TERRIS Remix),Bllaine/ Terris/ Jaime Deraz
2697566437,time to move on,Foyo/ a red panda/ Prism Shards
2695126659,静寂の暴力 | Seijyaku no bouryoku -NURKO Remix-,櫻坂46/ NURKO
2688043397,Ambrosia (Rival Remix),YMIR
2699635480,Water Mirror,Sixbpm/ _Warpcore_/ MoonUmbMUSIC
2692913894,Late Nights,Jessica Audiffred
2697605359,Sinking Slowly (feat. Eric Dale),K I N G D O M/ Eric Dale
2664759999,Associate With,YHalone
2664759958,Sunlight Snow,YHalone
2679491294,Dive Into Stars,Miyfug
2671638839,Recall,Syrlvia
2671642577,Just A Story,EOTW433
2671642570,Dream Melody,CEKONG
2699967123,Oxygen,LeoMusic-Effect/ Soaring Records
2699935263,John Summit - Where You Are (feat. Halya) (Luminate Remix),Luminate
2699935340,Feel Good (feat. Daya) (Atomic Remix),Atomic
2699932822,This Is Me Letting You Go (Atomic Edit),Atomic
2699932851,Dabin - Not Enough (feat. Stephanie Poetri) (Atomic Remix),Atomic
2699935458,Dabin & Syd Taylor - Deepest Water (Atomic Remix),Atomic
2698540689,Stay [Slowed + Reverb],Slowed Star/ Aervne/ Stardust
2689266784,Stay [Sped Up],Nightcore Star/ Aervne/ Stardust
2698542560,I'll Be There [Slowed + Reverb],Slowed Star/ Wood Cherry/ GLNNA/ Stardust
2698535892,Daydreamer [Sped Up],Nightcore Star/ SPIRIT LINK/ Stardust
2688822551,极夜漫行,猎豹游戏-Cheetah Mobile Games/ Li Ga Yb
2679128992,灯塔巷,猎豹游戏-Cheetah Mobile Games
2669569729,深渊陷阱,猎豹游戏-Cheetah Mobile Games/ Litchee
2667222304,机械玩具,猎豹游戏-Cheetah Mobile Games/ Xoun_Zer
2674499980,Never Let Me Go,Hevian
2698745142,アベレヰジ (Instrumental),Shü
2698752253,アベレヰジ (feat. あいの),Shü/ あいの
2698752252,Lycoris (feat. るる),Mwk/ るる
2698745140,永遠の声 (feat. 音羽ことり。),Rabbit House/ 音羽ことり。
2698745141,Lycoris (Instrumental),Mwk
2698745143,永遠の声 (Instrumental),Rabbit House
2697631125,Calling,Guri7/ Wood Cherry
2691351381,Falling Star,Nightcore/ Juvi Sky
2691351379,Sleepwalking,Nightcore/ Juvi Sky
2691350865,Fractured Ties (ft. Alicia Orozco),Nightcore/ Tornicane/ Alicia Orozco
2699397880,The Chainsmokers-missing you（Eleven李德嘉 remix）,Eleven李德嘉
2673181279,Better Lying [Slowed + Reverb],SIZELAND/ Marze
2699333590,Borderline (feat. EMELINE) (NEON & Skynap Remix),NEON/ Skynap/ RL Grime/ montell2099
2699331821,Last Call,Cyberpunk/ Violyt
2699333582,I See You (A-ZAR Remix),Dabin/ NURKO/ A-ZAR
2699333587,MXNH Tonal Atmospheres Vol. 1 DEMO,Mxnh
2699333458,Anyma - Hypnotized (feat. Ellie Goulding) (OWTLET Remix),Anyma/ Owtlet
2699333445,ILLENIUM/ Avicii/ Subtronics/ Zeds Dead/ Yakz - From The Ashes (ELUSID MASHUP),ELUSID
2699333404,Fight For You,Ickellmo Luft
2699331579,Seven Lions/ Wooli/ Amidy/ Jason Ross/ Blastoyz/ Zeds Dead/ Perry Wayne - Shadows (ELUSID Mashup),ELUSID
2699331565,What if Seven Lions b2b ILLENIUM b2b Dabin b2b SLANDER (LUMINATE Mega Mashup),Luminate
2699331561,ALLEYCVT - BACK2LIFE (EMBER Remix),Ember
2699331410,NEVER LETTING GO,Harvest/ Acer Vantes
2699331265,Slow Motion (Spear Remix),Spear
2699331262,Blank Space X Don't Look Down X Just A Dream (Karmaxis Mashup),Karmaxis
2699297695,Eddy B & Tim Gunter - Young Superstars (Galena Crew Remix),Galena Crew
2699297698,YONAS - Lost Me (Galena Crew Remix),Galena Crew
2699297664,Hoodie Allen - No Interruption (Galena Crew Remix),Galena Crew
2699304162,Run x Hollow x Nothing Left x Awake VIP (Karmaxis Mashup),Karmaxis
2699295129,Leave Me Waiting x Farwell x Collide (Karmaxis Mashup),Karmaxis
2699295126,Free Fall x If The World Was Ending (Karmaxis Mashup),Karmaxis
2699295113,Haven x Freesol x Mirror [WAYWHEN MASHUP],WAYWHEN
2699294540,Besides Hope (Slowed + Reverb),Miles Away VIP
2699294530,Besides Hope (Sped Up),Miles Away VIP
2699292061,Besides Hope (Enox Mantano Remix),Miles Away VIP/ Enox Mantano
2699099027,Project Xanadu,Salty Salt
2689487234,Mosaics,Atlux/ Jey Cordz
2698614828,Daydream,Fuy1Nya/ Hikari/ _Warpcore_
2697302385,Luck,RN11157/ 漩涡唱片丨Vortexn Records
2697302383,Trust Me,JYXthree9/ 漩涡唱片丨Vortexn Records
2697302382,Afterglow,Katharxis/ 漩涡唱片丨Vortexn Records
2697302381,Chasing Stars,浩林Hali/ 漩涡唱片丨Vortexn Records
2697302379,その時の間に星を摘む,Yogurit/ _Warpcore_/ 漩涡唱片丨Vortexn Records
2698800132,Heal Me,CREAM/ Pure 100%
2652546769,Runaway,dreamr./ Outside Line/ cmplete strngr/ Daye
2698802669,Was You,Echo Horizon
2698796303,Sad Songs (3EO Remix),3eo
2698791238,24K Magic (Franky Nuts Remix),Franky Nuts
2697938472,Desire!,Vincent
2697632081,Air (feat. Julia Michaels),Gryffin/ Excision/ Julia Michaels
2686078380,Need Somebody,Haxsews/ Rizpect
2698486317,Light,Marc Leo
2696318171,Corrupting Heart,RUBOX_/ 星尘纪之声
2692062340,Moonlight,TrisTunez/ KRLYK
2697938030,Desire! (Extended Mix),Vincent
2692963749,Whatever It Takes,RINY/ Melissa Lamm
2698520881,Fate (Katzwa Remix),KatZwa/ STRlighT/ DreamRecD
2674500747,Stay,Alex Cordon/ CO1N
2692822931,Through the Storm,Novus
2691097683,Skyfall,Averon/ BrillLion/ Eyla
2691983708,Spring Cleaning (feat. Amelie Roden) (Insko's Version),Insko/ Amelie Roden
2693283827,Fairy Tale (Tong Hua) (feat. Bodokun),KEPIK/ Bodokun
2690422298,Don't Look Down,Aaron Shirk/ Nicole Apollonio
2685570109,Lost In My Mind,Hidden Axis/ glasscat
2694088253,The Last of Us,Abandoned/ NVVER
2688350004,Sunshine,Seven Lions/ Wooli/ Vargen
2698397121,Perfect Storm,HASHBBC/ ACHINX
2698388627,Days of Flowers,Electric Dad
2698390261,BLESSING!!,lillybug
2695886574,Heaven,SBKZ
2687874909,Show Me The Light,NLEX/ FreeMusicWave
2690426689,See You Again,Orlost/ Undefynd/ Donna Tella
2685907053,In Reverie,Epic233/ Alyxium
2682644926,Last Chance,Tarrow/ S'moores
2669448897,Lights,Tarrow
2697340410,Back to Life,Juicestep
2674500704,Lonely Night,LegendShadow
2682518691,Restart,The_ECERDR
2694785326,SKy,Cflyy
2696784543,Mirai Torei,LoveChika
2691358985,Tell Me,EMLwc/ XDR-C
2695275242,Rehnuma,Satyam Badapanda/ Skkai/ ARMETIC
2682129490,Eternal,Lexay/ STOKLA
2694803239,Alone,Pig Stinki/ The Ninth Day Records
2692619316,Final Line (feat. Megan Cross),Zioz/ Megan Cross
2667070197,Love Again,LHP Unicorn
2664837548,Revenants,LHP Unicorn
2696173496,Beautiful Creatures (LHP Unicorn Remix),LHP Unicorn
2696081712,Hold your heart,ENIX
2688934926,tyranny_falls,Animadrop
2695701276,In The End (LHP Unicorn Remix),LHP Unicorn
2693098766,Worth It (8D Audio),8D To The Moon/ 8D Tunes/ 8D Audio/ RITIX/ Zoe Fox
2674500885,Where Do We Go,Fairist
2688631047,Agony,Zandros
2695450539,Remnant,NTRPY
2688014221,Wait For Me,SPIRIT LINK
2689087306,Demon Cake,Derpcat/ PVTHOS
2686104555,Never Be The Same,Astraye/ SNOWFYRE/ Haley Maze
2696071766,Hellfire Bass,JYOTIN/ Saw2Win
2693592517,Sophira,Dimatis
2690934839,Elysium (feat. Ziv Shalev),Brock B/ Ziv Shalev
2687109525,Show You What You Love,CHYL
2668476763,Honest,Dvrkcloud/ Dianna
2684389355,Scatter,Adam Jasim/ Noya/ Hylia
2690359996,While I Was Lost,Danny Olson/ Miles Away
2652509454,Till I Die,Tendrix
2692557264,Constellation,Dabin/ FRND
2692557055,Deepest Water (feat. Syd Taylor),Dabin/ Syd Taylor
2692557266,Nothing At All,Dabin/ Grabbitz
2692557267,Night Bloom,Dabin/ Blanke/ Lø Spirit
2692557268,Summer's Gone,Dabin/ FrostTop/ Tiffany Day
2692557270,Stay With Me,Dabin/ VELVETEARS
2692557058,Photographs (feat. nokio),Dabin/ Nokio
2689590095,Best Of Me (Tarrow Remix),Sketch Muzic/ Donna Tella/ Tarrow
2685234611,Different Places,Bllaine/ Tark/ Jaime Deraz
2694500681,You Even Notice Me,Bumpÿ
2670373612,Farewell,Hoper-Z
2670352349,Real World,Hoper-Z
2670351598,Waiting For You,Hoper-Z
2670364502,Don't Leave Me,Hoper-Z
2670351482,colourful,Hoper-Z
2690142968,Fallen Angel,MECHANYX
2695615293,All Night (Postcard Remix),postcard
2695615284,What If (Atomic Remix),Atomic
2695610765,Harmony,Spear
2695608604,Too Far Gone,TimZz
2695598451,VOLTAGE (Anki Bootleg Remix),Anki
2695543762,LIGHT YEARS (AVELLO REMIX),AVELLO
2695550983,Rock With You x Worlds Away (Johnny Chay Mashup),Johnny Chay
2695543619,Scared to be Lonely (feat. Dua Lipa) (LUMINATE Re-imagined),Luminate
2695547144,Love Incredible (Adventure Club Remix),Adventure Club
2695550749,8 Letters (Spear Remix),Spear
2695554159,when you're gone (acer vantes remix),Acer Vantes
2695540959,I Know Love (Neal Datta Remix),Neal Datta
2695541001,Final Bow (AB5YNTH Remix),Bao The Whale/ AB5YNTH
2695545243,Not Enough (feat. Stephanie Poetri) (Samfony Remix),Samfony
2695545268,Pink Pony Club (Home By Dawn Remix),Home By Dawn
2695541074,Love Let Me Go (feat. Dia Frampton) [WAYWHEN REMIX],WAYWHEN
2695545186,Slow it Down x Mistakes x Stop Blaming Love (Karmaxis Mashup),Karmaxis
2695554431,Ill sleep while you drive (Philtered Remix),Philtered
2695551089,FINDING SILENCE (ELUSID MASHUP),ELUSID
2695551071,Find Our Way x Good Things Fall Apart (Kaleidos Mashup),Kaleidos
2695550640,Long Ways Away (TWLGHT 2025 Outro Edit),TWLGHT
2695547015,Ma Meilleure Ennemie (feat. Coldplay) (NateRider Remix),NateRider
2695547004,Next To You (VIP),Excision/ AMIDY
2690953794,If U Think I'm Pretty,JB RICKY/ Dark Mage
2684747277,Vertigo,Renn/ Kelsey Ray
2694028172,Buried A Friend,NGHTMRE
2663190306,Morpheus,Silenco
2692708259,Better Off Alone,Nao
2690678767,Neon Lights,ZAX
2678087995,Fatal Love,CeRa
2670902134,Designate,CeRa
2670894550,Eclipse,CeRa
2690958465,Runaway,Chime/ Nytrix
2694851148,Slow Motion (ft. Luma),Soar/ Luma
2694821410,Above the Water,Blanke/ CADMIUM/ Ben Provencial
2694798957,Sugar We're Going Down (ELUSID MASHUP),ELUSID
2694798270,I See You (Lockbox Remix),Lockbox
2692908513,Northern Lights,SonicLight
2686962485,Let Go,Giznec/ M2K Records
2693104497,Don't Leave Me,Aczex
2693082595,Way To You,Solemn
2674499934,Zombie,Nick Wynn
2674500854,Any Longer,Hevian
2684326070,Home,Ickellmo Luft
2673748214,Lost My Love,MXLAN
2671994837,破惘,浩林Hali/ LinX·Studio
2687926037,《等待》-Laniakea&Bailck20250316 伴奏,Laniakea/ Bailck
2687925545,《等待》-Laniakea&Bailck,Laniakea
2687902841,faded（Laniakea remix ）,Laniakea
2686709878,寂静,Laniakea
2679355824,Chronovoid,Flow3ry/ Kamino Yoruneko
2673454846,f.u.c.k u,SKYLINE
2673131429,Farewell,SKYLINE
2690929618,leaves,萧石零
2661797543,灰烬从森林中归来(Instrumental),萧石零
2689881390,泪雨诗章,Pike_e/ 星尘
2691382613,我一直都在,Pike_e/ 星尘
2689734724,距离,Pike_e
2671416224,重燃倾落星 伴奏,星尘
2671414220,重燃倾落星,Pike_e/ 星尘/ AVC_dayo/ 孤影残歌_
2662997194,曾经我也笑靥如花,Pike_e/ 星尘
2692118419,心做し（hightion remix）,hightion
2686480428,Shadows,Rival/ Treetalk
2692131610,昭焕,Luions/ PARABOLA/ 玲钟乐府/ 南韵之声/ Albert Records
2692131609,神韵,LIVE-F/ 玲钟乐府/ 南韵之声/ Albert Records
2692131608,此朝乾坤定,洛天依/ 天幕Tiam/ 7h3rm/ 玲钟乐府/ 南韵之声
2691780988,Are You Ready,Hazky/ Wood Cherry
2693098146,惊蛰,PHONO RECORDS/ luminate
2686997286,Everything To Lose,solus/ Reptythm/ Outertone
2660393146,It's ok/ we're ok,TwentyTwo5
2684812270,Hold Onto Me,Kai Wachi/ Aaron Richards
2692062641,For You,Bugsy
2686681750,Everlasting (feat. Sofuu),Marnite/ Sofuu
2693043587,Letting Go,Sparsey/ Too Taken
2684259925,Heart Race,Chenda/ sebabrazy/ Hannah Avison
2687474612,Sanctify (feat. Ben Chaverin),Neal Datta/ Ben Chaverin
2683156257,Diamonds & Roses,Worlds Apart/ Drowning Soul
2688988744,DARK ARIA,CRaymak/ Dekerakt
2688276951,Nothing to Lose,Adventure Club/ Oliverse
2684768238,Reminisce,Said The Sky/ Taylor Acorn
2688899921,Good News,Owtlet
2681796484,Shelter,FAYBL/ Xuinn/ Micah Martin
2687908481,YOU,JOSS/ Kenny Pham/ KELIZA
2688322158,the ugly truth,GhostDragon/ Lullaboy
2688322159,i wish you never loved me,GhostDragon/ MKC/ She Is Jules
2688315151,fragments of us,GhostDragon
2689163193,What If,Araya/ RUNN
2684054218,Without You,Rezzaie
2684364366,Heat,Au5/ Psyuri
2659218608,By My Side,Danzzle/ Ryo
2693007298,Stray Kids - Ultra (Changbin) (DZMA Edit),DZMA
2692968723,Afterlife (feat. Echos) [Vodenik Remix],ILLENIUM/ Vodenik
2692961504,The Love We Had (feat. Trella) [RYN Remix],RYN
2690883483,Run Away,No-One CN/ SouthernLion南狮电音/ 格莱美汇/ Taisheng Music
2692683263,Worlds Away (Subceptron Remix),Subceptron
2672072187,RESET // RESTART (feat. VONTI),The Broken Skyline/ Xuinn/ Vonti
2692665448,My Ever After,TimZz
2692616271,Love Is Gone (ELUSID MASHUP),ELUSID
2692389383,PINK SPRING (Skrillex & Bladee - Real Spring x Chappell Roan - Pink Pony Club JONJEN Remix),JONJEN
2692389456,Sugar/ We're Goin Down x Starlight x Dusk Till Dawn (Karmaxis Mashup),Karmaxis
2692368641,This Town (Spear Remix),Spear
2690566824,It's Okay,Sineself/ waytides/ Luma
2689266788,Monster [Slowed + Reverb],Slowed Star/ Krustex/ Stardust
2671924819,Monster [Sped Up],Nightcore Star/ Krustex/ Stardust
2689266785,Live Your Life [Sped Up],Nightcore Star/ Karim/ Amitav/ Stardust
2690137882,Nandemonaiya [Sped Up],Nightcore Star/ Ericovich/ L.Kaison/ Stardust
2692051913,Wish I Could Forget x Light In the Dark x Our Fire (Red Comet Mashup),Red Comet
2692020102,Jusin Bieber - Ghost (Yakumo Remix),YAKUMO
2691976938,How Dare You (Tendrix Remix),Tendrix
2684342269,Do I Wanna Know?,Pharo/ JB RICKY/ Dark Mage
2688135223,I Don't Wanna Fall,Arci Ardiex/ Brianna Luise/ Beautiful.
2687983724,Say It To Me,Perry Wayne/ JiLLi
2690879820,Blazing Heart (Ice Angel Japanese Ver. Remix),Ice Angel
2690879819,Blazing Heart (Ice Angel Remix),Ice Angel
2690859939,极夜 (星尘.ver),R7CKY
2659622956,Bao The Whale - 52 Hearts (R7CKY Remix),R7CKY
2690859907,极夜,R7CKY
2690868558,桂 花 塢,PHONO RECORDS/ MaoTou
2686413815,Will I Ever Reach The End,Brainheart/ Violyt
2688272392,All I Knew Was You,GD Cookie/ SADRECORDS
2685870606,Intertwine,Thomas Vouz/ GLNNA
2676449071,Stargazing (Dubstep Mix),SashMan/ CLARI7Y
2674499777,Fix Us,North Wind/ Ryo
2686055122,I'll Find You,Stay In The Light/ Owtlet
2685107401,Barely Know,Owtlet
2679274325,I Don't Want Anyone,Kaivon
2674499859,Half A World Away,Mystic Lee/ Black Winter/ Emily Fox
2685606515,Peace In The Dawn,Niira/ Anas Sameer/ Axell 4X
2681927163,Darkest Days (feat. Sandra Yvette),Flöte/ Sandra Yvette
2684329301,I Was Wrong (LazyMario Remix),Marnite/ Whallex/ Frostfall Records/ LazyMario
2681266220,Through the Dark,SLICA/ Luma
2688225598,Reverie,Dimatis
2671784421,Break The Chains,King of None/ Celestial Void
2671783930,Break The Chains (Instrumental),King of None/ Celestial Void
2686393129,Now That I Belong,Areeb Mahmood/ Kore
2686145545,Go Home,SPIRIT LINK
2684643760,Fading Light,Fytch
2690806840,Drug (H4RRIS & Falling North Remix),H4RRIS/ Falling North
2690875848,Hans Zimmer/ Calvin Harris/ Rihanna/ Illenium/ John Summit - It's Always Been You (ELUSID Mashup),ELUSID
2690879011,Bullet Gone To Waste,Waste Of Breath/ Goodnight Osaka/ Puppet
2690806858,Heaven x Shivering x Shiver (Karmaxis Mashup),Karmaxis
2676050982,Serene Havoc,XyXa
2681798068,Lost In You,AVELLO
2681985723,Different Ending (feat. Tyler Graves),Afinity/ STAR SEED/ Tyler Graves
2690549290,I See You (Lost Wolves Remix),Lost Wolves
2670388140,Easier On Me,Puppet/ SadBois
2685615883,Cheap Love,Lost Wolves/ Ryn Kid
2676713912,No More,Laus/ Hazky/ Wood Cherry
2684346470,Fractured Ties (feat. Alicia Orozco),Tornicane/ Alicia Orozco
2688156632,Only One Life (feat. 香),Aine/ Wood Cherry/ 香
2689267324,I'll Be There [Sped Up],Nightcore Star/ Wood Cherry/ GLNNA/ Stardust
2689267330,Home [Slowed + Reverb],Slowed Star/ Swole Sauce/ StaiR/ Stardust
2689267331,Who I Became [Slowed + Reverb],Slowed Star/ OZIA/ UNDY/ Stardust
2682834620,Distorted U (Yogurit remix),Relimax/ Awind/ 刘佳宜Snow/ Yogurit/ SADRECORDS
2682836504,Distorted U (_Warpcore_ Remix),Relimax/ Awind/ 刘佳宜Snow/ _Warpcore_/ SADRECORDS
2682836503,Distorted U (ALLRAING_G子橙 Remix),Relimax/ Awind/ 刘佳宜Snow/ ALLRAING_G子橙/ SADRECORDS
2682834615,Distorted U (Z ClaxX Remix),Relimax/ Awind/ 刘佳宜Snow/ Z ClaxX/ SADRECORDS
2682834614,Distorted U (ilospecter洛岑 Remix),Relimax/ Awind/ 刘佳宜Snow/ 洛岑/ SADRECORDS
2689877317,Fight,BlessU
2688388908,Inside Out (UNDEFYND & Orlost Remix),Orlost/ Undefynd
2677453771,Auric Flare (Nightcore),JYOTIN/ Nightcore
2684046225,Carnage Symphony (single),JYOTIN/ Saw2Win
2684045688,Chaos Reigns,JYOTIN/ Saw2Win
2688590972,Definding,RN11157/ _Warpcore_/ The Ninth Day Records
2675140686,Starlight (Slowed),Derpcat
2675139700,Starlight (Sped Up),Derpcat
2675140685,Starlight,Derpcat
2689076293,漱,Ucix_/ 2088 RECORDS
2682020497,Memories (Slowed to Perfection),Valorian
2686876887,Stay (Outside Line Remix),Valorian/ Kelsey Ray/ Outside Line
2667143949,My One,KRUS3
2664577736,Blind,The Sun Vanished
2664578680,Faded Love,Tom Silves
2689148538,All Of My Days,ALXNDER
2689025925,Dust from my eye（眼角微尘）,R3d Cat
2678038842,Silver Lining,Nikolas K
2688838790,No Turning Back,Voyager/ Tsketch
2684432654,What's On Your Mind,Spitfya/ Stedcoat
2684612920,Eyes Don't Lie,Dark Mage/ JB RICKY/ Eyla
2685758935,Somebody Like You,H4RRIS/ LUX
2684062930,Badliar (Nightcore),LazyMario/ Nightcore
2684062929,Without You (Nightcore),LazyMario/ Nightcore
2680880353,Someone Told Me,Danzzle/ Itsguzman/ Unknown N.
2682870618,Mystery,NOTSOSW33T/ Arch/ Lacey
2681077815,Worlds Away,3thos/ Jordan Grace
2681549783,Dancing In The Flames,Azee/ Donna Tella
2688042946,Polaris,HVDES/ Figure
2685976391,请求超时,CNHKSS/ Shaw_Tyan
2679944786,White Lies (feat. Ollie Wride),Cyazon/ Ollie Wride
2681936763,Lost In The Moment,CHPTR./ Livingston Crain
2685570108,halfway in love,GhostDragon/ shXdow.
2686489671,Escape It,Red Comet
2683318892,Monster,Kenny Pham/ kyootbot
2687124907,Wake Me Up,Nightsirens/ Lost Ashes
2685944854,Make You Mine,Yllow
2684803071,Artifacts Of A Higher Dimension,INZO/ LSDREAM
2688758807,you broke me first x In Your Arms (ARMNHMR Remix) [ARMNHMR Edit],ARMNHMR
2683986762,Reverie,AUXIMITY/ Outertone
2687717186,The Light,Kaidro/ Micah Martin
2688389795,Journey (Spear Remix),Spear
2685819809,Heavens Gate,Deztro
2686683202,Interstellar,ZHQ
2664178190,You Know,No Distractions/ Tark
2678355569,All My Life,max & i
2683905182,Illusions,Heuse
2685899270,Dust from My Eyes,AI7LIY3/ 星尘纪之声
2678371966,figure all this out!,Keplr
2686649750,apology,PHONO RECORDS/ emyalc
2686116213,You Don't Want Me,Bumpÿ
2663978251,Sleepless,Swerl
2653026143,What U Want,Sugabb
2675007076,All Over Me,Millient
2681655700,Treading Water,The Ascendant
2686938360,DIE YOUNG (AVELLO Remix),AVELLO
2684057252,Feel This Way,ADT/ Jey Cordz
2686331913,HELLO 2025,请不要关注我谢谢/ Ream雨舒/ Soaring Records
2685776143,Pantheon II (feat. Sarah Herz),Andrew Bayer/ Blastoyz/ Feed Me/ Jason Ross/ Kill The Noise/ Last Heroes/ Seven Lions/ STAR SEED/ Trivecta/ Sarah Herz
2679376485,Another Life,Danny Olson/ KnownAsNat
2651523439,I See U,WAYWHEN/ Josh Paulino
2675618994,My Last Breath,Skies Apart/ Proud Zombie/ Wolfpup
2679778105,SILENCE,Samfony
2673133233,I'm Sorry,Dares/ E.F LINK
2681542469,Carry On,Lost Sky/ Anna Yvette
2670351412,Vegas,RINY
2685638420,Holding On,Lantara/ whoamidesu/ Ryo
2680864070,Happier (feat. Meggie York),Stryer/ Meggie York
2663550760,Forever,DJJonathan/ GD Cookie
2684528621,NEW STAR,ChronFlux RECORDS/ CannedPig/ i-Snow/ Beviteng Electron/ Yogurit/ MagicM1s1a/ CLXXB/ 浩林Hali/ 空奈/ _Warpcore_/ Stisaal/ M-Cloud Records
2677619080,Fade Away,AIRPORTS/ Laminar
2684359772,WonderStruck（OERA Remix）,PHONO RECORDS/ OERA
2684361466,WonderStruck（Akiuta Remix）,PHONO RECORDS/ Akiuta
2684359771,WonderStruck（AK-ID Remix）,PHONO RECORDS/ AK-ID
2679117490,Lies Around Me,LENG CHEK
2684888906,Stay In The Night（Ft.Belle）,Clear Sky
2684854825,Next To Me,learnZmore
2683940264,F A L L I N G,PoppoOVO/ 2088 RECORDS
2680758932,Sad Addiction,Star Ocean/ SADRECORDS
2675648016,Siren,NO QVLT/ Duke Gray
2675300155,Flame,TWSTD ZOO/ Lootz/ Gracie Van Brunt
2684581840,Mountain,E7Zxy
2681522205,Fading Out,D I V I N I T Y
2664188638,Lifeline,KOIH
2674505709,I Really Want to Stay at Your House (feat. Seongmin),kjh/ Seongmin/ FreeMusicWave
2684481118,Woke Up in Love (Spear Remix),Spear
2674228135,Lose Your Mind (Danth Remix),Showtek/ ANG/ .EXA
2675703668,Stargazing,YARVII
2664189323,Cold Heart,JYOTIN/ Fathania
2670412427,Walk Away,Philip Anticca/ Whittzy
2670410935,Walk Away (Sped Up),Philip Anticca/ Whittzy
2670412426,Walk Away (Slowed & Reverbed),Philip Anticca/ Whittzy
2676725781,Harmony,Tweellve/ Danzzle
2674543327,Nirvana,Rizpect
2683839651,Letting You Go,3eo
2670708418,I'm Lost,Nexoria
2679124907,Lost My Love,Cflyy
2678875833,It's You,Lost Identities/ Onyra
2675081041,Skyline,ARNHEMIA/ feelzzsleepy
2673754193,Paper Kites,Night Sky/ Dallas Wilde/ TRØVES
2676693161,Comets,Mynn/ Zack Gray
2669967536,Take Us Home,SVNCTUARY
2665024835,The Crown (feat. Miyoki),Renn/ Cyrus Gold/ Miyoki
2683243995,Take Your Light (STAR SEED Remix),HALIENE/ NURKO
2683243997,Take Your Light (Aaron Shirk Remix),HALIENE/ NURKO
2683244443,Memory Of You (CHPTR. Remix),HALIENE
2683244445,Castles In The Sand (Nikademis Remix),HALIENE
2683243996,Water (Celestial Void Remix),HALIENE/ Kill The Noise
2684217085,Running (ARAYA Remix),Araya
2683568500,One plus One,Speraymer
2684117901,The Fall,Bllaine/ Daunter/ Jaime Deraz
2669814890,SPECIAL LOADING IN 2025,絔桎梏/ Dave Fantasy/ staringrox/ PiPinkary/ PagodaTreeHW/ ZDXSS/ 祁若言/ Jack Jason/ MING Records/ LinX·Studio
2682702663,Only One,NVLL./ K!NG TVT
2679653056,Lighthouse,JJD/ Azertion/ PhiloSofie
2682886987,Paradigm,Au5/ Psyuri
2669211535,Home (feat. Natalie Shay),Cyazon/ Natalie Shay
2683430480,The Wind,URVØXYK/ Void&Chaos
2670388530,MY SECRET BROTHER,grape milk
2683675393,Nail in the Coffin (ARAYA Remix),Araya/ Rosie Darling/ Boy In Space
2673766812,Waiting For You,Beviteng Electron
2682779218,回信Retter——ChiliChill五周年生贺,Zipper.Zip/ 倾谙谙谙哥/ Nigel/ 小奇Shouki/ 童夕/ 王小献/ 山崎修修/ 桐原知空/ 祝既湘_bing/ 十夜书_koe
2681311115,My Place,電音部/ PIKASONIC/ なこたんまる/ 鳳凰火凛 (CV: 健屋花那)
2681311116,My Place[Instrumental],DEN-ON-BU、PIKASONIC、nakotanmaru、鳳凰火凛 (CV: 健屋花那)
2671634994,Cursed,Puppet/ Keepsake
2668906409,Like That,Nick Wynn/ Nikolas K
2682165773,Feel so alive,Nick Wynn
2664189587,The Night (ZALTANNA Remix),Marvello/ ZALTANNA
2664188649,The Night (RYN Remix),Marvello/ RYN
2672168367,The Outburst of Hope,learnZmore
2680146971,Verant Glitch Bloom,learnZmore
2682690008,Here For You,Sean Ven
2675196154,stop loving you,dreaming of cali
2659656095,its the way (feat. Akoi),KAYTOXIK/ Akoi
2674276975,Charming Smile,Kotori
2656251882,All My Love,Beyond Magic
2664188540,Nothing Left,Rezzaie/ H3RØ
2650847139,Love You Better,Averon
2651169136,Lose U,PRIYANX
2680982125,TIME,Taiyang/ Spicy Potato/ Sakura records official樱花记录
2675264542,Infinity,Mxnh
2677269234,Illusions,F7M/ Exxhy/ Akacia
2679448154,It's Okay (feat. Luma),Sineself/ waytides/ Luma
2678634487,Clouds (feat. Allie Crow),Brennan Wolf/ Allie Crow
2676697780,forever (want this feeling),GhostDragon/ Alina Renae
2667906507,All I've Ever Wanted,STRlighT/ Z3NONE/ VouRay/ domiso_
2674530337,Wait for Fate,Araya/ Awon/ Elle Vee
2643843506,Red Light,Rizpect/ XDITZ/ Raiza
2679770007,Back To You,Ickellmo Luft
2681427866,Never See Me Again,Fells
2681135182,花曇り (Z3NONE Remix),Z3NONE
2675975820,Uneven,Xuinn/ Saysha
2670749348,Oblivion Realm（遗忘之境）,Aurelia
2668761485,Night's Echo 伴奏,Aurelia
2668753688,Night's Echo,ㅤ
2674811494,Eclipse love（蚀爱）,Aurelia
2681019171,LIFE ( _Warpcore_ Bootleg ),_Warpcore_
2680749036,Chasing Stars,Sean Ven
2676049451,Wipe My Sorrow,QtS/ Ethereal Records
2669885554,Fading Light,Samfony
2679388552,With Me,No-One CN
2679389160,Trapped In Tragedy,WCRfamfih/ 雫凛/ ZayE
2680215396,Echoes of Unspoken Denial,Speraymer
2672656574,Believe In You (feat. Glasscat),Vince Blais/ glasscat
2674825730,Cigarettes and Hurricanes,Gasp!/ Outertone
2673896423,Wrong Crowd,Owtlet
2643843507,Running Out Of Time,Jam Focus
2669885135,Turn It Around,Gabritiaz
2673387661,Missed Call (feat. undy),Just James/ UNDY
2679705103,Pinnacle Of Desire,Rllovx/ MING Records
2653333761,Light,Hevian
2673379616,Into You,Neal Datta
2675954018,Down,XAESAR
2670708915,Statelines (feat. Till),nuves/ Till
2674525810,New Horizons (feat. Trevor Laake),Twomuch/ Trevor Laake
2679103247,Leaving,No-One CN/ Vultures Records
2652490430,U & I,Tendrix
2672388655,In The Wind,Masked Wolf/ Jauz
2671656786,Your Ghost,SayWeCanFly/ Dvrkcloud
2671108081,Higher (feat. Monika Santucci),Awon/ Stryer/ Monika Santucci
2670832569,Sweet Escape,Flöte/ Ember/ Lexi Scatena
2677285623,Rise (JerScO Remix),MVSE/ Casey Cook
2669967535,Last Chance,ARMETIC/ JAMES.C/ Dianna
2671518691,That Used to Be Us,AZËE/ JOSS/ Josua
2679304450,Cheerleader (Postcard Remix),postcard
2663723458,醉走林,BrixSounds/ TAKI/ 星曳澄空starsciel
2674216227,Riptide,Speraymer
2674213525,Love For Ya,Speraymer
2674213347,24 forever,Speraymer
2674213230,Bittersweet Now,Speraymer
2666393599,Letter to a Dead Friend,Speraymer
2665770120,Seven Lions-Falling Over Me（Speraymer remix）,Speraymer
2673302984,drowning,shameless.
2679080841,younder,SeyriN
2678183158,We Never Met,Luci
2678181584,Violet Gray,Luci
2678181585,Dead To Me,Luci
2678183156,I Won't Miss You Forever,Luci/ With Løve
2678920809,Jungle (EMBER Remix),Ember
2679020111,On My Way,Sean Ven
2653334439,I Can Finally Sleep,Hybrid Noise/ b-auu
2659606985,Stay,Valorian/ Kelsey Ray
2677235588,Broken Town Remix (Demitri Medina Remix),Johnny Sidney Davis/ Demitri Medina
2670195450,Call Your Name (feat. Heina Official),CRaymak/ Heina Official
2653333630,My Own Home,NUTRICA/ NELLY TGM
2667023758,Say What You Mean,ROY KNOX/ SadBois/ afterxheaven/ Noah Cunane
2675667045,Still Traveling,Alibilan
2676820863,星空,Knight’ Records/ Necy
2673909280,Lost,ITSKI
2670846082,I Am Not Afraid,Derpcat/ Ryleo Goldridge
2653334322,Fall In Love,Deku
2653334323,Our Fairy Tale,Deku
2672660299,Your Love,Mike Rivera
2675209942,Bleed,KAMMEO/ Outertone
2675209943,Back To Life,KAMMEO/ Outertone/ Ann!hilate
2675209941,Tales of Deceit,KAMMEO/ Outertone
2669983664,Til The End,Awakend/ Salvo
2643509549,Dreams,Danth/ Felix Caso/ Shawn O'donnell
2667386811,Apollo,Aaron Shirk
2671873170,Reality Becomes a Dream,Mox Jade/ Calmseer
2664029963,Cursed,Shattertech
2674611269,镌刻 (Saturn Remix),DreamRecD/ Echo-I/ Saturn/ 江传阳ZOG/ 星尘纪之声
2674612231,镌刻 (W.raiNbow Remix),DreamRecD/ Echo-I/ W.raiNbow/ 江传阳ZOG/ 星尘纪之声
2674611267,镌刻 (TaK-Vin Remix),DreamRecD/ Echo-I/ TaK-Vin/ 江传阳ZOG/ 星尘纪之声
2655904739,Losing You,Gryxx
2670015388,Voices (feat. Livingston Crain),DZMA/ Livingston Crain
2672716604,Let It Rain,Zack Gray/ LUVIUM
2672717531,Let It Rain (Short Version),Zack Gray/ LUVIUM
2668866807,Stay With Me,Areeb Mahmood/ Greco Ray
2653772892,Hold Me Back,Awon/ Vodenik/ Dani King
2670383918,In My Head,SVNCTUARY
2670732396,Peace (feat. Meggie York),ALXNDER/ NateRider/ HeroWilson/ Meggie York
2670732312,Shattering the Portal,Celestial Void/ Lonehaven/ Sydney Grimm
2670712142,Passenger Seat,Insko/ Amelie Roden
2671445735,World Alone (feat. Lexi Scatena),Lockbox/ Lexi Scatena
2676482407,Ocean (feat.Arehlai) (YARVII & 7-60 Remix),YARVII/ 7-60// JAMES.C/ Onism.
2674611268,镌刻 (WilliamHenRy Remix),DreamRecD/ Echo-I/ WilliamHenRy/ 江传阳ZOG/ 星尘纪之声
2674612230,镌刻 (Z3NONE Remix),DreamRecD/ Echo-I/ Z3NONE/ 江传阳ZOG/ 星尘纪之声
2660812464,To The Stars,DREAMOIR
2653334936,Out Of My Mind,LIKI Lee/ MHH
2676998920,剑点浮光破重岚,Vencent
2676945211,Unsteady,Ambience/ Saysha
2668343913,Closer (Morva Remix),Morva
2663301006,until my last breath,inmari
2662802452,All For Me (Spring Street Remix),Two Friends/ HRVY/ Spring Street
2674315134,It's Mine Now,SENDIRI/ Donna Tella
2666389886,Die For You,Whales
2676296702,MECHANICAL ANGEL,PHONO RECORDS/ MINNE
2676686686,Beast Mode,Renn/ Ugly Money
2676696599,Better Than Heaven (Blanke Flip),Blanke/ SLANDER/ Jason Ross/ JT Roach
2676680281,toxic till the end (Vellum Remix),Vellum
2673994321,Lights Down Low,Business Casual
2673993681,sunshine//rain,Business Casual
2653335028,Start Over,AVNG
2652350048,Can't Trust,Mozn
2675299051,Obliviate !,萤火冷光_ColdLight/ _Warpcore_/ Tidal Records
2671924829,Cycles [Slowed + Reverb],Slowed Star/ Swole Sauce/ Diana Inez/ Stardust
2667641899,永恒（Eternity）,R3d Cat
2674331259,Lost Vortex（迷失漩涡）,R3d Cat
2674331211,Lost Vortex（迷失漩涡）伴奏,R3d Cat
2675204613,奔向星辰,R3d Cat/ MOSICEN/ Ethereal Records
2676013392,Won't Love Again x Airplanes (SadBois Edit),Chenda/ SadBois/ B.o.B/ Hayley Williams
2676013393,Won't Love Again x Closer (CHENDA Edit),Chenda
2672294132,坠梦,Skyfa1ler
2672830551,但我,ShinYing碎涧星影/ EMAX Sounds Official电子最之声
2672873356,Smokescreen,Cartelos
2675450727,Nova,吃瓜猫
2668669167,Winter Ocean,吃瓜猫/ Kosame雫
2674562787,Goodbye,Nikara Grom
2669289129,Demons（GameArea remix）,Nikara Grom
2673398323,REFØRGE,Kempitone
2653335596,When You're Gone,Lewis Hazlehurst
2675758384,Midnight,Aou
2672932074,Stay,Luminate/ Cvss
2675127939,Know Your Name (Hidden Axis Remix),Elephante/ Hoang/ Halüna/ Hidden Axis
2675127937,All Is Not Lost (Fells Remix),Elephante/ Fells
2675127936,I Don't Miss You Anymore (JONJEN Remix),Elephante/ JONJEN
2675127934,Taste of Your Tongue (MVSE Remix),Elephante/ babyidontlikeyou/ MVSE
2675127932,Leave The Ground (TIFFVNYJOY Remix),Elephante/ Amber Liu/ TIFFVNYJOY
2675127931,Don't Turn Back (GONE ASTRAY Remix),Elephante/ Linney/ Gone Astray
2675127930,Say It Like You Mean It (TWLGHT Remix),Elephante/ SABAI/ Ridgely/ TWLGHT
2675080500,Say It Like You Mean It (Rareno Remix),Rareno
2674562789,Crave U,SoLush
2674563652,Missing U,SoLush
2671517262,JUST U,xoxodubstep
2637495804,Moments That Will Last,Courts/ Joysic/ Axel
2669712965,Flowers,Joe Koda
2670997256,HOPE (I'LL BE OK!),Drowning Soul
2673125960,Last Goodbye (feat. Linds LaCerte),Zioz/ Linds LaCerte
2671315131,Statue,LOWERDIE
2671157201,Better Off,WYLDØNE
2669874439,Lost My Love,Danzzle
2653334758,Fractured Moments,JYOTIN
2665812484,Not Okay,Marc Leo
2673745587,Lost My Love (Extended Mix),MXLAN
2659576510,You Broke Me,XIDERA
2665543916,All Of Your Games,XIDERA
2663808423,Make It Last,Pakto/ M2K Records
2650666998,Disguise,KINGS OF CONFETTI
2667599925,The Kill,Kozmoz/ Micah Martin/ Talix
2660387316,Save Me,Millient
2666485472,Cycles,OMAS/ Medyk
2666820900,Safe and Sound,Kendro/ Livingston Crain
2668856204,Do You,Kaivon
2668699552,Fate (命中注定),STRlighT/ DreamRecD
2666011738,Dawnbringer,King of None
2671016615,Would you be close to me,LazyMario/ Nightcore
2674537770,轨道上行（《轨道蛆猫》主题曲）,Shaw_Tyan
2672224635,Wait For The Storm,Z32/ Hylia/ Arctica
2673926422,Alaska (feat. Casey Cook) (JerScO Remix),Trivecta/ Casey Cook
2673926430,Echoes (feat. Stefan PVDS) (Afinity Remix),Trivecta/ Stefan PVDS/ Afinity
2673926429,All That Ends (feat. Sam Welch) (Last Heroes Remix),Trivecta/ Sam Welch/ Last Heroes
2673926420,From You To Me,Trivecta
2665000753,Forever In Your Eyes,N3WPORT
2669967021,Not This Time,A-ZAR/ Kelsey Ray
2667177130,I See You,Dabin/ NURKO/ Skylar Grey
2674813405,See You Again (Last Heroes Remix),Last Heroes
2674730348,Alaska (Mxnh Remix),Mxnh
2670351396,Anything You Need,RINY
2668221502,We Rise (Chime Remix),San Holo/ Chime
2668222472,We Rise (midwxst Remix),San Holo/ midwxst
2674148901,The Never Land,Rllovx
2674047767,Without Me (DRECHO Remix),DRECHO
2671925497,No One Else [Slowed + Reverb],Slowed Star/ Ericovich/ Mordrez/ Emily Ronna/ Stardust
2671924814,Who I Became [Sped Up],Nightcore Star/ OZIA/ UNDY/ Stardust
2670173408,Cycles [Sped Up],Nightcore Star/ Swole Sauce/ Diana Inez/ Stardust
2671925502,Home [Sped Up],Nightcore Star/ Swole Sauce/ StaiR/ Stardust
2671925496,The World Is Against Us [Slowed + Reverb],Slowed Star/ PRIYANX/ Gemmi/ Stardust
2653335735,Break My Heart,Rhyan
2653334830,Come Back Home,Zephys/ Uwpi
2673441190,Worlds Apart,Sean Ven/ BlessU
2658120647,Little Ghost,XAESAR
2673461289,Passion（Ft.Amara）,Clear Sky
2673435905,化作星尘,Akiuta
2673263207,MARCHING TOWARDS THE FUTURE,Akiuta
2673188449,Welcome To The Black Parade (SadBois Edit),SadBois/ My Chemical Romance/ Trivecta
2672922783,dkdndn,Rllovx
2672661454,Gravity,Sujal/ Surojit Kotian
2672798142,Counting beauty 2021,Miami NIgone 2001/ Rllovx
2672804521,Childhood,Frosted/ Frostfall Records
2665967645,Another Day,Solemn
2669945022,Snow Volcano,Benken
2637495629,Chasing Sunsets,The Kill Romeos/ Worlds Apart/ Luminity/ Jaki Nelson
2629704947,Statue,Dankidz
2668853312,The End,MECHANYX/ Napoleon Majoran
2668853313,Fix Me,MECHANYX/ Napoleon Majoran
2668852691,Salvation,MECHANYX/ Napoleon Majoran
2653335270,Fading Waves,JYOTIN
2669196307,Hold On Tight,Nightsirens/ Lost Ashes/ Yllow
2668856827,The Other Side,Z3NONE
2668470696,Frontline,Abandoned
2669928378,Rise (Lost Wolves Remix),MVSE/ Casey Cook
2671807073,If I Stay (feat. Stephanie Schulte),ROY KNOX/ Austin Christopher/ Stephanie Schulte
2657277649,Dear Moon,WAYWHEN/ Vellum
2670216592,Let Me Be Happy,Aerrow/ Donna Tella
2666485942,I Miss You,SABAI/ Somna/ RUNN
2672496569,Stop The Clock,Juicestep/ Sean Ven
2672390336,Innards,acloudyskye
2669814926,Beyond The Light,Zerror/ 星尘纪之声
2670353101,Against The Wind,Evernorth
2671695109,Euphoria (Pakto Remix),RILEY420/ M2K Records
2672279341,Time Countercurrent,青焰-LD/ _Warpcore_/ LinX·Studio
2668290404,The Secret,Rezzaie
2672115825,DreamRecD-镌刻 （FRUvian / 3flower remix）,FRUvian/ 3flower_葵
2672099246,Breaking Down,FREAKY/ Pushing Daizies/ MelonRose
2672099245,Miss This Place,Pushing Daizies/ Hylia
2672098518,Heart Beats For You,Pushing Daizies/ GLNNA
2658637855,Better Love,FIXION/ Luma
2671957918,NEW STAR,Yogurit/ CLXXB/ 浩林Hali/ 空奈/ MagicM1s1a/ CannedPig/ _Warpcore_/ Stisaal/ i-Snow
2671867658,Keep My Secret,Sean Ven
2662514578,Find Our Way,Kaleidos
2653335271,You & I,Bli5s
2668075519,Shelter (STARFELL Remix),Tark/ Owtlet/ Starfell
2670173416,Losing Faith [Slowed + Reverb],Slowed Star/ Rezzaie/ H3R∅/ Stardust
2670173407,No One Else [Sped Up],Nightcore Star/ Ericovich/ Mordrez/ Emily Ronna/ Stardust
2670191940,143,The_ECERDR/ 萧石零
2671409229,灰白色（Sean Ven Remix）,泽玥Zeyué/ Sean Ven/ Aou
2671149497,Fallin,Quadrant Shield Music/ No-One CN
2670826550,In The End,MitiS/ AMIDY/ Crystal Skies/ Linney
2668400348,Darkcurrent,Vencent
2670109562,Stellar-Whirl,JYOTIN/ Saw2Win
2670712568,Beyond The Clouds,V3RTEX
2644789382,Into My Eyes,Hevian
2666190955,Language,Adam Pearce/ Gabriel Eli
2669690524,Just One Touch,Daxnait
2666052072,DOPAMINE++,Juelz
2644789101,That’s You And I,Cyberpunk
2667898856,Memory Box,Soar
2667898855,FOLLOW U,Soar
2637492846,Want U,Falst
2668856451,Lunar Prism (VIP),JYOTIN/ Saw2Win
2668856450,Ignite,JYOTIN/ Saw2Win
2664504396,Burn,PINS3Y/ Tyler Jayy
2651955955,Lost,Tendrix
2669992675,Right Person Wrong Time,Luci/ JVNA
2668375898,Shadow,JOSS/ Azee/ Jamie Wiltshire
2668375899,Reborn,JOSS/ Emy Smith
2668375900,Stay Forever,JOSS
2666715887,Change Me,Aaron Shirk/ ary kemler
2652278028,Closure,Vermilion
2669174981,Wish I Could Forget (Nikademis Remix),SLANDER/ Blackbear/ Bring Me the Horizon/ Nikademis
2665812038,Dead To Me,J4CKO/ LostVoic3s/ Toryn
2661389059,Too Late,laikd/ Andrew Serino
2653772902,After Life,Cloudy Parallels/ Hidden Axis/ Meggie York
2668592769,Better Now (feat. Casey Cook),Hoang/ VLCN/ Casey Cook
2668592772,No Parachute (feat. Daye),Hoang/ Daye
2668595376,Kids Again (feat. Trella),Hoang/ with love/ Trella
2668592770,Heartstrings (feat. Britt Lari),Hoang/ Britt Lari
2670083476,Self Titled Tour Edit - Finale,ILLENIUM
2669855078,Dance of the Sidhe,AiSS/ NullTech_PARAMECIUM
2669856543,星之誓言,RAI/ NullTech_PARAMECIUM
2669855058,Dance in Slience,玄虚hollow/ NullTech_PARAMECIUM
2667467900,Into The Clouds,Those Who Fly
2664304866,Still Love You,RANASOL/ Pure 100%
2664303926,Run,Pure 100%
2668454152,Velaris Gleam,JYOTIN
2670172939,Why Should I [Slowed + Reverb],Slowed Star/ SPIRIT LINK/ Stardust
2670172928,The World Is Against Us [Sped Up],Nightcore Star/ PRIYANX/ Gemmi/ Stardust
2670172937,Permanent [Slowed + Reverb],Slowed Star/ LostWind/ Donaven/ Stardust
2662073766,Heartbreak Imagine,Sink Air/ _Warpcore_/ URVØXYK
2669137560,Collapse,ZHQ/ 漩涡唱片丨Vortexn Records
2669135969,Collapsed Illusion,Fragile Articles/ Boxtrap
2669137552,Expedition,Hizzy Q/ Boxtrap
2669137562,REACTIVATION,Nacnce/ Arsenic/ Virtual Wave/ Barxosime/ ZHQ/ Novaflame Records
2669135964,Fall Down,_Warpcore_/ LeoMusic-Effect/ 漩涡唱片丨Vortexn Records
2665667406,镌刻,DreamRecD/ Echo-I/ Kyrex-_-/ 江传阳ZOG/ 星尘纪之声
2660232217,Hoarfrost(In the Snow),Yogurit
2663340051,All Place Behind,_Warpcore_/ Ethereal Records
2668119333,Dawn(ZAX Remix),ZAX/ ZAX_HaydenXue
2667555422,Nitrogen (A Piece Of The Desirable Nature),Dr. HγdroCαrbon
2669473566,Resolute,Artisan/ Jay Ocean
2668663402,Statue,ASHTRO
2664930501,Oblivion (feat. Suzuk.io & $yx),$iah/ Outertone/ Suzuk.io/ $yx
2665847564,Wish I Could Forget (William Black Remix),SLANDER/ Bring Me the Horizon/ Blackbear/ William Black
2668070310,Zephyr Flare,JYOTIN
2668894311,I Was Wrong,Frosted/ Whallex/ Frostfall Records
2668894310,I Was Wrong - Slowed & Reverb,Frosted/ Whallex/ Frostfall Records
2668893951,I Was Wrong - Sped Up,Frosted/ Whallex/ Frostfall Records
2644788717,Undr My Feet,CLARI7Y
2668612617,Stay,Jayanth Ak/ Max Mayorov/ Grauv
2668356238,Yours Truly (Tendrix Remix),Tendrix
2629159087,Take My Hands,Tasilev/ Emy Smith
2664438643,Take Us Home,Nexoria
2663392999,Break Me Down,洛岑
2663064818,Overdrive,Rezzaie
2668064834,2024.End,亚哲大大/ UrsusMoko/ Miratrix/ hlb/ Des7ireX/ lazyhuman/ ブリシルム★/ Fanta5T/ Yuebai/ AUBG/ Nightlight/ The AREA 13/ Anicille/ Zipper.Zip/ Vocllum/ L-Gzj/ 觰觰ZhAzHa/ DR.L/ yonewaka/ Zypex/ Alterico/ GUMI
2661871977,Live and Die (feat. TIFFVNYJOY) (CHPTR. Remix),kyootbot/ 9 Worlds/ CHPTR./ TIFFVNYJOY
2667840424,Break Me,JOSS/ Lexi Scatena
2654936497,All I Want,Gryxx
2668676006,The Midnight(Ft.Luna),Clear Sky
2667819376,Echoes in the Dark,JYOTIN
2667818150,Dawnchaser,JYOTIN
2667819377,Crystal Echoes,JYOTIN
2667818152,Crystal Echoes (VIP),JYOTIN
2659633444,The Love We Had,ARMNHMR/ Trella
2664118920,It's raining outside,TRANICI
2663704939,Avalanche,Neal Datta/ Robbie Rosen
2660998990,Just For A Moment (feat. Sāde Frame),Lockbox/ Sade Frame
2668003373,Mất Kết Nối (RyUkai & HungNgo Melodic Dubstep Bootleg),RyUkai/ HungNgo
2665218276,Why Should I [Sped Up],Nightcore Star/ SPIRIT LINK/ Stardust
2665218274,Permanent [Sped Up],Nightcore Star/ LostWind/ Donaven/ Stardust
2667552702,Brahma,Rllovx
2663067298,World Burn,Bllaine/ Violyt
2667494094,Run Away,Sean Ven
2667323549,Take Me Home（Ft.Ella）,Clear Sky
2667257265,Song for all,Layzzz
2657172791,Wherever I Go (Remix),nuves/ Jacob/ Sara Paige
2666632952,Miracal,PAQII/ Calm Sounds
2665649192,Let Go,3eo
2628966564,You Were The One,Skies Apart/ AudioKid/ Jenine
2644789293,With Me,Flowless
2666114550,lights down low,Knock2/ RemK/ XAELO
2661488558,Missing Us,Roha/ Jaime Deraz
2661855803,Alone,StellarHD/ Lexder
2664179876,Waiting For You (8D Audio),8D To The Moon/ 8D Audio/ 8D Tunes/ Tom Platts/ Hannah Paige
2666376329,Stay,Rezzaie
2658417737,Well I Guess Change,Yinger Liam/ SADRECORDS
2662553986,Someone Not Mine (HEINEM Remix),Tyler Jayy/ HEINEM
2652583365,Won't Love Again,Chenda/ SadBois
2657349940,Back For You,Danny Olson/ David Frank
2665721458,Aurora Cascade,JYOTIN/ Saw2Win
2665721459,Crstalleve,JYOTIN/ Saw2Win
2665721460,Midnight Recording,JYOTIN/ Saw2Win
2659633442,Money,Slushii/ 孝渊 (HYO)
2659187881,Who's Haunting You?,Puppet/ Distant
2661053145,Lose Feelings (feat. Luma),Brennan Wolf/ Luma
2644788601,Help Me Out (feat. Zeyué),Alex Cordon/ Karie Zhou/ 泽玥Zeyué
2663809206,Before I Drown (feat. LANDON),Lunastorm/ Outertone/ LANDON.
2665211029,Waiting,No-One CN
2664869538,Lightning Moment (Melodic Dubstep Remix),chickenshout
2644789335,Etherium,Lunastorm
2662311700,Bring Me To Life,Domi/ JAMES.C
2662327402,RIOTS,JYOTIN/ Dharā
2644789405,Craving,Secret Skies
2644789643,Vortexia,JYOTIN
2654738474,Enchained,JOSS/ Felyne/ Saysha
2658403066,Stargazing,DJJonathan/ GD Cookie/ DJ Joker L/ SADRECORDS
2658978072,Higher,Woyfer/ Donna Tella
2647927474,Besides Hope,Miles Away
2655302382,Waiting For You (Nightcore),Nightcore To The Moon/ Tom Platts/ Hannah Paige
2628966547,Lose Myself,Tom Platts/ ADROIT/ Violyt
2652996005,Dream Of U,Hex Cougar/ Malixe
2652996003,Oxytocin,Hex Cougar
2652997262,Eyes,Hex Cougar/ Fate
2664365392,Nightfall,Galena Crew
2608642146,Sugar/ We're Goin Down,Fairlane/ Social Repose
2664365391,Better Off This Way,Cloudy Parallels/ Complexive/ zhou
2657916912,Duckstep,Teminite/ Chime
2654072586,In My Heart,CHPTR./ Strigi/ Wolfpup
2660405375,Magic Mirror (Dawn of Apples/ Hexsyre Remix),Desx/ Zef Parisoto
2644788699,Never,Philip Anticca
2663672632,Alone,Sean Ven
2651213181,Chasing Stars,LazyMario/ FreeMusicWave
2663613473,Comets Crashing,Acer Vantes/ Call Me Keller
2644789333,I Miss You/ I Love You,Doctor Neiman/ Jenny Chapin
2663504889,伤痕,天幕Tiam
2654664331,Haven,3cho
2653449695,DRIVE,KOIH/ Sierra Annie
2656272325,Fall Through,Owtlet
2648387933,Out of Time,Terris/ Zhiko
2658443996,Without You,Joe Koda
2662399936,Words,HASHBBC/ ACHINX
2662446830,Motionless,Nostalgiq
2658530635,Insane,Rezzaie
2657967811,Sands of Time (King Of None Remix),Mox Jade/ King of None
2653684782,Halo,Flöte/ Gracie Van Brunt
2643849869,Heartless,WAYWHEN
2653901560,Castaways,AB5YNTH/ Sydney Grimm
2644792893,Beg You To Stay,Blue Violets/ Ali Schwartz/ Euphoria
2695545290,Lights On vs. This Moment vs. Growing Pains (Lightfighter Mashup) - Crystal Skies/Bumpÿ/YARVII,Lightfighter
31814248,The Silence (feat. Crywolf & Aylen),"PAZ, Crywolf, Aylen"
33516174,Foxfire,J.G.F.
38391241,Nemesis,Z.Λ.R.B/ Jeshikka
36492255,Let Go,Skyvoice
30512731,Blank,Disfigure
31152371,Hollah!,Disfigure
400689172,The Fall (Greg Wonders Remix),Greg Wonders/ Jeremy Vancaulart/ Amy Kirkpatrick
40915419,Follow You (Drakonic Remix),Venemy/ AYANA/ Drakonic
400690439,Hope,Danny Chen
401250551,Falling (Original Mix),Last Heroes
401386178,Radiant,Eckoh/ Jason Poulin
399341211,Moonlight,Robert Chacón
41630151,15k (Skrux Remix),Skrux/ Bone n Skin
403012338,Disarm You (Ryos vs. Slywalker Remix),Ryos/ Kaskade/ Ilsey/ Slywalker
41662352,Away From Me (Equalize Remix),Equalize/ Karina/ Ratfoot
41662351,Forever,Equalize
403012360,Forever,Mataio/ Danyka Nadeau
403012380,Let You Go (Evan Berg Remix),Evan Berg/ The Chainsmokers
403136315,Wide Eyed (Original Mix),TBMA
36587473,Lily (Original Mix),Ziu
31452072,So Help Me,ParanorM̶e̶o̶w̶
401249527,Artifice,Biscoln
35920241,Skyfire (King Trimble Remix),King Trimble
404783353,Stay (Ehallz & Send Off Remix),Ehallz/ Yeahright!/ Azuria Sky/ Send Off
32574830,Guardian,Ziu
28574951,Ninja step (Original Mix),ゆよゆっぺ
400689373,Forgotten Wilderness,Avicta
38679396,Children ( Nightex Remix ),Nightex/ Robert Miles
41672675,Fell Down,Tut Tut Child/ Holly Drummond
36496246,Black Garden,Skyvoice
36270565,The Fire Inside (Original Mix),Outwild/ Josh Ford
33419552,Limelight(Inukshuk Remix),Just A Gent/ Outwild
36095158,Mr. Brightside (Inukshuk Remix),Outwild/ The Killers
36872362,Nova,Breathing Heavily
35920249,sonder (Erio Remix),Erio
41630148,Universe (Mashup),Skrux
35497820,Could It Be (Stratophonic Remix),Raine/ Stratophonic
37988022,Good Luck,A Lightning
37955156,Out of Time [BH Remix],Vicky D/ John Marcus/ BH
37096000,The Worlds We Discovered (Matthew Parker Remix),Matthew Parker/ Twilight Meadow
32803516,Diviner (Original Mix),X-Wise
39224445,Surpass (Polarr Remix),Polarr/ Resonance
36308624,Slipping Away,DJ Swoon/ Michael Herrera
36103575,Stay,Dr. Deimos/ Cloudkicker
38019487,Tonight (Original Mix),Beatcore
400690301,Colors (Xan Griffin Remix),Xan Griffin/ Minnesota
36025584,Home,Elliot Berger/ Notelle
36308588,Quasar,Piece Of Meat/ Laura Leaves
38019460,Forever,Beatcore/ Mr. Welch
33233124,Into My Eyes,Mr. Welch
401250241,Stay The Night (The Machinist Remix),The Machinists/ Zedd/ Hayley Williams
399340469,Cold Without You,Waking Dreams
39436032,Dreamcatcher (Cherney Remix),Lyon/ Sokko
37092497,Fall A Thousand Times (Color Source Remix),Color Source/ Crystal Skies
32823992,Hope (Original Mix),DJ OneSound
403012606,Hope (Original Mix),Toothpick
28493036,Drizzle,Shandy kubota
28493040,First Rain,Shandy kubota
403012334,Fortress,ILLENIUM/ Joni Fatora
26978189,Monster (DotEXE Remix),Meg & Dia/ Dia Frampton/ DotEXE
38019045,Undertale (Chime Remix),Chime/ Toby Fox
36586534,Reminiscence,Lucienmusique
40915414,Move On,Hyler
36095094,Get You,Dr. Deimos
33785092,Horizon,Leviathan
36308898,You Are The Sun (Electus Remix),Electus/ Sean Mackey
36190117,Amazing,Shaper
38392599,Floating (Full Version),Andreas B.
41416554,Zephyr (Original Mix),Chime/ Mona Moua
35956770,Colors,FutureFox/ Mona Moua
35497892,Fly Away Home (Sam Shepherd Remix),Sam Shepherd/ FutureFox/ Mona Moua
31246686,Bittersweet,Ricky Mears/ Mona Moua
399552412,Follow You (Sceptrum Remix),Sceptrum/ Au5
39443015,Pluviophile,Teddy
33984103,Dark Skies,Stepcat/ Kalika
36841543,Say Goodbye,Skyvoice/ Noctilucent
35625252,Secrets,Jusplay/ Mona Moua
36089839,Demons feat. Gia Margaret (Original Mix),Dabin/ Gia Margaret
33391788,Lost Soul,West District/ Mona Moua
37202079,Never Give Up,A Lightning
36307563,Utopia,Xanwow
35956768,Beyond Life,BH/ Mr. Welch
32574124,From Another Earth (Original Mix),Sphericz
32717866,What If..?,Sphericz
32574129,Christmas (Original Mix),Sphericz
36024653,Neoheartbeats,Synx
35314190,Feel So Numb,Xhanto
37095453,Raw,Minnesota
37853754,The Worlds We Discovered (Divinity Remix),Divinity/ Twilight Meadow
37853752,Dreams Of Colors,Dimatis
36496619,Horizon,Skinny Guy
32574644,Spirit Of Things,Noise Killerz/ Mona Moua
36307669,I'm Still Here,Tim Bryant/ Yoe Mase
33314044,Collide,Skrux/ Bone n Skin/ Duelle
34723378,Thoughts (Original Mix),Sphericz
32717163,Moondust,Nyte
34723620,Counting Down The Days (Noise Killerz Remix),Noise Killerz
33255795,Jam With You (Piece Of Meat Remix),Piece Of Meat/ Jerry Jaye/ Iveta
32823942,Aporìa's walls,Elpis
36308593,Atmosphere,Music Predators
453176789,Freeze Time (Inukshuk Remix),Outwild/ Manse/ Alive Berg
422960477,Our Journey,Crystal Skies/ Ashley Apollodor
410628564,Emotional (BEATCORE Remix),Beatcore/ Flux Pavilion/ Matthew Koma
32574860,Aletheia's Lullaby,Elpis
39956107,Fired Up (Synchronice Remix),Kayzo/ Synchronice/ Nina Sung
31452489,Oceans/ Pt. II,Crywolf/ Ianborg
36024611,Want To Be,Bayble/ Holly Drummond
409647145,Demon Days (BH Remix),BH/ Wild Wild Horses
412187994,Mercury,NGC 3.14/ Aeriys
417250284,Adventure,Equalize
409647632,Dreaming,Equalize
403136257,Nightsky,Equalize
411907267,Never Forget,Equalize/ Surface
412175408,Elevate,Equalize/ Shwin
417833544,Astral,Fadent
30431672,Run Away,Fareoh
399340177,Ghosts (Dixon Remix),Feenixpawl/ Melissa Ramsay
407459144,Ordinary Lies (Biscoln Remix),Covex/ Enzalla/ Biscoln
411921342,Fall Into Me (Last Heroes x Biscoln Remix),Last Heroes/ Biscoln/ Arrient/ Evoke
38679399,Spirits,Vorsa
400689466,Time and Space,Mataio/ Toddzilla
412187974,We Had It All,Johnny Third/ See
412902030,Birthplace,Mokksy
37856712,Campfire Anthem (Four Eyes Remix),Revive Us/ Four Eyes
409060870,The Garden of Imperfections (Erio Remix),Erio/ Miro/ Q'AILA
410518583,Desire,Antent/ AYANA/ TNAN
410519578,Remembering Myself (William Black Remix),William Black/ Stephen
410629828,Tonight We Live,Luna
410055760,Fall Into Me,Arrient/ Evoke
399341219,Nightwalker,Emmanuel Cassiers
37988126,Persistence,Madza
399340466,Paradiso,Dead Gravity
30951467,Feelings,JPB/ Mendum
31260954,Dream,Drop Tower/ Martin Luther King Jr.
412187169,Triad,Egzod
411214217,Darkness,Catas/ Reeck
411315864,All Along,Vorsa
412187223,Danger,Z.Λ.R.B/ Stephanie Kay
412175203,Holland (Inukshuk Remix),Outwild/ Glass Face
410518558,Fallen Memories,Sceptrum
409647524,Found (VIP),2 Senses
32574663,We Are One (Noise Killerz Remix),Noise Killerz/ Krewella
410802809,Thundersound,Bass Farmers/ VMP/ Terrain
410802806,Fall Into Me (Chettar Remix),Chettar/ Arrient/ Evoke
34723926,Hide (Sex Whales Remix),Anna Yvette/ Spag Heddy/ Whales
407459174,Rain,Sacred
32737758,Our Madness,Blure/ Car.
31452405,Sirin,Class-x
406346935,Destiny,Zyphen
40915416,Haze,Drakonic
37095770,Everything About You (Sauniks Remix),Sauniks/ The Blizzard & Yuri Kane
406330097,Heaven (Party Pvffs Remix),Party Pvffs/ KSHMR/ Shaun Frank
408055387,Despair (Original Mix),Dreamcather
406737964,Feels (Jai Wolf Remix),Jai Wolf/ Kiiara
405597766,Night Travels,Mintorment
38679822,With You (Noise Killerz Remix),Noise Killerz/ Dirty South
405599203,Transmission (Elder Planet Remix),Elder Planet/ Dritic/ Vextacy
406072148,Colour,Etti
406730204,Feelings (feat. Kelis),Kelis/ Z.Λ.R.B
37955154,Fade (Espenz Remix),Espenz/ Holly Drummond
405987445,Dead in Dull (Original Mix),Puls Garney
403710452,Devils Sap,ProtosoniX
401382181,Crying Soul (Original Mix),DubTeddy/ NIRI
39227966,Blazers (Original mix),Cartoon
36089312,Spitting Fire,Ryan Exley
407002829,We Are From The Future,High Massive/ Osanzi
32924099,Tears,KTSG
31680358,Eye Of The Storm,The Paragon Axis/ Laura Hahn
38019009,Panic (Eckoh Remix),Eckoh/ Phantom Sage/ Detrac
41650520,Augury,Dimatis
38391780,Metropolis,Nyte
406737301,Among The Stars,Sacred
35497624,The Awakening,Silencyde/ KISNOU
406330129,Beautiful Day (Resonance Remix),Resonance/ Misael Gauna
400689469,Who Do U Think U Are (feat. Molly Williams),Nicky Boy
31654299,Over Again (Remix),T-Mass/ Lisa Rowe/ Culture Code
403136280,Give Me Your Love (Vocal Remix),Lucienmusique
39443390,Puru - Homura (SprightS Remix),Puru/ SprightS
33166711,Portal,J.G.F.
36271387,How You Love Me (Espenz Remix),Espenz/ 3LAU/ Bright Lights
406316215,You & I (Killa Hurts Remix),INF1N1TE/ Killa Hurts
36025622,Time is the Enemy,Synx/ SharM
405372753,Nothing Yet,haven
406346986,Mechaheart,Synx
406347929,Shock,Nardis
28530596,Break The Heart,Chrillmix
38019790,Oblivion (Original Mix),Dreamcather
38018782,Winds (Original Mix),Dreamcather
38019791,Shades (Original Mix),Dreamcather
403012383,Mere Moment,The Real Viper
406086015,Fade,Etti/ Sacred
406086021,I Am (Original Mix),Outwild
405597912,I'm Over It,DownFlex/ Valoriz
405597856,New Beginnings (Full Version),Andreas B.
405597764,Sleep,Kozmoz/ Liquid Memoirs
405599640,Can't Stay,Equalize
404783347,Look to the Stars,Thomas Hood/ Synthis
405079951,These Days,West District
30569017,The Edge,Electro-Light/ Kathryn MacLean
39227584,Sands Of TIme,Exogenesis
1388165542,Never Be Alive,Beatcore
1388165536,Come Too Far,Beatcore/ Ashley Apollodor
1419442657,Don't Forget Me,Sullivan King/ Wooli
523046088,Missin' U,Floatinurboat
1403013137,Hateful Love,Floatinurboat
461080426,Broken (Fadent & Soar Remix),Fadent/ atlas/ Floatinurboat/ Soar
427373450,Monody (Floatinurboat Remix),Floatinurboat
410518497,Spirit Of Things,Floatinurboat/ Mona Moua
1354670936,Cosmic,Parousia
1342052837,Forever More (feat. Sky Roses),Afterlite/ Sky Roses
447076169,Monody (Last Heroes x Mynerva Remix),Last Heroes/ TheFatRat/ Laura Brehm/ Mynerva
1416675107,Silver Lining (feat. KARRA),ARMNHMR/ Karra
1416675104,The Universe Is Yours (feat. Micah Martin),ARMNHMR/ Micah Martin
1416675100,Bulletproof,ARMNHMR
1416675099,Forever Young (feat. Melanie Fontana),ARMNHMR/ Melanie Fontana
1418381607,One That Got Away,Jason Ross/ Dabin/ Dylan Matthew
1418381612,Letting Go,Jason Ross/ RUNN
1388845089,Darkside,Parousia/ CATCHTAIL/ Spaceport Records
424477862,Terms and Conditions (Crystal Skies Remix),Color Source/ Crystal Skies/ Ashley Apollodor
1419448378,Body Back (MitiS Remix),Gryffin/ Maia Wright/ MitiS
1383780261,LA Never Says Goodbye,Kayzo/ ARMNHMR/ Kyle Pavone
36190665,Fire Inside (Sauniks Remix),Sauniks/ Gemini/ Greta Svabo Bech
1410775641,Here With Me (feat. Nevve),ARMNHMR/ Nevve
408055097,Fade (Sunday Service Remix),$unday $ervice/ Adventure Club/ Zak Waters
1382366117,Turns To Dust (Ryan Exley Remix),Sound Surfer/ Verso/ Ryan Exley
553815184,Eclipse,Burgess/ JESSIA
1418381606,When The Night Falls,Jason Ross/ Fiora
446508126,Far Away,Ento/ Bao The Whale
1415736301,One That Got Away (with Dylan Matthew),Jason Ross/ Dabin/ Dylan Matthew
1415736300,1000 Faces (with Dia Frampton),Jason Ross/ Dia Frampton
1321597315,Without Me (Nurko & Miles Away Remix),NURKO/ Miles Away/ Halsey
451701396,High Tide (Nurko Remix),NURKO/ Creaky Jackals/ WILD
1418381609,Shelter,Jason Ross/ Melanie Fontana
1403700764,Flatline (feat. Calivania),Blanke/ Calivania
1405248539,Over You (feat. Lena Leon),Wooli/ Lena Leon
1400369392,Mercy,MitiS/ glasscat
1365711550,Unspoken,Oliverse/ Elle Exxe
1401179677,Feels Right (feat. RUNN),Crystal Skies/ RUNN
1401899906,Phoenix (Blanke Remix),英雄联盟/ Blanke
1399660914,For You,Au5
1396157324,Mirrors,MitiS
1396158062,Home (feat. Niko Athanasatos),MitiS/ Nick Warner
1304760930,Quiet Lies,V!RTU
436487803,Drowning,Excision
1321840928,Galaxies,Xandar/ Melanie Fontana
1336856743,Tonight,NURKO/ Luma
453492007,Rolling Dice (Last Heroes Remix),Last Heroes/ Just A Gent
1382942105,Alive (MitiS Remix),Dabin/ RUNN/ MitiS
1371711946,All You Need To Know (Jason Ross Remix),Gryffin/ SLANDER/ Calle Lehmann/ Jason Ross
1387849025,Oxygen,Excision/ Wooli/ Trivecta/ Julianne Hope
1388969113,Hollow,Blanke
523041028,Sagittarius,Xan Griffin/ Alexa Lusader
1381082777,Till the End (feat. Misdom),NURKO/ Misdom
1329122074,Keys (feat. Heather Sommer),William Black/ Heather Sommer
550138210,Million Birds,NURKO/ Elle Vee
33343543,Days to Come (Coyote Kisses Remix),Coyote Kisses/ Seven Lions
33035609,All Alone (Seven Lions Remix),Superbus/ Seven Lions
519935056,I Wish,William Black/ Skylr
862100907,On My Own,Far Out/ Karra
39224603,All In A Day,Danny Chen
31645178,Stay with Me,Christina Grimmie/ Diamond Eyes
33875938,Let It All Out (Xan Remix),Xan/ Kap Slap/ Angelika Vee
1311571565,Altitude,Dabin/ Fytch
31452306,Air,Skyvoice
34723763,Glow (Ryan Exley Remix),Ryan Exley/ Satellite Empire
36308977,Eternal Way,Whales/ Fraxo
36307911,Colors,Minnesota
1309792971,You Don't Even Know Me,RIOT/ SLANDER
556207171,Let You Go,Savoy
548648032,Lights,Dabin/ TRØVES
573495647,Calling You Home (feat. Runn) (Crystal Skies Remix),Seven Lions/ RUNN/ Crystal Skies
548649025,Ocean,Seven Lions/ Jason Ross/ Jonathan Mendelsohn
27630190,Strangers,Seven Lions/ Myon/ Shane 54/ Tove Lo
29600426,Beautiful (Electrocisum Remix),Marc Lawrence/ Electrocisum
431096337,Mastodon (KOALASTEP & Kadenza Remix),KOALASTEP/ Milk N Cooks/ Alina Renae/ Kadenza
414979630,Heart Afire,Defqwop/ STRIX
447281380,Spirit Of Things,Floatinurboat
32823984,Anchor (Mich Remix),Mich
32737396,Dead V,Nightcall/ Dreamhour
1300565417,Home,Excision/ Dion Timmer
400690504,Wormhole,RadasK
31452110,Akisame VIP,ParanorM̶e̶o̶w̶/ Mary Elizabeth Wurthman
401250545,Fall A Thousand Times (Synx remix),Synx/ Crystal Skies/ Ashley Apollodor
39224662,The Garden of Memories,Miro/ Noctilucent
34766655,Contact,Dimatis
458725357,Mistakes (VIP),MadRats/ Kanashiro
27525653,Alone (Au5 & Fractal Remix),Singularity/ Au5/ Fractal
27910126,Summer Ashes (VIP),Kevin Drew/ Taryn Manning
41650525,Shiny Worlds,Dimatis
424264259,Fragments,Dimatis
410519494,Not A Monster,Luan Otten
437292343,Say Goodbye,NEXLA
417250765,Ten Thousand Years Won't Save Your Life (Soare Remix),Soare/ Hammock
31452310,Luminescent,Skyvoice/ Sparkle
399954057,Thunderclap (William Black Remix),William Black/ Adventure Club
400689434,Lost (Original Mix),Bones Noize
471385192,Sound Of The Falling Stars,Animadrop/ Aeris
464188014,Capture (Electromagnetic Blaze Remix),Magiic
34690622,Angelic,ĐESƬFLΛSH
408332707,Usagi dream,Sanaas
1468125789,Feel It All,Kompany
458231706,Interstellar (Ben Walter Remix),Ben Walter/ Hans Zimmer
436346043,From Which I Cannot Breathe (Ben Walter Remix),Ben Walter/ Aeris
1401537581,Cry,Ben Walter
463842441,Suppression,Ben Walter
486837410,Seen It All Before (Ben Walter & TOM. Remix-Cover),Bring Me the Horizon/ Ben Walter
491294467,Hunter (Ben Walter Remix),Ben Walter/ Galantis
480411055,I Won't Forget This (Ben Walter Edit),Ben Walter/ Whales/ Omri
480411059,Fuse (Ben Walter Remix),Ben Walter/ Crywolf
1451831039,Among Us (Dotyo Remix),Dimatis/ Dotyo
1466327604,Interstellar,ci0t
1462851916,Change the World,Xaia/ Rain Man/ Oly
535685788,Concrete Angel (MitiS Remix),Christina Novelli/ Gareth Emery/ MitiS
1459166096,Faith (Aaron Shirk Remix),NURKO/ Dia Frampton
573577057,Go Higher,Terravita/ Chime/ Akylla
1464703409,因为你(TSAR Remix),TSAR/ OneCandy/ 张叶蕾/ Aou
1460083791,Lullaby,Crystal Skies/ Luma
1460791953,Shatterpoint,David Scorz
1462537832,Wasteland (Au5 & Chime Remix),Trivecta/ Au5/ Chime
1419183726,Save Myself,xo sad/ Mendum
1462537833,Wasteland (Wooli Remix),Trivecta/ Wooli
1422606666,Long Way Home (Last Heroes Remix),Tritonal/ HALIENE/ Schala/ Jorza
1342955242,Broken from the Start,Ben Walter/ Ento/ Matt Rysen/ Niti
1421550255,Fading Away,Aaron Shirk/ Aaron Trinh
1462779033,Light Inside of Me (Remix),David Scorz
1460725267,In A Dream,Man Cub/ Svrcina
1460725265,East Of Eden,Man Cub
1460722710,Good Enough,Man Cub/ jen
1393159513,Happy To Be Sad,izzi/ AILIA李璐迦
29816723,Medicine (Sound Remedy Remix),Sound Remedy/ Daughter
1398699606,Silver Lining (feat. KARRA),ARMNHMR/ Karra
1457720137,Running Away,Koreskape/ Sky Roses
1458539060,IAMADEMON,TSAR
1457708161,Shooting Star,DJ Soda
1456102972,Rescue,HGHLND/ Luke Anders
1455397393,Light Inside of Me (Ilysm Remix),Nytrix/ Ilysm
1455394939,Light Inside of Me (PatFromLastYear Remix),Nytrix/ PatFromLastYear
1455397392,Light Inside of Me (Pitagora Remix),Nytrix/ Pitagora
1455394936,Light Inside of Me (Dvrkcloud Remix),Nytrix/ Dvrkcloud
1449295455,Let Light Out (feat. Sunnie Williams) (Kazlo Remix),ARMNHMR/ Sunnie Williams/ Kazlo
1449294566,Infinite (feat. Saint Slumber) (Adam Pearce Remix),ARMNHMR/ Saint Slumber/ Adam Pearce
1449295452,Here With Me (feat. Nevve) (Culture Code Remix),ARMNHMR/ Nevve/ Culture Code
1450163041,Take Me Back,tofû/ Sias
1442744348,Fragile Violence (yetep Remix),Blanke/ Nevve/ yetep
1449686323,The Force,Ben Walter/ Ian Urbina
1443491832,Living With Regret,ROY KNOX/ Shiah Maisel
1450025636,Never Let Me Go,Alesda!
39443010,Tide,Foria
1406380180,Falling To Pieces,David Scorz
417859684,Our Weapons (Abandoned Remix),Abandoned/ DM Galaxy/ Q'AILA
1446768732,Flatline,Sullivan King/ Kai Wachi/ GG Magree
1361723091,Chasing,MayTrix
1447960500,The Collapse,Electus
1444612986,Goodbye,Au5/ NOHC
1441110458,Rebellious,Adventure Club/ Yuna
1441589382,TIME FLIES,弓长君(wave)/ WhiteSpace
1437005295,Wrong To Let You Go,Man Cub/ APEK/ April Bender
1434793140,Save You (feat. Megan Stokes),Riot Ten/ Whales/ Megan Stokes
528273689,Falling,Awakend/ Pauline Herr
1343696454,Hold Onto Me,Awakend/ Herrin/ Sara Skinner
1436802582,Disruption (Misfit Massacre Remix),Extra Terra
426026431,STYX HELIX (SprightS Remix),SprightS/ MYTH & ROID
558560727,The way we were,SprightS
1437840248,我们被扼杀的白天 VIP,黑正真
1451132000,Save You (feat. Megan Stokes),Riot Ten/ Whales/ Megan Stokes
1418253725,Doubt You,Rival/ CADMIUM/ Natalie Holmes
529824871,Sun Won't Rise (MayTrix Remix),MayTrix/ Seven Lions
419254458,Lunar,MayTrix
410628538,Lucid (Jeto Remix),Atlantic/ Slyleaf/ Jeto
498321282,Our World (Jeto Remix),Polarr/ Biên/ Jeto
1438364281,Potions (Blanke Remix),SLANDER/ Said The Sky/ JT Roach/ Blanke
1438363679,Potions (Au5 Remix),SLANDER/ Said The Sky/ JT Roach/ Au5
1363816363,Crush on You,Alesda!
1363814897,Back to You,Alesda!
1437149818,Feel Something,ILLENIUM/ Excision/ I Prevail
1419363360,Eternal Galaxy,Dotyo
1419363655,Lion Heart,Dotyo
1392976774,Red Comet,Dotyo
1419348454,Collision,Dotyo
1422527340,Awake,Dotyo
534066332,Answers (Lite & Soar Remix),Astrale/ Lite/ Soar
1369404655,Nightmare (Nurko & Miles Away Remix),NURKO/ Miles Away/ Halsey
412911579,Promise,Miro/ Satellite Empire
1424678018,Love Ain't Changin (ETERNALDUALS Remix),GhostDragon/ Caslow/ Red Comet/ Alina Renae/ Eternalduals
1424249835,The Universe,Lost Paper
1429601886,Shattered (feat. RUNN),MitiS/ RUNN
1429601885,Home (feat. Niko Athanasatos),MitiS/ Niko Athanasatos
1429602656,Shattered (feat. RUNN) (Culture Code Remix),MitiS/ RUNN/ Culture Code
1316616572,Shiver,Mendum
1316617495,Preludium,Mendum
1316616571,Endless,Mendum
1316616570,Special,Mendum
1316616569,Invasion,Mendum
1316617497,Momentum,Mendum
1420948750,Deep Blue (feat. Monika Santucci) (Nurko Remix),William Black/ Monika Santucci/ NURKO
409931674,Goodbye To A World (Dr. Deimos & Runetooth Remix) [2015 VIP],Dr. Deimos/ Runetooth
1424216182,Only Now (feat. Tyler Graves),Seven Lions/ Tyler Graves
1416398126,Introspection (Original Mix),Dezolent/ Rapzor
513360743,Need You (Arrient Remix),Arrient/ Ember Island
36019635,Disarm You (Arrient Remix),Arrient/ Kaskade
469410925,For Miles & Miles (Original Mix),MitiS
864639378,Together Now,Arc North/ Polarbearz/ Camilla Neideman
520461831,Frost,Synymata/ Miss Mary
1391587396,ULTRA (Crystal Skies Remix),ARMNHMR/ Focus Fire/ Heather Sommer
420500605,Oceans (Astral Remix),Astral/ Hillsong
1372927536,Peace (QUIX Remix),Alison Wonderland/ QUIX
1306694069,Nothing Else Matters,Giraffe Squad/ Tyler Shamy
1340087394,Never Be (feat. AXYL),Giraffe Squad/ AXYL
1327013975,So Far Gone,NURKO/ Autrey
546724457,For Miles & Miles,MitiS/ Party Nails
1329164028,Coming Home,William Black
1358414119,Back To You (feat. Josh Rubin),ARMNHMR/ KLAXX/ Josh Rubin
27813582,Got You Now,Sizzle Bird
505820217,Letting Go,William Black/ Park Avenue
1381054826,Drown the Sky (feat. RØRY),William Black/ RØRY
1299563521,Take Me,William Black/ Matte/ RUNN
1336535961,BLIND,TSAR
29808749,You & Me,Diamond Eyes
1357947620,Stars,Diamond Eyes
550285732,Everything,Diamond Eyes
1367524424,Potions,SLANDER/ Said The Sky/ JT Roach
1346162168,Ocean (Crystal Skies Remix),Ella Vos/ Crystal Skies
1349078023,Another Day,Dabin/ Outwild/ Nevve
1366098786,-The Loneliest Girl (TSAR / Carole & Tuesday Remix)（TSAR Remix）,TSAR
403711528,Spirals,ILLENIUM/ Sound Remedy/ Dana Salah
403710537,It’s All on U,ILLENIUM/ Liam O'Donnell
403711526,Fortress,ILLENIUM/ Joni Fatora
403710535,Reverie,ILLENIUM/ Dana Salah
1343088900,Infinite Summers (Avnav Remix),Aash Mehta/ Lydia Kelly
1343088903,The Call (Ghostdragon Remix),Aash Mehta/ Andy Sandrick
554245642,Everybody Hates Me (Kuur & Exede Remix),Kuur/ Exede/ The Chainsmokers
513363324,Waiting,We Are Fury/ Olivia Lunny
467166490,Abroad,Boxinbox & Lionsize
1366277275,No More Tears Left,ARMNHMR/ Soar
1366277276,ULTRA,ARMNHMR/ Focus Right/ Heather Sommer
1366277278,Save Me,ARMNHMR/ Blosso
1307739706,On My Mind,Qulinez/ Christina Novelli
517566080,We Won't Leave You (Wild Cards Remix),Steve Void/ Wild Cards/ Syence
571340581,Won't Come Back,ARMNHMR/ Jex/ Convex
437859137,Ocean Eyes (Young Bombs Remix),Young Bombs/ Billie Eilish
1359719100,Starry Eyes (Steerner Remix),Young Bombs/ Steerner
573240023,Grow,Joakim Lundell/ Tom Noah
1341903396,Make A Promise (feat. Elle Vee),Culture Code/ Elle Vee
1359718310,Pray (Blanke Remix),ILLENIUM/ Kameron Alexander/ Blanke
550137229,Lost Time,Wild Cards
1329891159,Without Me (ILLENIUM Remix),Halsey/ ILLENIUM
1297747560,Take You Down,ILLENIUM
1322338635,This Feeling (Afrojack & Disto Remix),The Chainsmokers/ Kelsea Ballerini/ Afrojack/ DISTO
493042529,Magic on You,TinyC/ Trixidy
1323987109,God Damnit,ILLENIUM/ Call Me Karizma
1318731523,VESK GREEN - Escape (MASTER) 2,VESK GREEN
1317457541,对不起,Panta.Q 郭曲/ 周深
865451337,Gold (Stupid Love),Excision/ ILLENIUM/ Shallows
546722488,Moments,MitiS/ Adara
550712208,Mine (Bazzi vs. Young Bombs Remix),Bazzi/ Young Bombs
501220696,How U Like Me Now,Savoy/ Roniit
556204229,Out of the Dark,BEAUZ/ Luke Anders/ Elle Vee
35031379,那儿，家,foldin
34834741,Time Stops (feat. Danyka Nadeau),Virtual Riot/ Danyka Nadeau
33111560,Beautiful Now (KDrew Remix),Zedd/ Jon Bellion/ KDrew
422094263,Alone,Nyte
28636040,Hero,Pegboard Nerds/ Elizaveta
411214032,Chances (ST4RBUCK Remix),ST4RBUCK/ Evilwave/ Jay Jacob
33765301,Born Alive (Mashup Remix),MitiS/ Krewella
33765318,Born in Clarity (DirtyMight MashUp),MitiS/ Zedd/ Foxes
438904025,Ascension (XI Vayne Mix),xI/ MitiS
33071119,Beneath Us (Original Mix),MitiS/ SubLioN
33418878,Pluto (Drop Tower Remix),Drop Tower/ Nyte
473742434,If It Means A Lot To You (Cherney Remix),Cherney/ ADTR
27903692,Radioactive,William Joseph
31284010,We Rise,San Holo
36024644,My House (Sullivan King Remix),Sullivan King/ PVRIS
30432081,Skrillex Medley,Katdrop
28723886,Shadow Of The Sun (Adventure Club Remix),Max Elto/ Adventure Club
456175243,Move for Me (Hex Cougar Remix),Hex Cougar/ Kaskade/ deadmau5
26486731,Boss Wave,Xilent
401250572,Somewhere Far Away (Original Mix),Drop Tower
31514310,If Only You,Drop Tower
507585221,Where'd U Go,ILLENIUM/ Said The Sky
403711527,Sleepwalker,ILLENIUM/ Joni Fatora
400581350,Afterlife (feat. Echos),ILLENIUM/ Echos
491295042,Fractures (Trivecta Remix),ILLENIUM/ Nevve/ Trivecta
405599648,Don't Let Me Down (ILLENIUM Remix),ILLENIUM/ The Chainsmokers/ Daya
26278741,Born (Original Mix),MitiS
26278742,Endeavors (Original Mix),MitiS
422419111,Crossed Paths,Elektronomia
473940907,Sound of Walking Away,ILLENIUM/ Kerli
507585217,Free Fall,ILLENIUM/ RUNN
38019092,Lifeline,Zeraphym 六翼使徒
425053702,taylor swift - I Knew You Were Trouble（jack1936bootleg）（Jack1936 remix）,Jack1936
26250196,Medicine (Sound Remedy Remix),Sound Remedy/ Daughter
33365020,Slipping Away (Myrne Remix),MYRNE/ Cheney/ BH
489998002,Step by Step,Slushii
28803640,Follow You (Rootkit Remix),Au5/ Danyka Nadeau/ Rootkit
27750089,Starlight (Collin McLoughlin Remix),Don Diablo/ Matt Nash/ Collin McLoughlin
26610785,I Knew You Were Trouble (Dubstep mix),DJ PRS/ Taylor Swift
514052560,病名は愛だった (TSAR Remix),TSAR/ 柚子茶
1473593211,If,acaer/ AIKA/ Airuei/ Anemoi/ Kotori/ Polarr/ Similar Outskirts/ Slappy/ Soba/ Synthion/ Tenkitsune/ Trifect/ Winamp Boys
1472807768,All Night (Slowed N Reverb),The Vamps/ Matoma
1470891756,Another Me (Whales Remix),Excision/ Dylan Mathew/ Seven Lions/ Wooli/ Whales
1388286226,Take Your Time (feat. Satellite Empire),Last Heroes/ Satellite Empire
1388286228,Moments,Last Heroes
1347227961,Another Day,Dabin/ Outwild/ Nevve
1304848496,Dreamin' (feat. Fiora),Seven Lions/ Fiora
1419383928,Interlace,Bendel/ acloudyskye
34516282,Atlantis,Au5
1389911993,Overcome,Synymata/ Q'AILA
1437148285,Ride Or Die,Antent/ Maltex/ Dimentros
1302090474,Ghosts,Abandoned/ Soar
513357760,An Angel's Acrimony,Animadrop
1365157897,The Darkness,Xilent
1382939632,Part-Time Lover (Crystal Skies Remix),Dabin/ Crystal Skies/ Claire Ridgely
1401180145,Never Change (feat. Gallie Fisher),Crystal Skies/ Gallie Fisher
1418092940,Butterflies (feat. Dia Frampton),William Black/ Fairlane/ Dia Frampton
558560424,Phantom,Nardis
31452186,Again (Skyvoice Cover/Remix),Skyvoice/ no-no
468517895,Soulwind,Lockyn/ Aztech
1382942101,Alive (Trivecta Remix),Dabin/ Trivecta/ RUNN
547969501,Misty Mornings,Broken Elegance
1434332317,MY EYES,SHEKINAH
1472125086,War Cry VIP,SHEKINAH/ Terror Yaki
459025584,Standing When It All Falls Down (feat. Roshi) [Official NiP Team Song],John De Sohn/ roshi
1398954041,Limelight (NGHTMRE Remix),Just A Gent/ NGHTMRE
424474730,Dream State,Kozah
1388966375,We Are The Ones,Myon/ BEAUZ/ Jenn Blosil
1459818933,Voices,Bossfight/ Philip Strand
431080887,Six Feet Under (Hazey Eyes Remix),hazey eyes/ Billie Eilish
1420925702,Running Back To You,We Are Fury/ Alexa Lusader
1410330948,Where Do We Go (VIP),Mazare/ RUNN
1329076309,Lose You Too (Severo Remix),SHY Martin/ Severo
1448600058,Drop Our Hearts/ Pt. 2 (feat. Sirma),ILLENIUM/ Said The Sky/ SIRMA
1409691741,Love Is Gone (Crystal Skies Remix),SLANDER/ Dylan Matthew/ Crystal Skies
463840837,Something Just Like This (Ento X Argentum Remix),Ento/ Argentum/ The Chainsmokers/ Coldplay
1341503663,Kids (with Miranda Glory),LIONE/ Miranda Glory
500410024,When You're Gone (ANGEMI Remix),ANGEMI/ Avril Lavigne
1409691739,Love Is Gone (Danny Olson Remix),SLANDER/ Dylan Matthew/ Danny Olson
1424487818,Saviour (feat. CRaymak and Tasha Baxter) [CRaymak VIP Remix feat. Kaleidoscope Orchestra],CRaymak/ Tasha Baxter/ Flux Pavilion/ Kaleidoscope Orchestra
420513580,Gone,Valoriz/ Nottich/ Aria AlterEgo
427542524,You're The One,Matthew Steeper/ Vorwerk/ Mazare
1450512377,Used to Be,Zhouna
1418381608,Someone That I Needed,Jason Ross/ Dia Frampton
1397786537,Sunlight,InfiNoise/ Nilka
1432035658,Hard To Say Goodbye (feat. Chloe Angelides) [Nitti Remix],Ekali/ ILLENIUM/ Chloe Angelides/ NITTI
1443109714,Falling Apart,Zhouna/ EZBOX
1403423879,The Universe Is Yours (feat. Micah Martin),ARMNHMR/ Micah Martin
1302455859,Deep End (Trivecta Remix),STANDERWICK/ HALIENE/ Trivecta
1439312640,Honest (Midnight Kids Remix),San Holo/ BROODS/ Midnight Kids
1438389728,Potions (Danny Olson Remix),SLANDER/ Said The Sky/ JT Roach/ Danny Olson
1420650860,Dreaming (feat. Luma),Last Heroes/ Luma
414980107,Rebirth,Last Heroes
1430181278,Horrors,Miles Away/ Autrey
1378288596,Forever By Your Side,Awakend/ Azuria Sky
1384496797,Broken Ones,ILLENIUM/ Anna Clendening
1433425151,Only Now (feat. Tyler Graves),Seven Lions/ Tyler Graves
1431057281,Memory,NABI/ A7t1Cus/ Stories
1422868629,Breakable,Kayzo/ Graves/ JUMEX
1422226232,Don't Mean Nothin',六克Ryuk/ Annamarie Rosanio
1325079834,Willow Tree,Rival/ CADMIUM/ Rosendale
513360057,If Only (Mega Collab),San Holo/ EASTGHOST/ Analogue Dear/ Taska Black/ DROELOE/ Losi/ ILIVEHERE./ GOSLO
534067425,We're All We Need (Vanic Remix),Vanic/ Above & Beyond
32046046,Losing You,Vanic/ Aquilo
31165167,Skinny Love (Vanic Remix),Vanic/ Birdy
30780479,Drop Our Hearts (Part II),ILLENIUM/ Said The Sky/ SIRMA
1342501597,ILLENIUM / Fort Minor-Where'd U Go-FansMashup（TMacry remix）,TMacry
1384492898,In Your Arms,ILLENIUM/ X Ambassadors
1310024267,Losing Our Minds,Taska Black/ Nevve
1410815564,I'd Do It Again,CRaymak
1368546535,Clouds (Feat. Delaney Kai),NURKO/ Delaney Kai
526464815,Best of Me,JRL/ Max Landry
573684317,Please Stay,tyDi/ Kundo
1358393929,Tornado,Trivecta/ Monika Santucci
1404817539,Hard To Say Goodbye (feat. Chloe Angelides),Ekali/ ILLENIUM/ Chloe Angelides
1346093052,Atoms (Said the Sky Remix),RL Grime/ Jeremy Zucker/ Said The Sky/ Jeremy Zucker
1387553828,OMG (Anki Remix),Gryffin/ Carly Rae Jepsen/ Anki
1393125434,All You Need To Know (JVNA Remix),Gryffin/ SLANDER/ Calle Lehmann/ JVNA
1394963435,Hero,Said The Sky/ Dabin/ Olivver the Kid
35345831,One Day,Whales/ Phantom Sage
557581550,Scars,ilan Bluestone/ Giuseppe De Luca
31563980,Twerk (Aero Chord Remix),Diamond Pistols/ Anna Yvette/ Aero Chord
1384492897,Sad Songs,ILLENIUM/ Said The Sky/ Annika Wells
534540158,Wolves (Crystalize Remix),CRYSTALIZE/ Selena Gomez/ Marshmello
463352431,Oasis,Adara
1357788486,Next Life,Adventure Club/ Crankdat/ Krewella
1364262796,Back to You,Elliot Berger/ Laura Brehm
518894980,Believe,Elliot Berger/ Laura Brehm
529662103,I Like Me Better (Matte x Alex Cortes x The Wavez Remix),Matte/ Alex Cortes/ Lauv/ The Wavez
1308193960,Light Up The Way,William James/ yetep/ Chæ
449818233,Creep (William James Remix),William James/ Ember Island
1363534317,6 Years (Feat. Veronica Bravo),Ryan Exley/ Veronica Bravo
410801215,Six Feet Under (Ryan Exley Remix),PhaseOne/ Ryan Exley
33861008,Fade (Ryan Exley Remix),Ryan Exley/ Adventure Club/ Zak Waters
446549368,It's All On U (K?d Remix),ILLENIUM/ Liam O'Donnell
446549370,Without You (William James Remix),ILLENIUM/ Skylr
417859012,Without You,ILLENIUM/ Skylr/ tofû
529814689,I Wish (tofû & Yetep Remix),tofû/ yetep/ William Black/ Skylr
565966094,I Wish (Matte X Kuur Remix),Matte/ Skylr/ Kuur/ William Black
1306496120,Lost (Matte Remix),Matte/ Chelsea Jade
491695760,I'm Ok (Matte Remix),Matte/ Manila Killa/ AObeats/ Shaylen
1389240548,Don't Know Why,We Are Fury/ Danyka Nadeau
1336856521,Save Me,Burgess/ Dani King
1299557514,Programmed to Love,Ray Volpe
1299571012,Sherwood,Chime
865465616,Living Out Loud (Extended Mix),JayKode/ Karra
864099723,Soldier (Original Mix),Chime/ LoneMoon
573577416,Saving Light (TwoWorldsApart Remix),TwoWorldsApart/ Gareth Emery/ STANDERWICK/ HALIENE
573582049,Wet Napkin (Chime & Ace Aura Remix),Chime/ Ray Volpe/ Ace Aura
570304452,Digital_Luv (Original Mix),Rob Gasser
566443661,Reborn (Kotori Remix),Kotori/ Becko
550404928,Slow Burn (feat. Alexa Ayaz) (Original Mix) (Slow Burn (Original Mix)),Culture Code/ Alexa Ayaz
28667025,Here It Comes,Pegboard Nerds
463159138,Need Your Heart 2.0,Adventure Club/ Dion Timmer/ kai
454966863,Days to Come (Panda Eyes Remix),Panda Eyes/ Seven Lions/ Fiora
555950470,High When I'm Sober (Au5 Remix),DGTVL/ Funkagenda/ JVMIE/ Au5
520404067,Goo Lagoon,Au5
487190526,Arise,Au5
32857435,Spirals,Sound Remedy/ ILLENIUM/ King Deco
27681423,Blossom,Au5
557583239,State of Mind,Teminite
1495316379,Heroes (Irons Remix),Throttle/ NICOLOSI/ Irons
1490304172,Khnum (feat. Earthlinger),Caster/ earthlinger
1496000630,Breaking Your Void (feat. Sweet Pea),Xavi/ Sweet Pea
1303010596,The Journey,Au5/ TRØVES
1463603625,Desolation,Dvrkcloud
1808008620,燃烬,白昼星BZX/ Bumpÿ
1424102711,倦鸟知返,穷辛Korsion
1482283109,Breathe In The Moment (Awakend Remix),Man Cub/ APEK/ HALIENE/ Awakend
1488918175,Give Up On You,hayve/ ROY KNOX/ imallryt
1494521274,Strangers,Haley Maze/ ShockLine
1492270191,Wherever We Are (feat. Monika Santucci),Far Out/ Monika Santucci
1479472933,Fresh Blood,Fancy Monster
1479473626,Invisible,CRaymak/ Fransis Derelle/ LINDZ
1479472931,Firewall,Computa
1479472926,Disappear,Everything Must Go/ Blake Lewis
1479473621,So Long,Whales/ Micah Martin
1479679778,Coming Home (feat. Linney),ARMNHMR/ Linney
1482279508,Breathe In The Moment,Man Cub/ APEK/ HALIENE
1482283108,Breathe In The Moment (Au5 Remix),Man Cub/ APEK/ HALIENE/ Au5
1488678413,Paper Thin,ILLENIUM/ Tom DeLonge/ Angels & Airwaves
1488502921,Hurts Sometimes (with Jonathan Mendelsohn),SLANDER/ Fairlane/ Jonathan Mendelsohn
1474482542,I'll Be Your Home,Aaron Trinh
1486645590,Love Like Us (feat. RUNN),Last Heroes/ RUNN
1477761453,Sapphire,Aaron Trinh/ Midnight Sky/ ENROSA
1474265537,Melt,Au5/ Jeto/ Cristina Soto
1476756161,Falling To Earth,Fluse/ Olympc/ Mary Sweet
1347227967,Home,Dabin/ Essenger
1466783939,Dying,Slippy
1467062551,Better Off Lonely,NURKO/ RØRY
1447715284,The Pages - Amadeux Remix,Outwild/ Miles Away/ Amadeux
419254472,Eden,Hydral/ Vanessa Lani/ Freeday
1489221115,Falling,Aaron Shirk/ Brooklyn Barry
1363303865,Lost City,Aaron Shirk
1405088533,Lie To Me,Jade Key/ Mary Sweet
1458245501,Porter Robinson-Shelter （UIL Bootleg）（UIL remix）,UIL
1485814432,Over and Over,neutral./ Luma
1487304059,The Whale,Spaceport Records/ Lions In The Sky/ Rial
1481297533,New Amsterdam,Fox Stevenson
1487344182,ILLENIUM-Pray（Bumpÿ bootleg）（Bumpÿ / Illanim remix）,Bumpÿ/ ÿqmud
1483255247,We ought to（伴奏）,Spaceport Records/ Timirage/ Heydboy
1483250759,Palette（伴奏）,Spaceport Records/ JuggShots/ Choco田卓彤
1471024999,気の夏,VIA/ INFinite/ 闇音レンリ/ SADRECORDS
1433786460,格式化,TSAR
1439662040,机 械 心,TSAR/ 兔子ST
1436585616,S T A R S / / /,TSAR
1438363680,Potions (William Black Remix),SLANDER/ Said The Sky/ JT Roach/ William Black
1438363684,Potions (Danny Olson Remix),SLANDER/ Said The Sky/ JT Roach/ Danny Olson
1438364285,Potions (Brondo Remix),SLANDER/ Said The Sky/ JT Roach/ Brondo
1438364283,Potions (TYNAN Remix),SLANDER/ Said The Sky/ JT Roach/ TYNAN
1438363683,Potions (Hekler Remix),SLANDER/ Said The Sky/ JT Roach/ Hekler
1438363682,Potions (Mazare Remix),SLANDER/ Said The Sky/ JT Roach/ Mazare
1438364282,Potions (Eliminate Remix),SLANDER/ Said The Sky/ JT Roach/ Eliminate
1470441310,Butterflies (Mazare Remix),William Black/ Fairlane/ Dia Frampton/ Mazare
1397741110,Starlight,J.Fla
1455678358,My mind's so lost on you（N2V Remix）,BrainStorm/ N2V
573577440,Where'd U Go (Thoreau Rework),ILLENIUM/ Said The Sky/ Thoreau
1379978019,Takeaway,The Chainsmokers/ ILLENIUM/ Lennon Stella
1482648905,依然(Donny x 5m Remix),Donny/ HAUS/ Panta.Q 郭曲
1474810916,Gold In The Valley,MitiS/ Elle Vee
530986444,Rara,冷炫忱Curtis Cold/ 刘柏辛Lexie
1425996983,生还,MiraclE/ TalanTara傅悦/ 啜欣宇
1365046574,Good Things Fall Apart,ILLENIUM/ Jon Bellion
507585226,Crawl Outta Love,ILLENIUM/ Annika Wells
1384496793,That’s Why,ILLENIUM/ Josh Golden
1471857376,For You,if found/ Meggie York
1477734641,Kingdoms & Castles (feat. tribes) (Still Kids Remix),Virtual Riot/ tribes./ Still Kids
1478301059,Elise (tofû Remix),Gareth Emery/ tofû
1479507344,Crashing,ASLAN/ MiraclE/ PurpleBattery
1480199530,Cry (Trivecta Remix),Gryffin/ John Martin/ Trivecta
1475811899,Where We Are,Bear Grillz/ Adventure Club/ JT Roach
1449790102,Dazed,AthBe
1461598411,Arrival,Maltex
1387087812,Where Do We Go,Gidexen
433681859,All We Know (Anki Bootleg Remix),Anki/ The Chainsmokers/ Phoebe Ryan
400690551,Language (Anki Bootleg),Anki/ Porter Robinson
1476219294,Palette,Spaceport Records/ JuggShots/ Choco田卓彤
1449294568,Forever Young (feat. Melanie Fontana) (Anki Remix),ARMNHMR/ Melanie Fontana/ Anki
1467011320,Electric Kids (Anki Remix),Tritonal/ Linney/ Anki
1469902562,Walk Through Walls,HALIENE
1471674586,No Place To Hide,Gidexen
1474018731,Nightlight,ILLENIUM/ Annika Wells
1469199497,At Least It Was Fun,JVNA
1369363442,Photograph,Kai Wachi/ Claudia Bouvette
865466441,Living Out Loud,JayKode/ Karra
1366740840,Afterlife (feat..E),Lions In The Sky
477936238,Truth (Erio Remix),Erio/ Tristam
419250593,FTL: Mk. II,Makaseo
1301416077,The Secret,DM Galaxy
552458329,Aries,Xan Griffin
1400965930,Falling,Crankdat
1402598203,Sapphire,Nyte
37092498,Fallout (Remix),Rameses B
1344439577,One Less Star,Direct/ Killabyte/ Matt Van
424262248,Our Kingdom (Full Version),Andreas B.
430043476,Another World (Full Version),Andreas B.
1327987801,You Don't Even Know Me,SLANDER/ RIOT
30590259,Insight,Haywyre
29759340,Pluto,Nyte
486814256,Slow Dive,Seven Lions
1387849026,Another Me,Excision/ Dylan Matthew/ Seven Lions/ Wooli
1353168751,Go Like,Fox Stevenson
1384277549,Breathless,Sullivan King
429482658,Stay,West District/ Mona Moua
1313860134,IMOUTO,约翰AJC
1383782173,Alone,Kayzo/ Our Last Night
32944785,Cosmic Love (Seven Lions Remix),Seven Lions/ Florence + The Machine
412175984,Aurora (Original Mix),Daniel Rosty
26362806,Horizon (Original Mix),Singularity/ Nilu
487587909,Break Me,Trivecta/ Karra
26573842,One For All/ All For One,Razihel/ Virtual Riot
575014050,Bad Dreams (Feed Me Remix),Pete Yorn/ Scarlett Johansson
31152266,La Lune,Madeon/ Dan Smith
30245131,Pressure,Draper/ Laura Brehm
1297750792,Harder/ Better/ Faster/ Stronger (Far Out Remix),Far Out/ Daft Punk
462516191,Supernatural (Sunday Service Remix),$unday $ervice/ Boombox Cartel/ QUIX/ Anjulie
1363664893,Island (feat. Nevve) (Au5 Remix),Seven Lions/ Wooli/ Trivecta/ Nevve/ Au5
28094810,Last Chance (Dirtyphonics Remix),Kaskade/ Project 46/ Dirtyphonics
29313173,In My Eyes,MitiS
26520608,Truth (Dabin Remix),Tristam/ Dabin
534541258,Nanamori,Kotori
409941805,DI,A Lightning
423407556,Deception,Protolizard/ ColBreakz
31835262,ŜℙΔCẺẞÖṶŃĐ (Eliminate Remix),Eliminate/ Eminem
514054535,Lost It All,Zyzyx
41650518,Sea of Envy,Mich
28668210,One Night Only,Trivecta/ Yohamna Solange
464647681,Luminous,Geoplex
469410961,Friends Forever,Tisoki/ Oliverse
431855025,Vortex,Panda Eyes
414691380,Nostalgia 64,Panda Eyes
422094986,Catch Up (Original Mix),Chime
32717173,Atlas,Nyte
464674657,Aether,Geoplex
1835265189,Running Away (feat. Ashley Apollodor),MitiS/ SubLioN/ Ashley Apollodor
1483116144,Focus (feat. Heather Sommer),Far Out/ Heather Sommer
1393314828,First Time (feat. Dylan Matthew) (NGHTMRE Remix),Seven Lions/ SLANDER/ Dabin/ Dylan Matthew
1815517840,Wake Me Up,Beatcore & Ashley Apollodor
1840332551,Where Are You (Juuku Remix) (Juuku Remix),Feather/ juuku
1840349863,Like Water (feat. Jadelyn),Crystal Skies/ Danny Olson/ Jadelyn
1839374921,Head In The Clouds (feat. Nevve),Bear Grillz/ Nevve
1840892124,Sunrise,Aaron Shirk/ Azuria Sky
1833619414,Entanglement,Convexity
1828761545,Motion,Dr. Ozi/ Chime/ Trinergy
1823504857,Dreamland,SaMZIng
1817300301,Sacrifice,yetep/ KLAXX
1818068025,Breaking Free (Skybreak Remix),Ace Aura/ joegarratt/ Skybreak
1818961524,Wanna Love,Chime/ Franky Nuts/ Oliverse
1809494504,Chapter 5 (The Final Judgement),Masq
1805017076,Ever After,Abandoned/ Elle Vee
1805017070,The Last Time,Excision/ Whales/ RIELL
1835502137,What Would It Take,Elle Vee/ Sentient/ Jago
1835557550,Lifeline,Fancy Monster/ Daisy Guttridge
1835332015,All End Up The Same,The Arcturians
1833530481,Let You Go,Lockbox/ Ehallz
1830892837,Sun Comes Up On You (feat. Amidy),ARMNHMR/ Anki/ AMIDY
1833944083,Take It All,Aaron Shirk
1834480744,Hold On,Lost Wolves/ glasscat
1834480743,When The Sky Falls,Lost Wolves/ Tadeusz/ Jack Patrick
1835266139,Without Me (feat. Danni Carra),MitiS/ Danni Carra
1832030583,Too Weird,Whales/ Kini Solana
1832031855,Scarred,Whales/ HERCULEZ
1832031854,The Last Time,Whales/ Excision/ RIELL
1832030577,Too Much,Whales
1827895006,Here Right Now,NURKO/ Monika Santucci
1822748691,One Sided (feat. Mark Klaver),ARMNHMR/ Miles Away/ Mark Klaver
1826925415,Hold On,Lost Wolves/ glasscat
1830601708,Too Weird,Whales/ Kini Solana
1822392632,When I'm With You (feat. neverwaves),SLANDER/ Synymata/ neverwaves
1819321026,Afterglow,Beatcore/ Livingston Crain
1825847396,Hurt (feat. Zack Gray),MitiS/ Zack Gray
1822917452,Where We Are (Pushing Daizies Remix),Bear Grillz/ Adventure Club/ JT Roach
1820796501,Was It You,Au5/ HALIENE
1819813579,Hurt (Kaidro Remix),NERVO/ Frida Sundemo
1822429639,Blindspot (Beatcore Remix),NURKO/ Devon Baldwin
1814260151,Unity,Kaidro
1819116305,City Lights (BrillLion Remix),Caslow/ Exede/ BrillLion
1819116306,City Lights (Lama Remix),Caslow/ Exede/ lama
1486882731,Firelight,MEDZ/ WRATHE
1813492806,Safe & Sound,MEDZ
1819117303,Days Of Our Youth (MEDZ Remix),Caslow/ Exede/ MEDZ
1444474174,All Alone,Sonic Journey
1451785950,Better Now,Man Cub/ jen
1492378496,Follow (feat. Katie Sky),12th Planet/ Katie Sky
1820057356,亚哲大大-2020.End（Mestie remix）,Mestie
1819858555,Don't Let Me Down (feat. Eunoia),Skyvoice
1368550889,Talking Backwards (feat. TRØVES),S1LVA/ TRØVES
1806256030,Stayed (feat. Eda Lovelace),Aaron Trinh
1819002250,Try (feat. RØRY),MitiS/ RØRY
1818998483,Homesick (feat. SOUNDR),MitiS/ SOUNDR
1812447643,Homefree (feat. Koreskape),Sky Roses
1811554461,Wonderland,MBN
1813414459,Where I Belong,Nasko
1814945569,Back To Earth (feat. Five Night Stand & Crimson Lake),Does Everybody Love?/ Dotyo/ Five Night Stand/ Crimson Lake
1814985267,Sleepwalking,Bandlez/ Strocksu/ Katie Sky
1813456188,Lifeless,Sullivan King
1813163537,Enemy (with Shane Told of Silverstein),PhaseOne/ Silverstein
1811155586,Closer Than You (Skybreak Remix),William Black/ AMIDY/ Skybreak
1811160811,Closer Than You (Sharks Remix),William Black/ AMIDY/ Sharks
1811155583,Closer Than You (Franky Nuts Remix),William Black/ AMIDY/ Franky Nuts
1805036674,The Way To Infinity,Au5
1807565246,Humanity,Panta.Q 郭曲
1804490041,In The Darkness,Alesda!
1806720173,Bad Things (Kaidro Remix),Alison Wonderland
1501390337,Intertwined (feat. RUNN),Jason Ross/ RUNN
1494155867,Blindspot/ Pt. 1,NURKO/ Devon Baldwin
1494449283,Coming Home (feat. Linney),ARMNHMR/ Linney
1494449281,Learn To Love (feat. Soundr),ARMNHMR/ SHSTR/ SOUNDR
1494449279,Fragile (feat. Melanie Fontana),ARMNHMR/ Melanie Fontana
1501908605,Thinking Of You,Skyvoice
1501889115,Bad Things (Kaidro Remix),Alison Wonderland
1391430297,Destiny,Urbanstep/ Soar
571338898,How It Goes,neutral.
1461306745,All That I Know,Grant
1815839233,Golden,Outwild/ She Is Jules
1817590360,Anywhere,Adventure Club/ ARMNHMR/ HALIENE
1810707883,Breakdown,JVNA
1814836284,可还是不能没有她,马海昕/ MFun/ TOX
1814387506,Take You Down With Beautiful FreeFall,Bumpÿ
1482614803,不再 (feat. 陈宥如),izzi/ MiraclE/ 陈宥如
1482614802,暮影 (feat. 尉迟歆媛),izzi/ 马海昕
1470022205,Wallflower (feat. Rouxx),Outwild/ Rouxx
1482596195,The Way You Are (feat. The Ready Set) (N3WPORT Remix),Outwild/ The Ready Set/ N3WPORT
1482597313,The Way You Are (feat. The Ready Set) (Miles Away Remix),Outwild/ The Ready Set/ Miles Away
1470023075,Chasm,Outwild
1482597312,The Way You Are (feat. The Ready Set) (Vaance Remix),Outwild/ The Ready Set/ Vaance
1498098747,Justify feat. Katie Sky,CRaymak
1804367667,I Remember,Adam Pearce/ Xela
1496216645,Neo (NUU$HI Remix),Snavs/ NUU$HI
1496514435,Ember,Fransis Derelle/ CRaymak/ HVDES
1494449280,Somebody To Love (feat. GLNNA),ARMNHMR/ KLAXX/ GLNNA
1483104592,For a Minute,Justin OH/ JAMIE
1430096278,Voidwalkers,Au5/ Chime
1482125785,Unexpected ERROR,Yooh/ 夜見乃エネ (Ene Yomino)
1473757872,Iris (re_vital-eyes),Ace Aura
41667511,The Great Divide (Seven Lions Remix),Seven Lions/ Velvetine
1466953472,早已离去,六克Ryuk/ 普映蒙
1424491848,Saviour (feat. CRaymak and Tasha Baxter) [CRaymak VIP Remix feat. Kaleidoscope Orchestra],Flux Pavilion/ CRaymak/ Tasha Baxter/ Kaleidoscope Orchestra
1420765982,Find A Release,The Arcturians/ Hyukari
1369985055,I'd Do It Again,CRaymak/ Saint Yves
1415953440,Trapped In a Simulation,PsoGnar
1415735670,When The Night Falls (with Fiora),Jason Ross/ Fiora
1414782630,Cycles of Interstellar Space,PurpleBattery/ Ellivs
1414783850,Possibilities,PurpleBattery/ Cre-sc3NT
1405068929,Exhilaration (Dimatis Remix),Sappheiros/ Lotis.
1404849706,Slowdance,Jeto
1397142514,When I Lost You (Extended Mix),Ross Rayer/ Hidden Tigress
1401456194,Permafrost,Elemn
1391718579,In Your Head,Rival/ CADMIUM/ Micah Martin
1391588144,So Long/ My Friend (Yetep Remix),ARMNHMR/ Ashley Apollodor
1392705434,Something To Believe In (CRaymak x Fransis Derelle Remix),Doctor P/ CRaymak/ Fransis Derelle
1394745735,When The Night Falls,Jason Ross/ Fiora
1383736592,Missing You,Beatcore/ Ashley Apollodor
1390601273,Memories Of You,Ray Volpe
1387003261,Unstoppable,Teminite
1381082571,Never Be the Same (feat. Micah Martin),William Black/ Micah Martin
1370879924,Ruins (feat. Micah Martin),William Black/ Micah Martin
1383001302,Burning Bridges,Beatcore/ Ashley Apollodor
1382271289,Don't Bring Me Down,Justin OH
1377700571,Never Let Me Go,MiraclE
1373153863,Stars,Oolacile/ Ace Aura
1367115519,Infinite Wings,Au5/ Ashley Apollodor
1367115517,Stargate,Au5/ Tasha Baxter
1365157898,Code Blood,Xilent
1365371794,Rescue,Zeds Dead/ Dion Timmer/ Delaney Jane
1358166303,The Darkness,Xilent
1348936487,Pixel Perfect,Chime
1341520066,Alive,Dabin/ RUNN
1346694151,Run (Chime Remix),Chime/ Xilent
1346710590,Mist (Original Mix),Extant
1343449796,Ultima,Pixel Terror
1343799406,Can't Feel It,Chime
1336999980,Parousia (Blacklolita Remix),xi/ Blacklolita
1324254793,Goldfinch,Chime
1323949474,Make Me,Teminite/ Said
1324830026,Fall Apart (Beatcore Remix),Beatcore
1316979421,Love Is Over,Rob Gasser
1316974652,Stars Fall Down,Rob Gasser
1313102814,Coins!,Chime
1313102107,Duality,Nasko/ Dubtastik
1311532726,Axis,Trivecta
28028680,Just Smile (Original Mix),Spaarkey
534542285,Blue Sky,Misael Gauna
2056300414,Divination,Juelz
2637441863,Back To You (BrillLion Remix),BrillLion
2042460770,The Pain,Low Distance
2008169400,Forget About Me,Wolfpup
2072803187,Erase Me,Gravas/ Fransis Derelle/ Frank Zummo/ Tea Timerz/ CRaymak
2066346318,We'll Make It,Rezzaie/ H3RØ
2086790954,Let Me Love You,Flöte/ Medyk
2099896952,Cold,Aleus
2114092130,Someone Else (Blanke Remix),Sullivan King/ Blanke
2040812187,Reset,CHPTR./ Hylia
1958565146,Ready For Love,SABAI/ Caslow/ Exede
1963883402,Take Off (Exede VIP),Exede
2069827863,placeholder,Oru
2116451123,beyond,Mendum
1481527103,Hold On,Chill Satellite/ Annamarie Rosanio
1333110075,Twinkle,Xilent/ Chime
35920537,Stuck in Dreams,Nightcall
2680997847,Gold (SPIRIT LINK Remix),Koven/ SPIRIT LINK
1989013393,Fight For You,Fransis Derelle/ Guerro/ Josh Rubin
2675191488,Slow Dive (Last Heroes Remix),Last Heroes
28715188,Transformations,Rameses B/ Laura Brehm
1341660175,I'll Be Right Back (VIP),Beatcore
543355845,You Don't Want Me (Crystal Skies Remix),Beatcore/ Ashley Apollodor/ Crystal Skies
440464564,Broken (Codeko Remix),Tritonal/ Jenaux/ Adam Lambert/ Codeko
1301456849,Love U Right (Yetep & Zephure Remix),Tritonal/ Lourdiz
1333279093,Gonna Be Alright (Man Cub Remix),Tritonal/ MoZella/ Man Cub
1405015384,Never Be The Same (Crystal Skies Remix),Tritonal/ Rosie Darling
1863354400,Crystal Nova,BRONZY/ DEATHORIA
1846668998,Verge,Caster/ The Arcturians
1834390569,You & I [SENZA Remix],Ehallz/ Nelle/ Shmel
2636546729,Mayhem,Stryer/ Kelsey Ray
1379615828,Flaws,Fair Dawn/ aru e
1379616481,Puppy Love,Fair Dawn/ Lysk/ i'd rather not/ gyrofield
2634776267,If I Lost You,ARMNHMR
1933731189,Drown (ft. Meggie York),Aaron Shirk/ Meggie York
2075024209,Echoes In Eternity,Notaker
2098345049,Lights,Synymata/ Leah Culver
417250674,With You (Crystal Skies Remix),Crystal Skies/ ILLENIUM/ Quinn XCII
1477421509,Wrong To Let You Go (VAANCE Remix),Man Cub/ APEK/ April Bender
2029396880,A DREAM,N2V
1881732249,Steifell (feat. Meggie York),Moon Rush/ Meggie York
1881732248,Alia (feat. Meggie York),Moon Rush/ Meggie York
1397506565,Sign Of Time,Dimatis
2000879902,Never Let You Go,Tripulse
1870367042,Campfire,Axiis/ Gunni
1921825129,Caught in a Dream,kiddpatek
1972966785,Chamber,ISOxo
1495939769,Magic,Highlnd/ AKACIA
1352760942,IOU (feat. Emilie Brandt) (Crystal Skies Remix),Jason Ross/ Emilie Brandt/ Crystal Skies
1950219472,Sleep (with Calcium),Sullivan King/ Calcium
1954872164,Waking Up,Danny Olson/ Becca Krueger
1376681597,FEAR;life,Cloudier
506094278,Dance of Love (Rameses B Remix),Laura Brehm/ Rameses B
1983838192,Touchdown,Aaron Shirk/ Julian Dae/ Valid Point.
1940059572,Give It All,Dante Levo/ Skull KiD/ XELA
2083296092,Feel It Too,CHPTR./ Melissa Lamm
1976920687,The Reason,CHPTR./ Oswood/ Max Landry
1981487496,Something's Different,jav3x/ Daye
2004547184,Hero (BrillLion Remix),Lost Wolves/ Weldon
1944427783,Work In Progress (Love Myself),Lost Wolves/ She Is Jules
1861286799,One Day,LODIS/ Lost Wolves/ Exede
1834480117,Ocean,Lost Wolves/ glasscat
1911087327,Closure,Neddie/ FEAR UNKNWN
1493780442,where do we go?,shameless.
1866164650,Eyes Closed,Brainrack/ Eyezic/ ALLEYCVT
1945972720,High on Life,Afinity/ AMIDY/ Egzod
2086217789,Harder to Breathe,SABAI/ GISHIN/ ONLY GAIN/ Donna Tella
33316574,Dear Past (Z.Λ.R.B Remix),Z.Λ.R.B/ Sphericz
422463788,Bloom,KAIZEN/ Shinigami
41650549,Fluidity (Exclusion Remix),Exclusion
30987236,Like I'm Falling,Piece Of Meat/ Laura Leaves
427542610,A Way Home,KO:YU/ Don Palm
500399011,Kuyenda,Lennart Schroot/ Unknown Brain/ SRU
508917233,Brighter Skies,Lightscape/ Azuria Sky
1462787361,Fighters Do (feat. SWEEDiSH),Dannic/ Rumors/ Sweedish
29486945,Oasis (Vocal Mix),MitiS/ Crywolf
1417983526,Redo,Crankdat
559237967,Resplendent,Geoplex
1390031591,Breathe In The Moment,Man Cub/ APEK/ HALIENE
536570613,The Way I Do,MARC/ Caroline Høier
469065153,Hold (feat. Daniela Andrade),Dabin/ Daniela Andrade
1355169504,Vision,Lost Sky
1382515308,Chemicals,JVNA
1442681212,Back To U,SLANDER/ William Black
34532921,Gold Dust (ILLENIUM 2015 Remix),Galantis/ ILLENIUM
1376669199,Way Down,Au5/ AMIDY/ Karra
557581207,Before You Go (Full Version),Andreas B.
38673507,Stay With Me,Mendum/ Oliver
5074218,Talent Goes By,Tristam
528270664,Voyage (Kotori Remix),Kotori/ Synthion
432698794,Date (Kotori Remix),Kotori
1426802233,Nightmare (feat. rx Soul),Bear Grillz/ rx Soul
1413377035,Sandcastles,Slushii/ Ookay
1419433426,Collapse,Pixel Terror/ neverwaves
1419873498,The End,tofû/ Faithroze
1419912480,I Need You,Nyte
36102584,Nothing More (Erio Remix),Erio/ Yoe Mase
1307222812,The Promise,Nanomake
1342726555,Alone,Kayzo/ Our Last Night
521418153,I Fall Apart (Slander Remix),SLANDER/ Post Malone
2618969170,Falling Stars,Vincent/ Nevve
2607283426,You Behind,Ashley Apollodor/ Beatcore
2625635085,Easy (Celestial Void Remix),SOUNDR
2612915571,Where To Go,Egzod
2608979852,Remedy,Egzod/ Adalaide Adams
2602573220,Strangers Again,Monika Santucci
2609474897,Forget,Arione/ TSUKI RECORDS
2157088817,Poison,Zarka
2164333329,Way To U,ALTER/SELF
2144364177,Dreamstrive (feat. Nyrra),Levianthz/ Adorable Bounce/ Nyrra
2151273622,Jungle,JOSS/ Azee/ Elise Painchaud
2158426372,Remember When,Antaño
2151051891,When We're Together,Synymata/ Monika Santucci
2133690845,OVER AGAIN,Rezzaie
2157747491,Better Off Without,Jay Emo
2158117783,Under Pressure (feat. Sarah de Warren),Jason Ross/ Kill The Noise/ Sarah De Warren
2157775221,Anchor,Last Heroes/ ERV ELLO
2133649923,Honest (feat. Jaime Deraz),ALTER MOON/ Jaime Deraz
2152293364,Rewind (UXxn Remix),Nexoria/ Charlie Copper
2135102456,Be There,jav3x/ Donna Tella
2146771985,Highway Ride (J4CKO Remix),HHMR/ JWoods/ Emily Fox/ J4CKO
2146969284,Heartbeat,JOSS
2144912950,Lie Awake,SadBois/ Xyan/ Donna Tella
2139884763,Oblivion,STAR SEED/ Syberlilly
2149378072,When I Fall,Teminite/ CADMIUM
2133004377,Feel The Same Way,Santa Maria/ Tom Platts/ Destiny Hooks
2124731205,Back To U,Clear Sky
2142428893,Giving Up You Now,Odd Blossom/ Kevin Moffat/ Jake Cooper
2139998975,Lost,Chrona/ Lizzard
2141683641,Dying Wish (BrillLion remix),Casey Cook
2133098001,Used To Be So Strong,Synymata/ The Arcturians
2141275268,Feels Like,Cerus/ 3LUME/ Lousy
2137643968,Lifeline,Kaivon
2137823621,Doubted (feat. Mag3nta),X/L/ Nembus/ Outertone/ Mag3nta
2135580778,Make This Right,PARADAY
2125160289,Won't Ever Let Go,Aluxio
2138895219,Lost (Meant To Be),yetep/ Casey Cook
2129438945,Won't Take The Blame,Draeden/ Add1ction
2133220357,Daydreamer,RINY
2131881543,No Longer Mine,Leeva
2125445517,Constellation,Ipsiom
2118296886,You Don't,We Rose
2125997312,Test (feat. Saysha) (Areeb Mahmood Remix),Kaptivate/ Areeb Mahmood/ Saysha
2123390180,Unreal,Joe Koda
2126890767,Yesterday,Insko
2126046887,Shadows,LÊ IZNER/ KRANEZ/ Simone Elisa
2126937871,I Guess We Lied,RITIX/ SUNHO
2129080714,So Long,Cloudy Parallels/ Veela
2130259248,Glow In The Dark,Kai Wachi/ Trella
2131196426,Hollow,skyfvll
2125430010,Blame,Sullivan King
2126068645,Not Moving On,J4CKO/ Rareno
2118679595,Paint Me,BraydenK/ Akacia
2123214141,SOS (LOSTWIND Remix),Devin Riggins/ LostWind
2125035850,Stay (feat. gavn!),MitiS/ Crystal Skies/ gavn!
2123120543,Way For Us,yetep
2122082423,Still My Everything (Fox Rays Remix),The Abound/ Fox Rays
2100993357,Take It Back,Fairlane/ Silverstein
2114620611,Cross To Bear,King of None/ Celestial Void/ Nightlark
2111995593,Warrior Of The Woods,Lonehaven
2102192363,From The Mountains To The Stars,Animadrop
2104948923,Heaven,Rival/ KC/ Blanke
2108619657,Miss Me More (Yøuth Remix),H4RRIS/ Lexi Scatena
1928965546,Elysian Dreams,Celestial Void/ Mox Jade/ Sydney Grimm
2046675845,Drops Of Jupiter,Danny Olson/ David Frank
2048286164,Identity,ぼぉの
2048190640,Symptoms,Culture Code/ LUVIUM
1459161364,Another Way (Blanke Remix),Seven Lions/ April Bender/ Blanke
2005711111,Only You (Marze Remix),AVELLO/ Madeline Austin/ Marze
2003461727,Walked Through Fire (REMNANT.exe Remix),Awakend/ Isaac Warburton
2034842043,Living Colour,Tom Platts/ kareen the rose
1964587723,Disappearing Now (Abandoned Remix),NURKO/ Chandler Leighton/ Abandoned
1461317148,Cross the Line,yetep/ Vincent/ Danni Carra
449578868,Thrones,Satellite Empire
2011386086,Kaleidoscope,Rareno
2021333002,Crystal Clear,Aaron Shirk/ Isaac Warburton
1850026717,One Night (Nick Ledesma Remix),Outwild/ Nick Ledesma/ KC
2034084903,Between (feat. Eli Teplin) (Trivecta Remix),Seven Lions/ Eli Teplin/ Trivecta
2020476073,Fall Apart,Sullivan King/ Excision
2029499436,Twilight Empress,Celestial Void
2008453447,Hollow,Dabin/ Kai Wachi/ Lø Spirit
2023131607,Love Runs Out,Afinity/ Dror
2012601947,Free Again,CloudNone/ Taylr Renee
2010415839,Stand Our Ground,Behwnm/ Mehromero/ Celestial Void/ Hylia
2017073140,Don't Forget,Man Cub/ Allie Crystal
2011654433,Fallin',Aint That All/ Mike Robert
2009632115,Numb,N3WPORT/ George Cooksey
1850436481,Dying Star (2013),Au5/ Juventa/ Charlie Bath
2017217551,Parachute (Nikademis Remix),HALIENE/ AMIDY/ Nikademis
1921170364,Ever Known,AMIDY
1851553912,The Worst Of You,AMIDY
420069101,See The Sky (feat. HALIENE),Breathe Carolina/ Jay Cosmic/ HALIENE
1382475114,Thunder,Burgess
1492272146,Alchemy (feat. RØRY),Far Out/ RØRY
2019176185,Odd Ones Out,Last Heroes/ RUNN/ Dia Frampton
1481304439,This Moment (feat. Gallie Fisher),Crystal Skies/ Gallie Fisher
1999153456,Bad Habits,Mike Robert/ ROY KNOX/ hayve
35755289,Counting Down The Days (Faux Tales Remix),Faux Tales/ Above & Beyond
35848810,Atlas (Abandoned Remix),Abandoned/ Faux Tales
865021923,Dreamin' (feat. Fiora),Seven Lions/ Fiora
1998556337,Fool's Gold,Caslow/ Olivia Ray
1393454130,Already Dying (Crystal Skies Remix),Ben Walter/ Ashley Apollodor
1853756534,Beautiful Disaster (feat. RUNN),Bear Grillz/ LODIS/ RUNN
1399042644,Nothing Left (feat. RUNN),Wooli/ William Black/ RUNN
1919116917,Lonely Nights,ARMNHMR/ Synymata/ Medyk
1957885310,Future Worlds,MEDZ/ Nytrix
1995137504,Promises,Bumpÿ
1983383169,Perfect Imperfections (feat. Eleanor Forte),AIKA/ Eleanor Forte
1971201655,Army Of Angels,Synymata/ Elle Vee/ Andy Kautz
1957618995,Can't Forget,jav3x/ GhostDragon/ Daye
1450893384,No Sleep,Last Heroes/ RØRY
1302091052,Time (Ben Walter Remix),Ben Walter
1357447061,Naked Soul,NURKO/ Cherney/ Elle Vee
1488457944,Foolish Of Me (feat. Jonathan Mendelsohn),Seven Lions/ Jason Ross/ Crystal Skies/ Jonathan Mendelsohn
1968981865,All I Need (feat. your friend polly),Jason Ross/ Grant/ your friend polly
1896418931,New Year Protocol 7: Altered,modus.
1914878237,No Matter What,N3WPORT/ Sarah Rose
491294093,The End (Original Mix),Beatcore/ Ashley Apollodor
1496522725,7 Seas,BrillLion/ Jade Key/ Varsha Vinn
28466114,Worlds Apart,Seven Lions/ Kerli
1944531073,Won't Make A Sound,ARMNHMR/ NURKO/ Micah Martin
1842561505,Without You,ROY KNOX/ CRVN
1995337990,Wild Winds,AMIDY/ Man Cub
1496919711,Waterfall,ROY KNOX/ Ellen Louise
1945806068,Walk Me Home (feat. Chelsea Cutler) (Blanke Remix),Said The Sky/ ILLENIUM/ Blanke/ Chelsea Cutler
403012361,Wake,Mendum/ Abandoned/ Satellite Empire
1830595454,Voyage,Mendum/ Abandoned/ DNAKM
1992791030,Underneath My Skin (Crankdat Remix),HALIENE/ Crankdat
1809318323,Try (feat. RØRY),MitiS/ RØRY
468517836,Thrones (Last Heroes Remix),Satellite Empire/ Last Heroes
466794665,Thrones (Crystal Skies Remix),Crystal Skies/ Satellite Empire
1391013502,There's Only You (Crystal Skies Remix),Above & Beyond/ Zoë Johnston/ Crystal Skies
1448419923,Take You Down (Nurko Remix),ILLENIUM/ NURKO
1984767612,Stop Thinking (feat. Lights),Seven Lions/ Lights
1304848494,Start Again (feat. Fiora),Seven Lions/ Fiora
1382990726,Shining,ROY KNOX
1365157916,Shelter (feat. Melanie Fontana),Jason Ross/ Melanie Fontana
453463579,Shatterpoint,Trivecta
1851554716,Sanctuary,AMIDY/ Awakend
1350078187,Sahara Love (Seven Lions Remix),Above & Beyond/ Zoë Johnston/ Seven Lions
1920572254,Sail Away (feat. Jay Mason),Trivecta/ Jay Mason
434659448,Rush Over Me,Seven Lions/ Said The Sky/ ILLENIUM/ HALIENE
1961158497,Ready (Ray Volpe Remix),Dabin/ William Black/ Try to Find Me/ Ray Volpe
1438376524,Potions (Blanke Remix),SLANDER/ Said The Sky/ JT Roach/ Blanke
2001267868,Picture,SLANDER/ Alison Wonderland/ Said The Sky
1941733497,The Chasm,SprightS
2042255769,Nothing Ever After,ILLENIUM/ Motionless in White
34179954,Happy Accidents,Inukshuk
1452612972,Please Say Goodbye (feat. Brooklyn Barry),Paper Skies/ Aaron Shirk/ Ehallz/ Brooklyn Barry
2015688679,Aura,Dimatis
2013764791,Start Again,VNDETTA/ Linney
1946088792,Memory Away (feat. fakelife),Trivecta/ fakelife
1490304173,Curse Of The Silk Road,Caster
2000609463,Back to Me,Afinity/ Nevve
2018753408,Hate Me (SadBois Remix),Two Friends/ SadBois/ Billy Lockett
2036120540,The Sown,Celestial Void/ IVEEN/ Nightlark
2034028206,Stronger (feat. Concrete Castles),Stryer/ Concrete Castles
2047935354,Ultraviolent,Kill The Noise/ Shadow Cliq
2039078265,Someone To Forget,ARMNHMR/ Lights
2037027084,Quantum Level,Prismatic/ Au5
1911667636,Bittersweet,Soar/ Julian Dae/ She Is Jules
2022566177,I'll Be There,STAR SEED/ Nina Sung
2042255760,Starfall,ILLENIUM
1468134582,Only You,DG812
1859588224,Bring You Down,Beatcore
1437158852,Step By Step,Jeto/ Slyleaf
2030393805,Fighting For,KEPIK/ Liel Kolet
2020787817,Fix Me,SKYLER/ Josh Rubin
2009498137,Light Within,Soar
2017125621,Drowning,Heleen/ ARMNHMR
2018216449,With You,Low Distance
1946950786,Oblivion,Rival/ Fairlane/ Philip Strand
1874591263,One More Hour (VIP),Ehallz
1916366855,Almost Home (MitiS Remix),Above & Beyond/ Justine Suissa/ MitiS
1962217484,How Long,LostWind/ BrillLion/ UNDY
2024512612,Stay The Night,Last Heroes/ DYSON
2017441998,Wish You The Best (Bumpÿ&JerScO Remix),Bumpÿ/ JerScO
2030112458,Meant To Be Lonely (feat. Donna Tella),Ray Volpe/ Donna Tella
2027173177,Up In Smoke,Bear Grillz/ Luxtides
2012057950,Apocrypha II: Behold the Lauded,Satellite Empire/ Ironheart/ Caster
2020522154,Counting The Days (feat. Kindred),Chassi/ Stryer/ KINDRED
2037053945,Save Me (From Myself),NURKO/ Kyle Hume
2035822248,Reasons,Excision/ Wooli/ The Devil Wears Prada
2023447838,A Queen May Fall (feat. Easae),Highlnd/ EASAE
2007450325,Reach Across the Sky (Crystal Skies Remix),HALIENE/ Crystal Skies
2025434492,It’s Gonna Hurt,Sullivan King
1844623991,That Could Be Me,KLAXX/ yetep/ Meggie York
1995338839,Motion,AMIDY/ Abandoned
1851554715,Where My Heart Goes (feat. KARRA),AMIDY/ Karra
1930674507,Dead In The Water (feat. Zack Gray),Falling North/ Zack Gray
1501393233,Moonchild (Trivecta Remix),Elysian/ Trivecta
1917535980,Afraid To Love,Far Out/ Karra
2027174200,Too Long,NURKO/ Cruel Youth
1804646283,Sky High pt.II,Elektronomia
1964587719,Spinnin' Wheels (STAR SEED Remix),NURKO/ JT Roach/ STAR SEED
1932721483,First Place,yetep/ Caslow/ Lexi Scatena
1438376372,Potions (Au5 Remix),SLANDER/ Said The Sky/ JT Roach/ Au5
1481305102,Requiem,Crystal Skies
1384496800,Gorgeous,ILLENIUM/ Blanke/ Bipolar Sunshine
1922442108,Diamond Eyes,Ahee
1887182749,Hollow Eyes (feat. EKE),Synymata/ KLAXX/ EKE
1393336475,Diavolo,Samekichi
1874314532,Shadows (Xavi Remix),Seven Lions/ Wooli/ AMIDY
1983648398,**** Your Sunshine (Adventure Club Remix),Łaszewo/ Adventure Club
1950451416,Blame Myself (ILLENIUM and Virtual Riot Remix),ILLENIUM/ Tori Kelly/ Virtual Riot
1876659571,Awaken,Au5/ NOHC
1481304442,Crash & Burn,Crystal Skies
1494781146,Your Fault,Excision/ SLANDER/ Elle Vee
507585216,Let You Go,ILLENIUM/ Ember Island
28535186,Lullabies (Adventure Club Remix),Yuna
1486646452,Better For It (feat. Clay Finnesand),Last Heroes/ Clay Finnesand
35440189,Amor,Fractal/ Syrin
30870502,December,Seven Lions/ Davey Havok
33497628,Glow,Satellite Empire
1815944838,Safe With Me (Last Heroes Remix),Gryffin/ Audrey Mika/ Last Heroes
534540261,New Dawn,Ben Walter/ Satellite Empire
1881955702,Pantheon,Blastoyz/ Dimibo/ Jason Ross/ Kill The Noise/ Seven Lions/ Trivecta/ Wooli
1325898800,The Chasm (Ben Walter & Satellite Empire Remix),Ben Walter/ Satellite Empire/ Crystal Skies
1986633449,Youth,MitiS/ Crystal Skies
1893501148,Wouldn't Know You,yetep/ Luma
2076368635,Gates of Duat,Celestial Void/ Lonehaven/ 3Kingdoms
2066173273,It's Just You (KEPIK Remix),STAR SEED/ Nytrix/ KEPIK
2092882852,24／7/ 365 (Remix),Bumpÿ/ ÿqmud
2085947554,Edge of Letting Go (feat. Nytrix),Egzod/ Nytrix
2055201406,Follow You Home (feat. Sarah de Warren),Far Out/ Nikademis/ Sarah De Warren
2087276773,Phantom Love (feat. Sarah de Warren),MitiS/ Sarah De Warren
2067755096,When Did The Love Die,LostWind/ PRIYANX/ Daisy Phillips
2093744748,My Escape,MEDZ/ Exede
2084127190,Butterfly (KEPIK Remix),HALIENE
2090271486,Next To You,Excision/ AMIDY
2080162188,Nostalgia,Elektronomia
2080115313,INTRA-STASIS,1788-L
1476347479,Any Closer,Netrum
1996614950,Home feat. Adryanna Cauduro,Youth In Circles
2048459088,Not Fear,LostWind/ ARNHEMIA/ MIMI OCEAN
492144617,Mountains,Ether
1971445214,Rainway,Crysels/ VERMIN’Records
1301574443,Fuse,Last Heroes/ Derek Joel/ Oklusion
520277112,Lush,Au5/ Last Heroes/ Holly Drummond
2066173272,I'll Be There (VIP),STAR SEED/ Nina Sung
1835265191,Back To Me (feat. Bella Renee),MitiS/ Bella Renee
2075774053,Circles,Kill The Noise
1835265186,Forgotten,MitiS/ Crystal Skies
1912583706,All I'd Ever Need,STAR SEED/ Meggie York
1918915998,Emotion Sickness,Said The Sky/ Parachute
2022301091,Alive (feat. Opposite the Other),Seven Lions/ Opposite The Other
2081437720,Waiting,Au5/ Crystal Skies
2064540069,Nirvana,Crystal Skies/ AMIDY
2053239809,Worlds Away,Dabin/ Trella
2048163332,Final Journey,Aaron Shirk
2046657821,More Than I Can Say,BrillLion/ SUNHO
2064688578,Closer,ROY KNOX
1946089738,Castle Walls (feat. Casey Cook),Trivecta/ Casey Cook
2067120160,Blood Moon (VIP),Rival/ Egzod/ Dayce Williams
2030949341,Phoenix,Egzod/ Bianca
1958518364,New Horizons,Dvrkcloud/ Isaac Warburton
1968981868,Slow It Down (feat. L8NCY),Jason Ross/ L8NCY
1968981863,Hate This Kind of Love (feat. HOLT),Jason Ross/ Holt
1877904606,Try (feat. RØRY) (Zion. Remix),MitiS/ RØRY
1877905206,Try (feat. RØRY) (Fairlane Remix),MitiS/ RØRY
1964412177,Do You Remember (Aaron Shirk Remix),H4RRIS/ Nicole Apollonio/ Aaron Shirk
2064925407,Eyes Wide Shut (feat. Travis Barker) [Culture Code Remix],ILLENIUM/ Avril Lavigne/ Travis Barker/ Culture Code
2063086536,You I Needed,Last Heroes/ TRØVES
2060217199,Treasure You (She Was Silver Remix),Mox Jade/ She Was Silver/ Sydney Grimm
2048191776,Greatest Love,Culture Code/ Elle Vee/ Sz
2051707943,Phantoms,Man Cub/ Allie Crystal
2054063900,The Answer Is Nowhere,Puppet/ if found
1362607511,Fix You,Danny Olson/ Jadelyn
1855330115,Sedated (feat. Concrete Castles),Bear Grillz/ Stryer/ Concrete Castles
1948781077,Liar,Juggernaut.
2032574417,Glory (Original Mix),Anki
1418382212,1000 Faces,Jason Ross/ Dia Frampton
2034415373,Alone Together,yetep/ Kyle Reynolds
2025434487,End of Us,Sullivan King
2002418682,Skydream,Crysels/ VERMIN’Records
2052010837,Firelight (Danny Olson & Skybreak VIP),Danny Olson/ David Frank/ Skybreak
1456344380,Let You Down,if found/ Veda
1427055697,Apocrypha,She Was Silver
2046683186,Melt Away,Digital Skies
2044615727,Set Me Free,Aaron Shirk/ UNDY
2026466347,pale blue/ pt. 2 (Aaron Shirk Remix),Days To Waste/ Aaron Shirk
2024743558,garden,shameless.
1445951789,Known You Before (Trivecta Remix),Jason Ross/ Seven Lions/ Emilie Brandt/ Trivecta
2028671256,Fly Again,CADMIUM/ Evilwave
1993052362,My Story,SPIRIT LINK/ DarkKnife/ Hylia
2018152659,Surrender feat. Next to Neon x A:M (Youth in Circles Remix),Flux Pavilion/ Next to Neon/ A:M
2010701483,Apocrypha I: Warrior's Vigil,Satellite Empire/ DREAMOIR
2020526285,Lost,YARVII/ 天幕Tiam/ 兔子洞Rabbit Hole Records
2028159399,I'll Be Your Home,Afinity/ Lizzy Land
2028121241,Losing Sleep,Araya/ Monika Santucci
2039273047,Piece Of Soul,BoySam/ BrillLion
2041167353,Already Gone,Sineself/ Luma
2034410204,Overcome,CENTRIC
2036403992,I Love You Enough To Let You Go,Last Heroes/ Nevve
2035363480,Time,Danny Olson/ Luma
2038118805,Castrum Mortis,Ironheart/ Celestial Void
1975923179,Emeralds,Rogue
1821679712,In The Air,Man Cub/ Lucas Marx
1496000631,Edges (feat. Mary Sweet),Paper Skies/ Alltair/ Wiguez/ Mary Sweet
1878153958,Stepping Stone (feat. GLNNA),KLAXX/ GLNNA
1456107485,Starlite (feat. Nicholas Kreutzer),Afterlite
514158261,With You,NURKO/ Misdom
1483156736,Parachute (Skybreak Remix),Oliverse/ Skybreak
520460379,Alleyway,Finder/ Soar
1471558797,Out Of My Mind (Last Heroes Remix),Last Heroes/ Gryffin/ Zohara
2035610280,Am I Dreaming? (Crystal Skies Extended Mix),Maor Levi
2006684719,Moments (feat. Rynn),Hoang/ MVSE/ RYNN
2022261474,Believe,Kymera/ Sara Benyo
2028166446,Unbroken (BrillLion Remix),MVSE/ BrillLion/ Luma
2085464314,Starfall (Trivecta Remix),ILLENIUM/ Trivecta
2085465186,Worst Day (Nikademis Remix),ILLENIUM/ MAX/ Nikademis
2078405415,Anew,laikd/ Laryssa Vachon
2080552849,Don't Blame Me,N3WPORT/ Gracie Van Brunt
2086250827,Voselman,DJ Smellhodet/ Virtual Riot
2065715955,Leave Me,SPIRIT LINK
2082243265,Run Away (feat. Wisner),Stryer/ Digital Skies/ Wisner
2076969432,Lie,William Black
2076013240,Never Go Back,yetep/ Afinity/ Micah Martin
2079983444,Dreams,Thrillogy
2076640463,Far Away,SPIRIT LINK
2069413558,Miss Me More,H4RRIS/ Lexi Scatena
2069716830,Rest Of My Life (feat. Medyk),Culture Code/ Medyk
2067267128,Paradise Lost (Instrumental),Razor Storm
1992710356,Last Flight,BLACKDD/ PICK/ 小鬼头子/ CYTEAM
2012523349,Rush Hour,Kaidro/ Zion./ Ina Bravo
2057669388,Dream Again,4URA/ Dvrkcloud/ Young Viridii
2071432322,In The Cold,Dabin/ William Black/ James Droll
2072024932,North Star (feat. Casey Cook),SABAI/ Hoang/ Casey Cook
2075774055,Paper Moon,Kill The Noise/ Anjulie/ Are We Dreaming
2025398058,Electric,AKACIA
2040069278,One Night,Lockbox
2040812172,Reset,CHPTR./ Hylia
2041281793,Demon Time,JVNA/ Chyl/ Demie The Destroyer
2044445981,You Found Me,Clara Park/ Jessica Audiffred/ Adventure Club
2044707873,Chrome Hearts,SKYLER
2051074522,Never Give Up,NanoKnife
2072245389,Sun Goes Down,Amnis/ WildGaves/ Donaven
2069505940,With U,Afinity/ ROY KNOX/ Skyelle
2065981523,Self Control,Zaitex/ Ayelle
2071290517,Hollow (Danny Olson Remix),HALIENE/ Elephante
2071113488,Before You Leave,Au5/ Cyazon/ Tyler Graves
2054118382,Waking Up At Midnight,Aaron Shirk
2068389603,Never Give Up On You (with Elle Vee),SLANDER/ Synymata/ Elle Vee
2062453766,Nirvana,Bumpÿ/ Clear Sky
2066964697,Afraid Of The Dark,Kill The Noise/ Karra
32594150,Rescue Me (Noise Killerz Remix),Noise Killerz/ Ferry Tayle/ Erica Curran
2050751005,Reason,Atomic
2063086530,Sunlight,Last Heroes/ Fractures
2067689283,Skinny Jeans,Rareno
2061861464,Numinous,Beatcore
2067251985,Let Go,Trivecta/ Ravenscoon/ Jessy Covets
2060223444,My Goodbye,Approaching Nirvana
2060223443,Mount Elbert,Approaching Nirvana
2059729010,Kingdom of Heaven,Ironheart
2061519526,Gone Too Long (feat. Donna Tella),Culture Code/ Donna Tella
2063064151,Found Heaven,Stoutty
2053579814,Better Now,Encrypted
2061480954,Hollow (VNDETTA Remix),Dabin/ Kai Wachi/ Lø Spirit/ VNDETTA
2034415325,Mistakes,yetep/ if found/ Casey Cook
2046860629,One Sided Love,FRANZSAIJEM/ JB RICKY/ Malin Horsevik
2062816135,Bridges,Au5/ Linney
2061396419,Summer Night,KLYDIX
2053587567,Save Me From Myself,Man Cub/ Luma
2054316402,North Star (feat. Casey Cook),SABAI/ Casey Cook/ Hoang
2038118480,Sanjar,Ironheart
2044344432,Eye Of The Storm,Ironheart/ IVEEN
2060770583,See You Again (Bumpÿ Remix),Bumpÿ
2043344297,Nobody,SPIRIT LINK
2040895061,Lead Me Down,Beatcore/ Ashley Apollodor/ Julian Dae
2052007788,Waking Up (Paramiere Remix),Danny Olson/ Becca Krueger
2059107838,Ultraviolent,Kill The Noise/ Shadow Cliq
2045092762,Running,Misael Gauna/ Rezzaie/ Shauna Cardwell
2059554181,Temporal Echoes,Caphy/ Calm Sounds/ Natural Structure
2059184219,The Umbra,ARForest/ Sennzai
2051668398,Purgatory,SPIRIT LINK/ ILVS
2050806386,Lost in Mind,V!crø/ Sarøx/ Sam Carnie
2036011470,Let Me Go,Rareno
2051993669,After All (Iwamoto Remix),Culture Code/ Araya/ RUNN/ Iwamoto
2051993668,After All (9 Worlds Remix),Culture Code/ Araya/ RUNN/ 9 Worlds
2051993667,After All (VNDETTA Remix),Culture Code/ Araya/ RUNN/ VNDETTA
2050142493,Anchor (feat. Ashley Drake),Abandoned/ Ashley Drake
2046937466,Last Forever,William Black/ Jordan Shaw
2049659070,After All (feat. RUNN) (N3WPORT Remix),Culture Code/ Araya/ RUNN/ N3WPORT
2051656586,After All (feat. RUNN) (Thrillogy Remix),Culture Code/ Araya/ RUNN/ Thrillogy
2048110420,Feel Alive,SPIRIT LINK/ Grimm/ Koda Ends
2047901207,Heart's Still Beating,Crystal Skies/ She Is Jules
2021575388,Wish You The Best (Spirit Link Remix),Culture Code/ Caslow/ Nina Sung
2048170617,After All (feat. RUNN) (Adam Pearce Remix),Culture Code/ Araya/ RUNN/ Adam Pearce
2048156482,After All (feat. RUNN) (Awon Remix),Culture Code/ Araya/ RUNN/ Awon
2052332354,Save Me (From Myself),NURKO/ Kyle Hume
2052331546,Eternity,NURKO/ Dayce Williams
2054118380,Escape,Aaron Shirk
2030695500,Daylight,STAR SEED/ Charity Vance
2097798860,Golden Hour (Chime Remix),Chime/ JVKE
2089511141,What You’ve Done,Au5/ DNAKM
2057116555,One Time,Jason Ross
2088392677,Shatterproof (feat. Point North),William Black/ Mazare/ Point North
2085465193,Other Side (feat. Vera Blue) [Cadmium Remix],ILLENIUM/ Said The Sky/ Vera Blue
2090253854,Crashing Hard,Blanke/ Casey Cook
2096130858,Don't Get Too Close (Virtual Riot Remix),Virtual Riot/ Skrillex/ Bibi Bourelly
2093293466,Destroyer Of Worlds (Oppenheimer),Abandoned
2087448053,One Last Try,She Was Silver/ Iamvast/ COVERT
2094350652,Walk On Water (Wooli & Trivecta Remix),SLANDER/ Wooli/ Trivecta/ Dylan Matthew/ RØRY
2080030944,Playing With Fire,Eliminate
2067946701,Still Alive,CADMIUM/ Micah Martin
2038878098,Never Thought,Spag Heddy/ Micah Martin
2111199311,Ready For Love,Ansh Pradhan/ Rareno
2078268463,Live Without,Loxion/ Luma
2033531317,Still Breathing,Soar/ Eunoia/ She Is Jules
2042751318,Paranoia,Chenda/ broke.
2061353462,Burns,Chenda/ TRBLE CHLD
2098665712,North Star (feat. Casey Cook) (SPIRIT LINK Remix),SABAI/ Hoang/ Casey Cook
2072690033,Hold On,BoySam
2100290121,Happy Emoji (Extended Mix),StarlingEDM
2068436138,I N S I G N I F I C A N T - E X I S T E N E C E,ChsVD/ YellowCheese/ 2088 RECORDS
2057708689,Let Me Go,AVELLO
2062694830,Hate Me,AVELLO/ Sara Benyo/ SoSmoov
1901270130,Carry You,Chenda/ Kløn/ Harley Bird
2067946312,No More,Veer
2021211065,Closer To You,shXdow./ Dkon
491695550,Cosmos,Paper Skies
2064029224,Slipping Away,Astraye/ No-VA/ Search For Hiraeth
2019311351,See Me Now feat. SayWeCanFly,LEUTHERO/ PatFromLastYear
2034098148,Anymore,PatFromLastYear/ Livingston Crain
2085625365,Memories Of You,Lootz/ FIXION/ Nytrix
2087806541,Gone For Good,Rival/ Jim Yosef/ Alaina Cross
2100615209,For The Most Part,SayWeCanFly/ SadBois/ VNDETTA
2101652063,Unsteady,ROY KNOX/ Lost Wolves/ SOUNDR
1860988925,U & Me,ILLENIUM/ Sasha Alex Sloan
2097978879,Leviathan,Digital Skies
2096629690,Back In Time,Synymata/ MmmCherry/ Leah Culver
2092552556,Way Too Good,Orlost/ Undefynd/ Olivia Ray
1955971639,AERONAUT (xxx),Blacklolita
1967213732,Better Off,SadBois/ Tom Konway/ Livingston Crain
1919590401,Feel The Same (feat. Sofuu),Felix Austin/ West Collins/ MKC/ Sofuu
2098363597,Denial,KASTRA/ Alex Byrne
2095902686,Blame On Me ((VIBRANT Remix)),Adam Pearce/ Sky Sol
2078526154,Paradise,Rareno
2094215721,Cloudfield,Infowler/ overblur
2097361440,Secrets,Digital Skies/ ENROSA
2097447636,Indestructible,Fazzi/ Donna Tella
2090816596,Take Me Down,Highlnd
2011942591,Tonight,LUVIUM/ Jaime Deraz
1950451410,U & Me (Nikademis Remix),ILLENIUM/ Sasha Alex Sloan/ Nikademis
1920457550,Love After Love (Inphecs Remix),Eunoia/ PatFromLastYear/ Livingston Crain
2077619194,Somebody Else (SadBois Remix),Ehallz/ Veronica Bravo/ NVSH
2007198080,Save Me (feat. Meggie York),Dante Levo/ Meggie York
2084595220,Where I Used To Be,ZI:AE/ Rareno/ Aerien July
1930557858,Fractions,LostWind/ Wolfpup
1897831987,Permanent,LostWind/ Donaven
2085626438,How Long (Falling North & H4RRIS Remix),LostWind/ BrillLion/ UNDY
2069716687,Made For (feat. RUNN),Hoang/ nøll/ RUNN
2055121576,took us long enough,GhostDragon/ lama/ Hvlo/ GLNNA
2060793105,ghost,GhostDragon/ lama/ MKC/ Hannah Zhao
2042906336,pretenders,GhostDragon
2082496170,Little Too Late (Remixed),Ben Provencial/ Kevin Chung/ GhostDragon
1806481080,Hearts on Fire,ILLENIUM/ Dabin/ Lights
2092966881,Eternity,Rival/ RUNN/ Luma
2059090199,Just Another Love Song,Elude/ UNDY
2054094078,Someone Told Me,Kisshi/ Fox Rays
2093566319,Zombie (feat. Valerie Broussard),ILLENIUM/ Excision/ Wooli/ Valerie Broussard
2089882776,Nothing Left,Rareno
2086248798,Imposter,Man Cub/ TheGraysonProject
2081975315,Feels Like You,Adventure Club/ Codeko
2073622226,I Dream Of You,The Sun Vanished/ S4ER
2082009632,Misunderstood,Afinity/ Dia Frampton
2088403247,Dreams (Extended Mix),Thrillogy
2090418973,After Life,Fox Rays
2083953493,Awakening,Fox Rays
2084032850,Forever,WilliamHenRy
2065115205,Ocean Eyes,Highlnd/ Salvo
2080670900,To The Grave,Highlnd/ Rachel Lorin
2037844434,Lost Cause,Fox Rays/ Skynap
2089511139,Summer Days,Au5/ Danyka Nadeau
2089508560,Resurrection,Au5/ Lomaximus
2089511142,Future Without You,Au5/ Emme
2038959091,Halo (MVDNXGHT Remix),Uverlaw/ Clayne/ Eidos
2075907074,Sombre,Digital Skies/ Miyoki
2082105625,Don't Ever Let Go,Astraye/ Sophi
2082315434,My Own Advice,William Black/ ILLENIUM/ Alana Springsteen
2073516536,Where To Go,Lockbox/ Azuria Sky
2073519670,Real Joy,Tom Platts/ Santa Maria/ Lost Lumens/ kareen the rose
2051747453,Be There,Fazzi/ FRENTCH/ Maria Niklasson
2085303229,Help Me,Araya/ Fazzi
2080349567,Polarity,Celestial Void/ Sydney Grimm
2017619474,By My Side,Misael Gauna/ Stephen Flickner
2028750179,Shimmer,Hayvain/ Noctilucent/ Nori
2025427847,Lost,Culture Code/ 9 Worlds/ Medyk
2034892247,Lights Go Out,9 Worlds/ Awon/ Medyk
2059918615,Fallen To Pieces (Strigi Remix),9 Worlds
2059918614,Fallen To Pieces (Reprise),9 Worlds
2051555885,Blame On Me,Adam Pearce/ Sky Sol
2065002445,Don't Speak,VNDETTA/ Donna Tella
2060470972,Nothing In This World,Justin Mola/ Marze
2048392647,What It Feels Like,Marze
2030971569,Stay In The Cloud,Marze/ Lucky Lou
2015376536,First Time,Marze/ Justin Mola
2040068614,Fairytale,S!las/ Marze/ Emy Smith
2066771649,Believe,Iwamoto/ Wood Cherry/ Donna Tella
2084617280,North Star (JerScO&Bumpÿ remix),JerScO/ Bumpÿ
1405639137,Everyday,Beatcore/ Ashley Apollodor
533455454,Antidote (feat. Heather Sommer),Sinner's Heist/ Heather Sommer/ Rory Alexzander
1381082568,Dying Day (feat. Prettyheartbreak),William Black/ Prettyheartbreak
3870878,You Got To Go (Seven Lions Remix),Zoë Johnston/ Above & Beyond/ Seven Lions
32737323,Shadow Falls,Pluix
31517410,Into The Dark,Culture Code
35955869,Elysium,Mendum/ The Eden Project
1438364284,Potions (Stonebank Remix),SLANDER/ Said The Sky/ JT Roach/ Stonebank
1432758512,Sun Goes Down,Jim Yosef/ ROY KNOX
1432064878,Eat You Alive,CADMIUM/ Skrybe/ RIELL
467390325,Last Breath (Soar Remix),Soar/ TheDiabolicalWaffle
1380257292,Throw It All Away,Madnap/ smle/ Aviella
1426759304,Worth It All,Tritonal/ Man Cub
1418981459,Gurenge,JVNA
449578940,Sacrifice,Satellite Empire
1364342639,Memories,We Are Fury/ RUNN
1353187832,First Storm,JVNA
1428681313,Surrender,Culture Code/ Aloma Steele
1400162674,Adventure,JUN
1336856142,'Til The End (Soar Remix),Soar/ MitiS
1381084455,Deep Blue,William Black/ Monika Santucci
1361195361,Light Of The Seven,Abandoned/ SHERVEEN
1426391313,Before It's Over,S1LVA/ Luma
1320505997,Enslaved,Barren Gates/ M.I.M.E
1424675829,Love Ain't Changin (Lost Wolves Remix),GhostDragon/ Caslow/ Red Comet/ Alina Renae/ Lost Wolves
1374313054,No Angels,Jay Made/ Miranda Glory
477934002,We Might Fall,GHASTLY/ Matthew Koma
403711530,Afterlife,ILLENIUM/ Echos
475072486,Something Just Like This (ARMNHMR Remix),The Chainsmokers/ ARMNHMR/ Coldplay
475279461,Shelter (Slushii Remix),Slushii/ Porter Robinson/ Madeon
1347355672,Lead Me Back,San Holo
462997848,Feel Good,Gryffin/ ILLENIUM/ Daya
456185577,Fractures,ILLENIUM/ Nevve
404184619,A World Away,Outwild
545589455,The Zero Point,Au5/ Holly Drummond
1348326272,Surrender (Feat. Natalie Major),Nick Ledesma/ Natalie Major
35807443,Only One,ILLENIUM/ Nina Sung
442869240,All We Know (Virtual Riot Remix),Virtual Riot/ The Chainsmokers/ Phoebe Ryan
1338352431,Throwback,Delaney Jane/ Shaun Frank
1385784519,Break The Silence (feat. RBBTS),Seven Lions/ MitiS/ RBBTS
521415739,Freesol (Dabin Remix),Seven Lions/ Dabin/ Skyler Stonestreet
546723447,Away,MitiS/ Gioto
1870154319,Far Away,Vaance/ Deerock/ Danni Carra
467952038,Sanctuary (William Black Remix),William Black/ Gareth Emery/ Lucy Saunders
1370437175,Out My Head,Sharks
1363343830,Redefinition,Mwk/ 初音ミク
506092309,Breathe (Last Heroes & Crystal Skies Remix),Laura Brehm/ Last Heroes/ Crystal Skies
1939510963,Lost In Your Sound,Iwamoto/ Offloski/ BRENNAN
1903409380,Elevate,Far Out/ Dvrkcloud
1366713422,Heaven,Frequensphere
2093696811,So Long,WilliamHenRy
1874316024,Wisdom (Amidy Remix),Haywyre/ AMIDY
1885091226,Satellite (OBLVYN Remix),Outwild/ AMIDY
1989027854,Fight For You,Fransis Derelle/ Guerro/ Josh Rubin
1933711202,I Won't Let You Fall (feat. GLNNA),FIXION/ GLNNA/ Lost In Dreams
1888140224,Waiting For You,MVSE/ Myta
31452417,One Moment,Evence
1480600681,Follow Me,STAR SEED
2015443070,Memories,Renn/ Mary Sweet
1896505633,Peace of Mind,Renn/ Liel Kolet
1928501560,Far Away (Lost Wolves Remix),Vaance/ Deerock
509530616,Alive,Beatcore/ Ashley Apollodor
1487418187,Someone Else,Sullivan King
1478054092,Lifeless,Sullivan King
2067992359,Shadows,CADMIUM/ CVDMIUM/ Andreas Stone
2067252751,Grand Escape,CADMIUM/ Tara Louise/ Zack Merci
1933712204,Landslide (feat. SOUNDR),lama/ MAVV/ SOUNDR
1933712202,Somebody Else (feat. Livingston Crain),Dvrkcloud/ PatFromLastYear/ Livingston Crain
1989027857,Game We Play (feat. SØPHI),Digital Skies/ Sophi
1371292828,Lost Love,Cherney
1864372796,In Front Of Me,Pindell/ TRØVES
2052335752,Where You Are (GRiZ Remix),John Summit/ HAYLA/ GRIZ
1956172585,In Too Deep,STAR SEED/ Alex Angelo
1903409383,Start Over (feat. Danni Carra),Far Out/ Danni Carra
493041251,Starlight (Anki Remix),Anki/ Jai Wolf/ Mr Gabriel
1940116051,Here To Stay,Aaron Shirk/ Exede
463842462,Rush Over Me (Synx Remix),Seven Lions/ Said The Sky/ ILLENIUM/ Synx
27672300,Metronic (Original Mix),Au5
2101674276,Landslide (BOTCASH Remix),SABAI/ BOTCASH/ RUNN
2073516407,You Are My Home,IAN SIZE/ Alarc
2078344691,dullscythe (Skybreak Flip),Skybreak
1922011907,This Time (BrillLion Remix),MEDZ/ shXdow./ Monika Santucci
1922011908,This Time (Lost Wolves Remix),MEDZ/ shXdow./ Monika Santucci
2099518914,Lie To Me,LUVIUM/ KOIH/ Donna Tella
1976547466,Sleepless,Rareno
1951954006,Without You,Awon/ Dani King
2068354578,Glaciers,Feather/ Lockbox/ TRØVES
1994428400,Wannabe (feat. David Vance),Blosso/ David Vance
2094642766,Shadows,VNDETTA/ Luma
2016178216,Collapse,Derpcat/ Somanylynx
2050524440,Stay Or Be Alone,nuves/ Jacob
1459164978,Faith (Kaidro Remix),NURKO/ Dia Frampton
1459166091,Faith (ATLAST Remix),NURKO/ Dia Frampton
1466801924,Cry,Gryffin/ John Martin
1457779775,Run,DIVINE ✧/ Alison Wonderland
1378370978,Fuji Opener,Skrillex/ Alvin Risk
518077153,Castles (IID Remix),IID/ Crystal Skies
1405676615,分界线,马海昕/ 兔子ST
1460387792,涅槃 (伴奏),陆怡雯/ 马海昕/ R7CKY
1460387791,涅槃,陆怡雯/ 马海昕/ R7CKY
1466031249,C H E A T E R,SADRECORDS/ Gary Hudson
1445961791,Orbit,RUQOA/ Jazemarie
1466031251,水不在深,SADRECORDS/ BLACK 0
1466028788,Wasteland,SADRECORDS/ M€I/ MINNE
1417465461,须臾 (feat.mAjorHon),CEM Records/ ZANE/ mAjorHon
1457782599,Answers,Au5
1457783576,Answers (Extended Mix),Au5
1369382770,Entropy,Famous Spear
515455645,9.Bloom - Existential,Bloom
1460926998,Seeking Darkness,Export Eliteness/ Mendum/ roan khaled/ JPB
1459399823,Close to Home,Exclusion
1459399822,Void Sector Tau,Exclusion
531040597,Night Caller,Abandoned/ InfiNoise/ Project Nightfall
1422524773,In Time,Avenza/ Ian Urbina
1422524772,Hollow,Avenza/ Ian Urbina
1366232442,Elysium,verdict
1464332067,Train To Nowhere,Fatum
1456249373,Expensive Taste,WTCHOUT/ RYVN/ Feth
545704700,Sound of the falling stars (with Aeris),Animadrop/ Aeris
1456364643,Whispers,DREAMOIR/ S1lva
1435915303,Medicine,Sound Remedy
1367115522,Divine,Au5
1448419928,In Your Arms (ARMNHMR Remix),ILLENIUM/ X Ambassadors/ ARMNHMR
1448419927,Pray (Blanke Remix),ILLENIUM/ Kameron Alexander/ Blanke
1448420679,All Together (Crystal Skies Remix),ILLENIUM/ Oekiin/ Crystal Skies
1448420678,Take You Down (Steerner Remix),ILLENIUM/ Steerner
1448419920,Good Things Fall Apart (Slander Remix),ILLENIUM/ Jon Bellion/ SLANDER
1448419919,Good Things Fall Apart (William Black Remix),ILLENIUM/ Jon Bellion/ William Black
1448419918,Good Things Fall Apart (3LAU Remix),ILLENIUM/ Jon Bellion/ 3LAU
1448420674,Hold On (Midnight Kids Remix),ILLENIUM/ Midnight Kids/ Georgia Ku
1459162256,Only Now (feat. Tyler Graves) (Mazare Remix),Seven Lions/ Tyler Graves/ Mazare
1459161363,What's Done Is Done (Delta Heavy Remix),Seven Lions/ HALIENE/ Delta Heavy
1459161362,Only Now (feat. Tyler Graves) (Outwild Remix),Seven Lions/ Tyler Graves/ Outwild
1459161361,Another Way (Awakend Remix),Seven Lions/ April Bender/ Awakend
1391722152,Fairytale,Culture Code/ Amanda Collis
466126684,Lose Myself,k?d/ Phil Good
32317013,A Way to Say Goodbye [Ricky Mears Remix],Seven Lions/ Sombear/ Ricky Mears
1458199729,Sanctuary,Kaivon/ Sarah De Warren
412187698,Doin It Right (k？d Remix),k?d/ Daft Punk
1447684658,Broken Glass,SABAI/ Merseh
1333391687,Here at Last (Anzbern Remix),William Black/ Rico & Miella/ Anzbern
456185106,Let Me Go (feat. Alina Renae),NURKO/ Alina Renae
21606441,Summit,Skrillex/ Ellie Goulding
1399046091,Safe In Sound,Whales/ Omri
1458207545,There,Omri
1446208738,Feelings (feat. Tammy Nhuyen),ARTROCITY
424264373,L'amour Toujours,Streex
437245065,Your Heart At Mind,Dimatis/ Ashley Apollodor
27948638,You're Not Alone (Original Mix),CMA
1311091060,Overthinker,INZO
573583418,Fractures (Trivecta Remix),ILLENIUM/ Nevve/ Trivecta
1449299421,Enough,Thrillogy/ Gallie Fisher
1449298340,Darkness (feat. Roxanne Emery),Luke Anders/ HGHLND/ Roxanne Emery
1449299422,Dystopia,Draeden
1449299423,Save Me (feat. Levi Blue),Awakend/ Levi Blue
1449298341,Evolution,Slooze
1449299424,Fix You,AMIDY
1449299425,ndal,Arpyem
1449299426,Chimera,Caster
1454864598,Good Things Fall Apart vs. Sad Songs,ILLENIUM/ Jon Bellion/ Said The Sky/ Annika Wells
1455890078,May You Always Be,Outwild
1455890079,Everbright,Outwild
1455889219,Before We Start (feat. XYV),Outwild/ XYV
1455889220,Live In The Now (feat. Josh Bogert),Outwild/ Josh Bogert
1455890080,Broken Constellations,Outwild
1455890081,The Way You Are (feat. The Ready Set),Outwild/ The Ready Set
1449295449,I Don't Know You (feat. Luma) (Heimanu Remix),ARMNHMR/ Luma/ Heimanu
1361195268,Back Together (feat. RUNN),William Black/ RUNN
518904426,Umbrella (Matte Remix),Matte/ Ember Island
1453606915,i won't let us fall apart (+willix),KIRXCY/ Willix
446549375,Without You (Ryan Exley Remix),ILLENIUM/ Skylr
1451867884,Back To You,Adventure Club/ Sara Diamond
1442475049,Rooted,Afterlite
1405066944,Disconnected,Eunoia/ Serein
1448944482,Holding On,BH
1440819288,Stay (feat. Micah Martin),GHASTLY/ Micah Martin
1415581032,Holding On,Dabin/ Lowell
479938154,LEAVE II,Synx
571967383,Ocean (feat. Jonathan Mendelsohn) (Au5 Remix),Jason Ross/ Jonathan Mendelsohn/ Seven Lions/ Au5
1313014555,Eclipse,Last Heroes/ TwoWorldsApart/ AERYN
523045075,Sound of Walking Away (Decadon Remix),Decadon/ ILLENIUM/ Kerli
1379895952,Comet (feat. Slyleaf),Paper Skies/ Slyleaf
1441141609,Safehouse,JVNA
1442528693,重生,伍佰/ DJ Mykal a.k.a.林哲仪
1301575147,Leave It All,ARMNHMR/ Luma
1438643575,Already Know (Cinematic Remix),Adventure Club/ Said The Sky/ Caly Bevier/ Cinematic
1355164973,To Say Goodbye (feat. Soar),ARMNHMR/ Soar
1356064083,Strangers,Far Out
400690163,Stay Strong (Last Heroes & Infrared Remix),Last Heroes/ Venemy/ Infrared/ BH
30780474,Flipside (Illenium Remix),ILLENIUM/ Lana Del Rey
1433945363,Runaway,Cabuizee
31421417,Cosmos (Skrux & Complexion Remix),Clark Kent/ Yinyues
28493039,Yayey,Shandy kubota
28493044,Drizzle (fang Remix) [feat. fang],Shandy kubota/ fang
30780471,Drop Our Hearts (feat. Sirma),ILLENIUM/ SIRMA
30780484,Don't Let Me Go (Illenium Remix),ILLENIUM/ Echos
30780485,All I Want (Illenium Remix),ILLENIUM/ Dawn Golden
29354844,Infinite ft. Anna Yvette,Skrux
31062675,My Love Is a Weapon,Skrux/ Delacey
30706937,Heartbeat Song (Skrux Remix),Kelly Clarkson/ Skrux
27504931,Fire Inside (Skrux Rework),Mr FijiWiji
30031359,Always Wonder (Skrux Remix),Skrux
30031354,Home We Made Pt II (Skrux Remix),Skrux
30031356,Diamond Sky ft. Laura Brehm(Skrux Remix),Skrux/ Laura Brehm/ Elliot Berger
29418252,Hidden,Skrux
28936422,Escapade,Skrux
29769183,If You (Original Mix),Skrux
29769184,Find You,Skrux/ Felxprod
29353019,Eternity,Skrux/ Venemy
30031357,Believe Me,Skrux
30031360,Being Human,Skrux/ Mona Moua
30031358,Alive,Skrux
26365090,Hummingbird,Tut Tut Child/ Augustus Ghost
28568204,Black Light (Virtual Riot Remix),Lisa Rowe
26620997,Broken,Young London
18548748,I Need You (Original Mix),Rameses B
30780483,Shark (Illenium Remix),ILLENIUM/ Oh Wonder
30394431,Luster,Said The Sky
32737086,Amice,Vealon
32737087,For You With Love (Original Mix),DJ OneSound
32431404,Brightest Stars,Spire
32574126,Ruin (Original Mix),Sphericz
32574127,Keep Your Distance (SPHERICZ REMIX),Sphericz
32857580,Last Sunrise,Dimatis
32823943,Emerging ignorance,Poolz
32431429,Floating Thoughts (feat. Oneira),Spire/ Oneira
32465596,Tell,EvenS
32594148,Stay,Part Native
33316850,Fallen Light,Two Ways
33414966,Overlooking Eternity,Anima
33004414,Still Don't Understand,spire
33516230,Venture,Part Native
33241135,You & Me,Skrux
29306535,Castle Walls (Skrux & Collin Mcloughlin Remix),Collin McLoughlin/ Skrux
32574861,Emera (Future),Elpis
37955123,Shelter (C3EYOND Remix),C3EYOND/ Dash Berlin/ Roxanne Emery
400161906,The Boy Who Shattered Time,英雄联盟/ MitiS
28283079,Ascension (Remix),MitiS/ Dope Arcade
507585224,Lost,ILLENIUM/ Emilie Brandt
416554274,Slipping Away feat Cheney (Original Mix),BH/ Kirk Cosier/ Cheney
551339078,Dream in Color,HALIENE
488267621,依然,Panta.Q 郭曲/ Julia吴卓源
30394423,In Your Wake (feat. Jeza) (Original Mix),Said The Sky/ ILLENIUM
557579499,Closer,Au5/ Danyka Nadeau
523249059,Moments,MitiS/ Adara
477936232,Quicksand (Ether Remix),Ether/ Feenixpawl/ APEK
36587526,Infinity (Illenium Remix) [Lovestep],ILLENIUM/ Niykee Heaton
494862066,You Me And Gravity,Koven/ Crystal Skies
484365102,Cold Skin (Koven Remix),Seven Lions/ Echos/ Koven
470573971,Letting You Go,INZO/ LaMeduza
442605097,Searching,Twofold/ Mimi Page
478203044,Want U,ARMNHMR/ Lilianna Wilde
400876493,Falling Away (MitiS Remix),MitiS/ Lights/ Seven Lions
402070917,Foundations (Original Mix),MitiS/ Adara
459925308,You & I (feat. Jenna Pemkowski),Dabin/ Jenna Pemkowski
444524927,Save Me (feat. Adara),Adventure Club/ Adara
485960392,Omen In The Rain (Seven Lions Remix),Myon/ Seven Lions/ Alissa Feudo
448317393,Sacrifice,Satellite Empire
41630147,Diamond Sky (Skrux Remix),Skrux/ Elliot Berger/ Laura Brehm
411907316,Never Forget You (MitiS Remix),MitiS/ MNEK/ Zara Larsson
446549369,Spirals (William Black Remix),ILLENIUM/ Sound Remedy/ Dana Salah
436514420,Remember Me (Original Mix),Ether/ Progley
464373640,Bleed (Ben Walter Remix),Ben Walter/ Vorsa
459720939,I Miss You (Ether Remix),Misael Gauna/ Noctilucent/ Ether
463157410,Lasting (Pt. 2),Koven
445143675,Fade (feat. Zak Waters),Adventure Club/ Zak Waters
448317686,Through With Love,MayTrix/ Dark Warrior/ Ashley Apollodor
436346513,Long Ago,Crystal Skies/ Q'AILA
34998385,Limitless,Adventure Club/ Delaney Jane
33516923,Tides,Crywolf/ Skrux
492151543,Undercover (Adventure Club Remix) [Electronic],Kehlani/ Adventure Club
408140346,Beautiful (Seven Lions Remix),Ferry Corsten/ Seven Lions
490595356,Courage,Jim Yosef/ Anna Yvette
480427427,Fall Apart,Ashley Apollodor/ Crystal Skies
451502155,Ignite,Garabatto/ Charlee Muse
480769648,One Smile,Panda Eyes/ Azuria Sky
517887081,Scorpio,Xan Griffin/ Romy Wave
433018809,Habit,Rain Man/ Krysta Youngs
27733450,Human,Krewella
517571084,Take My Hand,Panda Eyes/ Azuria Sky
33035577,Forgettable,Project 46/ Olivia
1419363067,Lucid,Køld
1376681542,Other Side,Sub.Sound
1468127181,You Can Be My Light (feat. Monika Santucci),Trivecta/ NURKO/ Monika Santucci
1468664771,Butterflies (Synchronice Remix),William Black/ Fairlane/ Dia Frampton/ Synchronice
1440380598,Vibrant,Revived Ghost
508520566,Who We Are (The Jackass Remix),Titus1
1462896249,Cosmos,Rase/ PurpleBattery
1466202254,Open Water (feat. Heather Sommer),Jason Ross/ Heather Sommer
1463023617,High Like This,Adventure Club/ Squired/ Dia Frampton
1381403237,Let Me Go,Sidenoise/ Fatin
34033385,Icarus,CVR
34078266,Rain City,Merce
34077192,Oceanic,Sacred
29793905,Astronaut,Astronaut/ Oneira
31381960,Spiritual (Full Version),Andreas B.
31370726,Reminiscent,Speo
30780604,I Need Your Love,Andreas B.
31381947,The Road,Andreas B.
1998319,Witch Dance,Stive Morgan
32737352,Axis,Time Aperture
32717984,Sacred Geometry,Time Aperture
33314147,Falling,Chaotix
32737325,Diving Deep,Pluix
32737078,Unlucky,Nymer
5084694,Elements of Sanity,Arion
27133600,Bits & Bytes (Original Mix),Rameses B
28216358,Fly Feat. Alina Renae (Original Mix),Protohype
27757232,You Are Unique (Original Mix),MusicDefinesGravity
30951074,Crystals,West District
26339407,The Other Side,Evol Intent/ Anna Yvette
30432060,My Mamma Said (Version Hip-Hop),X-Wise
33984437,Beautiful Now (Big Gigantic Remix),Big Gigantic/ Zedd
26278745,Blu (Original Mix),MitiS/ MaHi
33955267,Watch Me (Autolaser Remix),AutoLaser
33875939,Thinking On U (Original Mix),Z.Λ.R.B
32737084,Walk Away,Decoy Of Desperation
32594184,Skylight,Rous/ Stephanie Middleton
32803515,Midnight (Original Mix),X-Wise
32405474,Branded,ROOX
29850376,Know You Well,Michael St Laurent
33083077,I DON'T WANT TO DIE,Shy Kid
32737316,Zed's Theme,Aether
31245981,The Summit,BH
32574842,Unforgettable (Original Mix),Ziu/ Nyanara
30512925,Stay With Me (Krys Talk Remix),Mendum/ Krys Talk/ Oliver
33241159,The End (Culture Code Remix),ARUNA/ Culture Code
27816632,Lonely,Rezonate/ Bijou
31917669,ImissYou,Godreran/ Fort Minor
30432037,Take Me Away (Original Mix),X-Wise
32737345,Downpour,Time Aperture
32737347,In Time,Time Aperture
32737348,Saying Goodbye,Time Aperture
32737350,She Is,Time Aperture
30394124,Moments,BXDN
30373976,Raindrops,BXDN
32405533,Gone,Dezolent
33367862,Rainfall,Echos/ Nightcall
32717983,Resonance,Time Aperture
32823983,Universe,Ryan Exley
31967114,Dreams,Bass Farmers
29562068,The Clockmaker,Vexare
32737081,My Only Hope,Pluix
32737072,Helene,Nymer
33316547,Moments With You,Z.Λ.R.B
33316427,Dark Angels,Z.Λ.R.B
33314139,Lies,Chaotix/ Event Horizon
33525044,Wide Awake,Colin K.
32737077,Keep Your Distance,Nymer
33516730,Redemption,Slytero
32594151,Mountains (Rikarian Remix),Rikarian/ Aerocity
32737082,Stargazer,Aether
32737198,Cry (Original Mix),ELYZA
33516285,Bit Runner,Sentient Pulse
32737349,Lysergic Landscape,Time Aperture
33495353,Gravity,Solstis
33495325,Create,Serenity
33495240,Losing Myself,Event Horizon
33495205,Set Fire to the Rain (Dj ValeRiano Remix),Dj ValeRiano
32924140,D R E A M,THΞ CΘDΞ
32924138,Hold You,Grean
31452385,Another Day,Synx
33391801,Eyes Closed,West District
30987275,Hold,Ryan Exley
33469223,Asoka (Original Mix),Down Beta
30212573,Run Away (Elliot Berger Remix),Aether
28076245,Agony,AZEDIA
29095410,Snowblind,Au5/ Tasha Baxter
23735759,Electric Slide (Dubstep Remix),Various Artists
28103310,Move Into Light (feat Erica Curran - Koven remix),Juventa
26495144,Singularity (Original Mix),Au5
26441330,Silence Pt. II.(AGRMusic),Crywolf/ Aylen
26980456,Your Song (Blackmill Dubstep Remix),Ellie Goulding
28854617,Flicker,Porter Robinson
26313333,The Moon Is Falling Down,Crywolf
29535154,Angels (T-Mass Remix),Crywolf/ T-Mass
33184014,Neverland,Crywolf/ Charity Lane
31814214,Oceans,Crywolf/ Ianborg
31452488,Runaway,Crywolf/ Ianborg
28485797,Eyes Half Closed,Crywolf
31452487,Stay,Crywolf/ Ianborg
30780496,Mine (Illenium Remix),ILLENIUM/ Phoebe Ryan
26544456,Open Window (Original Mix),MitiS/ Anna Yvette
26217090,Angeloid,Alex S
29455792,Lyra (T-Mass Remix),Tygris/ T-Mass
413834452,Again (Lucas Fader Remix),Lucas Fader
29732103,Superhuman (Culture Code Remix),Juventa/ Kelly Sweet
31134162,If Only,Hundaes
30482274,My Heart (Spag Heddy Remix),EH!DE/ Different Heaven/ Spag Heddy
27758458,The Silent Majority,Vexare
31649683,Last Breath,Skrux
39443189,Until You Were Gone (Skrux & Saturn Remix),The Chainsmokers/ Tritonal/ Emily Warren/ Skrux/ $aturn
30432043,Go Away (Exclusive),X-Wise
30780596,Arise At Dawn,Capox
28668209,Eagle Eyes,Stonebank/ EMEL
32574716,A Winter's Tale,Fracture Design
32574995,Cloudburst,Syndec
34383288,Find Me Out (Two Ways Remix),Two Ways/ Hollywood Principle
29769774,Crescent Deep (Hommarju Remix),Starving Trancer
38679580,ID,Panda Eyes/ Phantom Sage
34532394,Mystery Collapse (Original Mix),KC4K
38018563,Escape Theme (Trancestep + Stonebank drop mashup),Solid Machine
29734549,Serenity (Original Mix),Maozon
35847636,Where You Should Be,Neutralize/ Nori
30987135,Run Away,Kultur
36668351,The Other Side,LukHash
38391242,Gone,Jeshikka/ Z.Λ.R.B
36872338,Never Be Alone (Shy Kid Remix),Shy Kid/ TheFatRat
36871101,Lost In The Sea,T-Mass/ Skrux
34999068,Now We Are Free(ENiGMA Remix),ENiGMA Dubz/ Lisa Gerrard/ Hans Zimmer
33479874,Titans (Noise Killerz Remix),Satellite Empire/ Noise Killerz
36578028,Lost In The Sea (Kruewl Remix),Kruewl/ T-Mass/ Skrux
36509341,You don't want to know,Avans
31452367,To The End,Synx
31452060,Sinking In,ParanorM̶e̶o̶w̶/ Synx
31452371,Horizons,Synx
31452386,Glass Eyed,Synx
31341397,Falling,ParanorM̶e̶o̶w̶/ Synx
36019650,Daze,Synx
36190194,Like You,WHYZDM
34766827,Friend (Synx Remix),Synx/ Blackmill
32405534,Emotion,Spaarkey
35625138,Lost,Lucienmusique/ Strigidae
35778056,Essence,Skrux
35416479,Lights (Skrux Remix),Klaypex/ Skrux
34723387,Somewhere Far Away (Z.Λ.R.B & Jeshikka Remix),Z.Λ.R.B/ Jeshikka
34998027,The Surface,Trivecta/ Roniit
35253505,Fallen Angels (Original Mix),Z.Λ.R.B
35310118,Let It All Out (Miro Remix),Miro
26519977,Chillex - Angel Beauty,Dubstep Discovery
26519969,Green Ravers Dubble Vision X Foreigner,Dubstep Discovery
26519971,Sippor - Fly Away,Dubstep Discovery
26519979,Broken Elegance - Departures,Dubstep Discovery
34766665,Galaxy,Lucienmusique
26519967,Nervo - Hold On (Glow Team Remix),Dubstep Discovery
28838746,Hello,Mischa
30987172,Hurricane (Adventure Club Remix),Ms Mr
30987609,Stars Collide (feat. Stephanie Kay),Ears4d/ Stephanie Kay
33497411,Moments (Dead Robot Remix),Dead Robot/ Mutrix/ Charity Vance/ Vena Cava
34690611,Radioactive (Synchronice Remix),Synchronice/ Imagine Dragons
34749041,Make A Stand,Speo/ Budobo
32574166,Broken,Elliot Berger
30512666,The Nameless,Elliot Berger
30951073,Feeling Blue,West District
31452409,Avalon (Original Mix),Class-x
34125953,Wait,Rivaldy
27982790,Swan Song,Simba
34033446,Other Side (Divinity Remix),Divinity/ Slinz/ Nico
28529292,Dystopia,Faux Tales
31452416,Pardon Me,Evence
30780594,Escape,Capox
32594119,All I Want (Demetrikal Remix),Demetrikal/ Emma Bale
34218639,Fire Inside (Elliot Berger Remix),Elliot Berger/ Gemini
34002430,Trough The Galaxy,Ozon3
34078604,Unity (Original Mix),Syntact
34033277,Just The Beginning (Original Mix),RiZe
33223539,The One,HardPartBros/ West District
31053238,Ray of Hope,Celani
32574125,Gone Forever,Sphericz
30512607,Clearly (Venemy Remix),Electro-Light/ Iain Mannix/ Venemy
28060103,Aurora,Bar9
27941997,Clap VIP (Original Mix),Document One
28006066,One Fifty One (Original Mix),Tha New Team
33340407,Forbidden (DubRocca Remix),Dubrocca/ Holly Drummond
27599553,I Can See The Light (Remix by DJ 3ASiC),Vivian
33497819,Fight For You (Culture Code Remix),Culture Code/ Morgan Page
33314156,Never Look Back,Chaotix
32924122,Goodbye (Original Mix),Kopacetic
34532906,Disarm You (feat. Ilsey) [ILLENIUM 2015 Remix],Kaskade/ Ilsey/ ILLENIUM
464377134,Blossom (VIP),Au5
31997921,Lana Del Dre,Tep No
2055994545,Play With You,JVNA
34218764,Little Lies (Elliot Berger Remix),Elliot Berger/ Charlotte Haining/ GXVM
26544455,The Opening (Original Mix),MitiS
31179364,Strikes,The Paragon Axis
32544292,Belong Again,Spiffy Man/ Two Minds/ Mekanik
32364722,Time (A.N.O. Remix),The Paragon Axis/ Chase & Status
28521911,Atlas,Faux Tales
34125877,In My Mind (Avyan Remix),Avyan
32317083,So Be It,Hassassin/ Vince Cox
34040902,High By The Beach (Fareoh Remix),Fareoh/ Lana Del Rey
26362827,Far Away from Me,Butch Clancy
33252712,The Only,Synchronice
26607430,Calm Down,AZEDIA
34078212,Crime (experimenThal Remix),experimenThal
28493595,A Boy Like That,Sammi Sanchez
34033219,Silhouette,Aether
32737083,Serenade,Aether
29114046,Picture Perfect (Original Mix),Aether
34033410,Gold (Divinity Remix),Divinity/ Re:ON/ Grace Rose
34033424,Greatness Lies In You,Divinity
2620993292,Falling Into Mystery (feat. Dia Frampton) (Zeroic Remix),MitiS/ Dia Frampton
2609390611,Love Is Gone,Tretone/ Moon Jelly
2152642965,Escape,Rareno
1486646453,Atlas,Last Heroes/ Heather Sommer
1433426227,Another Way,Seven Lions/ April Bender
2629303451,December,Hubert
2615537965,The Same Thing,TimZz
2607283425,Cage,Ashley Apollodor/ Beatcore
2605054120,See Your Smile (feat. Justyayat),Nurra/ Luthfi Syach/ Justyayat
2617821481,Make It Rain (feat. LouisVint),Hydro Manila Music Festival/ LouisVint
2624777482,Face Myself,Emorfik/ Bella Renee
566436139,Falling,Trivecta/ Wooli
2626255654,Sanctuary,Kometi
2155817609,Illusion,TimZz
2142791782,Composure (KERO Remix),Simulcats
2143920354,Going Under,Vitalz
2150757780,Lost My Way,Hideaway/ X/L/ Outertone
2141679560,Never Ends (Lost Wolves remix),Casey Cook
2116959395,Home,Semicold/ Light Sonic/ Skylar Desh
2125553443,Rain,Kamas
2131710142,那从前（AritxOnly Remix）,AritxOnly/ 八二年的烤面筋/ YARVII/ Shaw_Tyan/ iLY_N倪雯静/ Vultures Records
2125035007,Unity,MitiS
2020408174,Vices,Digital Skies/ ENROSA
1863018953,What It Feels Like,Crankdat/ KC
2021785986,After All,Culture Code/ Araya/ RUNN
447079070,Promised Land,Satellite Empire/ Silby
431080737,With You,Ether
1989191095,Silence,ARNHEMIA/ Young Viridii
1820685317,Don't Wanna Fall (Xavi Remix),Seven Lions/ Last Heroes/ HALIENE/ Xavi
1905362597,Lost Without You,NURKO/ Crystal Skies/ KnownAsNat
2006680206,Getting Late (feat. Danni Carra),SLANDER/ if found/ Heaven Sent/ Danni Carra
1937330707,Reason For Fighting (feat. ERV ELLO),Seven Lions/ Blastoyz/ ERV ELLO
2015221410,Used to Losing You,Helloworld/ JT Roach/ Blanke/ Luma
1849890227,Where You Are Now (feat. Dianna),N3WPORT/ Dianna
1888096715,What You Need,Ray Volpe
1494147820,Waiting For You (feat. RUNN),Trivecta/ Last Heroes/ RUNN
1431498410,Underneath The Waves (feat. Monika Santucci),Last Heroes/ Monika Santucci
492144175,The Chasm,Crystal Skies
1917592411,Spinnin' Wheels,NURKO/ JT Roach
1936472888,So Alive,Synymata/ Zack Gray
2069163623,I Miss You,ARMNHMR/ Trella
2039272632,After The Storm,Tom Platts/ Kareen Rose
2045008654,Open Oceans (feat. Luma),Pindell/ Luma
2020760658,Light Me Up,laikd
2030838263,Don't Want To Feel,Josh Rubin/ Highlnd/ nøll
2026494702,Begin,Fairlane/ Britt Lari
442867247,Dawn,Last Heroes/ Derek Joel
1992931543,Lose It All (feat. Casey Cook),Danny Olson/ Synymata/ Casey Cook
1860653161,Up at Night,Sineself/ Linney
1809664532,Catch Me (feat. Molly Marrs),Nick Ledesma/ Caslow/ Molly Marrs
2021025388,Isolation (feat. Micah Martin),Egzod/ Biometrix/ Micah Martin
417247958,Fall Into Me (Last Heroes x Biscoln Remix),Arrient/ Evoke/ Last Heroes/ Biscoln
1893251792,Returning To You (feat. Alison May) (Far Out Remix),Seven Lions/ Andrew Bayer/ Alison May
2017571429,Come Home/ Again,AriStarz
1484982030,Happy Where We Are,Tritonal/ Au5/ Dylan Matthew
1988460422,Better,Arc North/ Rival/ CADMIUM
1985629065,re-collide,GhostDragon/ Daye
1990340382,Endless (Best of Me),Afinity/ Nevve
1857464661,Our Moving Picture,Skybreak/ Nytrix
2000930024,Stargate (VIP),Au5/ Tasha Baxter
1937320952,Crying U Out,Culture Code/ Dani Poppitt
1920855574,A Million Miles (feat. Diandra Faye),Au5/ Diandra Faye
1924483658,Echo Chamber,Blanke
1498646179,Blindspot/ Pt. 2,NURKO/ Devon Baldwin
1422511214,Revelation,Trivecta/ Varien
2086464555,Overflow,acloudyskye/ Xavi
2090236588,Blood And Woad,Ironheart
2093053790,Connections,Aurora Sky/ Lions In The Sky
2044610028,Dangerous,CADMIUM/ Adam Woods
2066964696,Give Out,Kill The Noise/ HALIENE
2047624791,In My Heart,N3WPORT/ Monika Santucci
2026158803,Without Me,She Was Silver/ Daisy Phillips
2013586877,Golden Star,CADMIUM/ Killjoy/ twocolouredman
1847230970,Flames (feat. Dia Frampton),FuntCase/ Dia Frampton
2025366939,A Mere Blip In Your Timeline,OBLVYN
1824197142,Ave Mariia,Xavi
2067953636,IT ISN'T ME,Ray Volpe/ RUNN
2059729713,Antioch,Ironheart
2050201926,Break Your Fall,Bumpÿ/ JB RICKY/ EM
2044613281,DiE4u (Remix),Dvrkcloud
2052007149,Once Again (N3WPORT Remix),Danny Olson/ Linney/ N3WPORT
2052023808,Violet Sky (feat. Sarah de Warren),Codeko/ Sarah De Warren
2081248406,Sentiment,nuves/ Amber Gorbel/ Michael Cochran
2089861076,You Can/ I Can,Cowboy Club/ PatFromLastYear/ LostBoy Kujo
2073323118,Shadows,VNDETTA/ Luma
1301861960,Never Gone,Said The Sky/ Kerli
1420357826,ILLENIUM-Take You Down（$adboi / Aou remix）,$adboi/ Aou
484314490,Ceasefire (Feat. Becca Krueger/ Eliason),BEAUZ/ Luke Anders/ Ducka Shan/ Becca Krueger/ Eliason
478736144,More Colors (Polarr Remix),Polarr/ Kidswaste
1381490349,Petals from a Rose,yetep/ Kyle Reynolds
32619755,Fall Down Together,EazyDo/ Mona Moua
487375364,Take It Easy,Bvrnout/ Mia Vaile
2066184577,low,CADMIUM/ Andreas Stone
1487299691,Goodbye,Danny Olson/ Alicia Madison
1444945223,Need Your Love (Nurko Remix),Gryffin/ Seven Lions/ Noah Kahan/ NURKO
1840461210,Like a Nightmare,Luma/ Blanke
2617515742,Feel Again,Egzod/ Meggie York
2617832826,Tulpa,Code:Pandorum/ Dealer Of Happiness/ flowanastasia
2630404961,Come To Life,Ehallz
2614690950,Dead Now,H4RRIS/ Tr0n/ Kody Bennett
2612545662,Runaway,Vodenik/ postcard/ KELIZA
1934526907,All The Way,schanner
2621139597,All We Get,Elephante/ yetep/ Daye
2617927046,Touching The Ether,Aurora Night
2619150535,Set It On Fire,Twomuch
2163844117,No Promises,King of None/ Liel Kolet
2615841863,Said & Done,Soar/ Fancy Monster/ Casey Cook
2615224586,So Wrong,Dvrkcloud/ Drifting Lights/ UNDY
2124309237,CLOSER (feat. Donna Tella),FREAKY/ Donna Tella
2611543950,Worlds Away (GhostDragon Remix),GhostDragon
2153875187,No More,Aaron Kruk
2605447576,Home (feat. Luma),Laut/ Luma
2602492084,Fool For Your Love,OMAS/ Top Brahman/ Nina Sung
2152644978,Sleepless,Danzzle/ Tweellve
2610761135,Take Me Away (feat. Monika Santucci),Amadeux/ Drayen/ Monika Santucci
2601830961,the heat (BrillLion Remix),GhostDragon/ Charlie Copper/ Hannah Zhao
2601830623,Falling,Samuel Lux/ Linda Lynx/ dreamersisland
2166355425,Just A Light (feat. MERYLL),Egzod/ MERYLL
2166657921,You & I,Sonic Journey/ Anubis
2165094052,All My Love,Tretone
2144357531,Back With You,Horzeman
2144362730,When I See You (feat. Jetason),Ale Q/ Jetason
2160836615,Cheerleader,Lexdez/ Livingston Crain
2159570493,Serenity,Joe Koda/ KilganoN
2157994801,Stay With Me,aesttc
2159205336,one call away,dreaming of cali/ Fall The Sky
2144771416,Home With You,Bllaine/ Akashic
2152114267,Back To You,BrillLion/ SUNHO
2152657809,Down Below (feat. Scaretix),Awon/ DVDDY/ Vanthe/ Scaretix
2135501847,Midnight,Jay Emo
2160118427,in your love,Bumpÿ
2152792088,See Me Now,3eo
2149188228,Legendary,Vermilion/ Donna Tella
2131634363,Closer,King of None/ VNDETTA
2146969274,Lost My Love,Yakumo
2152282794,Rewind (Firee Remix),Nexoria/ Charlie Copper
2148456973,Better Now,Ryuklear
2152745695,Become The Storm (feat. Sydney Grimm),TWLGHT/ ELUSID/ Luminate/ Sydney Grimm
2152406758,Should Have Known,Eunoia/ Owtlet
2153896678,I Will Remember You,KRUS3
2145106893,·picture·perfect·feeling· (Disphing remix),[lý]/ lillybug/ Disphing
2120527146,Love Me,Atro_Bex/ Danzzle/ AM!
2147684297,Haunt Me,Twin Lights/ S!las/ glasscat
2132771986,All You Know,3eo/ Linxy
2132417007,Hollow (feat. Jacob Mather),Joe Koda/ Jacob Mather
2132417790,Emergence,Joe Koda
2141679558,Feel It All (FLOTE remix),Casey Cook
2141683640,Weird (ELUDE remix),Casey Cook
2143791229,Far Away,SYSTEM KIDS
2138901415,Save Me In Your Heart,Bllaine/ Zeroic/ Jaime Deraz
2122621774,爱人错过 (Charixton Remix),Charixton
2141167217,Nostalgia,Dropper Vampire
2142608280,iwaly,Shallou
2135337882,Next Life,SadBois/ Sam Varga/ Natalia Taylar
2134654655,Along Your Way,Dust of Apollon/ Pala Chrome
2131677194,Fate,Swerl
2120526731,Carry You,RITIX/ Tom Platts/ Alia Faye
2133202850,Let U Down,KOIH/ JOSS
2135002778,Equinox (Wanted You to Know),Woel Jebster/ ExSpence
2134402693,Shine Through The Pain,MELODEEZZZZ
2135107686,When I Found You,shXdow./ Calmseer
2135373200,When I Found You,shXdow./ Calmseer
2120526793,Great Future,Jey Cordz/ IAN SIZE
2135373197,Kinetic Streams,Celestial Void/ Lonehaven/ Hylia
2116941919,Moment,eXion
2116003531,Catch Me,Name Unknown/ KingsForTheWeekend
2125998035,Regretful Highs (Twin Lights Remix),Kaptivate/ Twin Lights
2127892771,Broken Record,Qoiet/ CRaymak
2127896862,In The End,Dabin/ Said The Sky/ Clara Mae
2127269873,Reconnect,modus./ QORA
2110782507,Hearing Your Thoughts,Azee/ Otto Palmborg
2123690747,Drag Me Down,ILLENOID/ AlfaRex
2124618120,SAVE US,FREAKY/ Celestial Void/ Sara Benyo
2130203957,Into The Flames,Lost Soul/ Young Viridii
2124652963,Voices,Adventure Club/ Medyk
2118694943,Love,Amplift
2118693500,Lonely Rose,Amplift
2118693498,Falling Angel,Amplift/ Avenax
2130446765,Can't Hide It,Autumn Skeyes
2109904709,The Liar,Autumn Skeyes
2121269858,OCEAN (feat. GLNNA),FREAKY/ GLNNA
2123401009,When I'm Gone,Arcando/ Micah Martin
2114536674,Romeo and Juliet,SadBois/ Manno
2127879392,Moving Forward,Cyazon
2123827943,Relieving,AritxOnly
2115392471,Honest,AVELLO/ Madeline Austin
2118713117,Challenger,Everen Maxwell/ The Living Proof
2115679542,Heavy Heart,Blanke/ Grant/ your friend polly
2122106538,Boomerang,Swole Sauce/ SPIRIT LINK
2118688112,Fire,Anki
2109853821,Without Me,Afinity/ Concrete Castles
2105965760,Winter,Everen Maxwell
2090418775,Shining Moon,Alarc/ Anastasia Derkach
2114168583,那从前,八二年的烤面筋/ YARVII/ Shaw_Tyan/ iLY_N倪雯静/ Vultures Records
2098817141,Through The Night,J4CKO/ Baiden Holland
2663748739,melodic dubstep,Love music play
2709850650,梦想像风,杨绾琦/ 致命节奏（Deadly Rhythm）
1384492900,Lonely,ILLENIUM/ Chandler Leighton
1927748302,In Too Deep,Awakend/ Man Cub/ TRØVES
1957429436,Diamond Heart (feat. RBBTS),Far Out/ Dvrkcloud/ RBBTS
1845608781,Beneath It All (feat. Dia Frampton),Jason Ross/ Crystal Skies/ Dia Frampton
1388286227,Awake (feat. Lauren Martinez),Last Heroes/ Lauren Martinez
1924483659,Arc,Blanke
2635218829,Crashing Down,Hoang/ Raph
2629303453,Incredible,Hubert
2630108077,Light In The Dark (feat. JIM),Seven Lions/ Wooli/ Trivecta/ JIM
2624688478,Digital Love,Orbit
2627845454,Goodbye (feat. Ellie Hope),Ike Smith/ Ellie Hope
2612596853,It's Not Over (feat. Sylphann),BAKIRHAN/ Sylphann
2619155176,Asylum,NVREXSTD
2160496661,I Got You,Alarc/ Melissa Lamm
2618219404,Echo,AVELLO/ Renn
2612568035,Flowers,Araya/ Luma
2605430452,RAVEN (Egzod Remix),Grey/ Virtual Riot/ Egzod
2606165704,Stay Away,NITTI/ Fraxure/ Micah Martin
2148679881,STUCK IN MY HEAD,timitou
2607520926,Ghost Of You,KEPIK/ LYCA
2609031982,Lost Cause,Luci/ SadBois
2165349999,Slow Dancing By Myself,Gazing Skies
2608953375,Strangers Again (Frank Legeay Remix),Frank Legeay/ Trevor Martin
2605872100,Hate My Heart (Outside Line Remix),Alfie Wilson/ Outside Line
2601867003,Lullaby,VESK GREEN
2602532892,Pull You Back (feat. Andrew Vass),Stryer/ Andrew Vass
2163987952,Broken,Rizpect
2166670737,Retraced,NURKO/ HALIENE
2608044881,ANGEL,STAR SEED/ Catlea/ Suave
2166281364,Shine,Lost Wolves/ Chase Bell/ Randella
2157734052,Out of Time,CRXLL/ ZXRA/ Livingston Crain
2601284082,Spirits,Riya
2601052481,Lend A Hand,RREM
2604476701,It's Okay To Be Lonely（Sometimes）[STRlighT Remix],STRlighT
2165094055,Therapy,Tretone
2144364710,The Night,Marvello
2163541802,Test Drive (How to Train Your Dragon Dubstep Version),Mox Jade
2146851485,What Remains,King of None/ Deathrose
2163811367,Someone Like U,Vellum/ Mynn
2146308787,Edge Of Your Heart,Au5/ TruFeelz
2133648202,Anything,Hayvain/ Hunter Nelson
2160641658,Hold On,Sujal
2152528914,Drown,Gravas
2134570700,Fix This,Just Oscar
2160217414,you&i,Bumpÿ/ JerScO
2133648228,Find Me Here,postcard
2151368509,Without You (3EO Remix),Philtered/ Otto Palmborg
2133060591,Comet,Skybreak/ Keepsake
2140307072,BLUE SKY (feat. MR. KUY),HEAD BREAKER/ Mr. Kuy
2153335683,Shiver,AVELLO/ sportmode
2155845654,Never Leave Your Side,Daze OFF
2153359904,Brokenhearted,ARMNHMR/ Chassi/ Micah Martin
2133113331,Missing Piece,Fendy Cisneros/ Lexi Scatena
2150637010,Drugs,Luci
2142679114,Firelight Eyes,Obvsidian
2153895295,Hear Me,KRUS3
2133007112,I Swear,Atro_Bex
2146969283,Goodbye,JOSS
2137950594,as if wakening from a dream/-,Crysels
2153075521,In The End (shXdow. remix),Dabin/ Said The Sky/ shXdow./ Clara Mae
2146243361,Daydream (feat. Ridgely),SABAI/ Hoang/ Ridgely
2147525987,Fading,Wurme/ Gone Astray/ KELIZA/ 9B49
2136023123,December,John Orchard
2134916992,Sea Of Love,Rezzaie/ Yllow/ Luigi Neighbours
2143201771,Let Me Out,Araya/ Bella Renee
2120526266,Hold You,Hevian
2142181782,I'll Be There,Tronik
2125160447,Thief,Hexalyte
2142621332,Only Human,VNDETTA/ LÚTHIEN
2136328323,Petals - Complextro Mix,JoeStasi
2109033567,Breakthrough,Xtrullor
2132394542,Restart,Tripulse
2134537885,No Sleep,Spear
2126680227,Save Me,Afinity/ D-SAB/ Josh Rubin
2133024721,Thunderstorm VIP,Keiza Rain
2114899357,Yours (LUX ARMADA Remix),PLS&TY/ Tudor
2135373954,One More Goodbye,Areeb Mahmood/ Jessalyn
2128388739,Your Embrace,Arctica
2120319019,Exoplanet,Woel Jebster
2130767832,Heart In Your Hands,whoamidesu/ Miscliqued/ Malin Horsevik
2128438659,A Better World,SLANDER/ Trivecta/ Chris Howard
2121901110,take you down (feat. Lxvrich),løvkëy/ Lxvrich
2129961408,better times (dreaming of cali Remix),Noah Andres/ dreaming of cali
2122384031,Fantasy,Nimbvs/ Voyager
2118693501,Another World,Amplift
2132652056,Another Night Alone,Gomez Lx
2124557342,Dancing in Heaven (Lost Ashes Remix),Lost Ashes/ Ricki Ayela
2114897091,Paradise,Youngest Puppet/ Zel
2118037627,Take Me There,AVELLO/ Hypernaut
2116030729,Forever Now (feat. Ines Rae),Dvrkcloud/ Vaance/ Ines Rae
2125771420,Don't Take Me,Dimatis
1329900090,Island (feat. Nevve),Seven Lions/ Wooli/ Trivecta/ Nevve
1955022002,Hero (feat. Weldon),Lost Wolves/ Weldon
1903509374,Don't Look Back,Kill The Noise/ MOELLE
1879809494,Crazy,Wooli/ Codeko/ Casey Cook
1826164911,Blossom,Ben Walter
1951132224,Bittersweet Melody (Nurko Remix),Said The Sky/ FRND/ NURKO
2629150652,Just A Little,shXdow./ Emily Esthela
2634441319,Castles In The Sand,HALIENE
2631939373,Homesick,AMIDY
2605057155,Still Think About You,Seb Nero
2617004883,Storm,ROSMO/ Mary Sweet
2605056532,Call Me Cell Phone,Deku
2617491824,famicami,Howlan
2627001662,Remembrance,JCrell
2625366033,Loved By You,SLICA/ Donna Tella
2620212184,Edge of Infinity,Revoltyx/ Toir/ a red panda
2605056517,Why I'm Loosing Myself,MMGRAY
2614958185,The Reason,Aria Droplet
2625785622,Are You Happy Now (feat. Linney),SABAI/ Linney
2607176722,pining,Glacier
2620248074,Stop The Fire,Nikademis/ Luma
2625651287,Take Your Light,HALIENE/ NURKO
2164963243,Oceans,Awon/ KELIZA
2610406212,Evergreen,NURKO/ Jordan Shaw
2617617269,Bottle It Up,CloudNone/ Veela
2616521308,YOU,STAR SEED/ Lexi Scatena
2609705929,Wipe Your Tears,JAMES.C
2609645556,Hold My Breath (Mazare Remix),Said The Sky/ Boys Like Girls/ Mazare
2609359135,zenith,Tearless/ nate normoyle
2606006890,Made Us,4URA/ Sultan Braum/ Cam Hertz
2607796705,Live and Die,kyootbot/ 9 Worlds/ TIFFVNYJOY
2604389567,Dream,DRECHO/ Vermilion/ Kayko
2166666185,Be Alone,Chenda
2605056755,Limit,Mordrez/ Dimatis/ Tadeusz/ Young Viridii
2154647095,Salvation,Chenda/ Hannah Avison
2600507988,To the family i chose <333 (feat. Bella),TwentyTwo5/ Bella
2602189505,NOT SORRY,Matduke/ SZLA
2600077645,Dystopia,King of None/ Tadeusz
2153875208,House Of Glass,Encrypted/ Sonja Marie
2600012902,EVERLOST,Drowning Soul
2165094049,Lonely Night,Tretone
2159010850,Falling In The Dark,KAMMEO/ Outertone
2156041622,Mothman,Skybreak/ Essenger
2599725804,Another Day,MitiS/ HALIENE/ Abandoned
2158501705,Calling,HASHBBC/ Jordan Grace
2159278885,It Started With a Dream,FHONO
2161376132,Back To Me,SPIRIT LINK
2151051244,Die Young,Synymata/ Elle Vee
2153031697,Too Damn Young,Spirit Motel/ Alexx Bean
2150472376,Seven Lions & Illenium ft. ÁSDÍS - Not Even Love (CHPTR. Remix),CHPTR.
2160116573,memories,Bumpÿ
2153360305,YEARS (KANJI Remix),DREAMDNVR
2147636575,Ruins,Chenda/ Lexi Scatena
2154504895,Gravity,RINY
2154578727,Tsis Paub Nyob,Johnny Lo
2152796712,See You Soon,Nikolas K/ Emy Smith
2123094834,OCEAN (feat. GLNNA),FREAKY/ GLNNA
2144147208,Born This Way,Kaval
2151774050,The Missing Piece,MECHANYX/ Maypops
2153895296,It's Gonna Come Back,KRUS3
2148543741,Mirage,modus./ Miss Lina
2148915805,For Me,Draeden/ Undrwvter
2133466670,Deep End,yetep/ Lockbox/ Artemis Orion
2135375612,Fate,Sleek Trix
2136079705,Escape From You,CLOYDEX
2145333982,Hope,ARCH/ Emily Ewing
2147501107,16,FRESCADE/ Arieliza
2147372798,William Black - Lie (Rizpect Remix),Rizpect
2141679555,Portal (KEPIK Remix),Casey Cook
2145307488,Atenea,Hxmir
2129456159,Deliverance,KD-12/ Dark_Wind
2141717963,You,Encrypted
2125587010,Burn Me Down,PRIYANX/ Wolfpup
2136741403,Take It Back,Fairlane/ Silverstein
2129035332,I Let Go,Paper Skies/ Danyka Nadeau
2135582364,Till We Meet Again,Neddie
2125160722,Stargate,Vortec
2139387230,See me once again,HB黑白
2139606621,Lie (Bumpÿ Remix),Bumpÿ/ William Black
2122402436,Not Over Us (feat. Jaime Deraz),Broders/ Jaime Deraz
2130824536,Demons Inside (Spear Remix),Tone/ Maya Lu
2135097433,Kinetic Streams,Celestial Void/ Lonehaven/ Hylia
2135373196,The Songs of Yesterday,Mox Jade/ Dimatis/ Sydney Grimm
2128324448,Sanctuary,OUTSHADES/ Wood Cherry/ Wendy Lucas
2136670848,Reconquista,Ironheart
2129456146,Where We Go,Skron
2120086878,Dreamlike (Mendum Remix),Dead by April
2123959589,All I Need,SNOWFYRE
2131650675,Closer (Ballmer Remix),Tarrow/ BALLMER
2128988861,Echoes,KAMMEO/ KRLYK/ Outertone
2121899262,repeat (feat. Livingston Crain),løvkëy/ Livingston Crain
2131874901,Fireflies,Champagne Drip/ 9 Theory
2118688047,Can You Feel It?,Anki
2118693499,Memories,Amplift
2131710140,那从前（7-60/ Remix）,7-60// 八二年的烤面筋/ YARVII/ Shaw_Tyan/ iLY_N倪雯静/ Vultures Records
2122845799,Antidote,Cowboy Club/ LostBoy Kujo
2129456137,Stasis,Evr!
2123094832,READY TO RUN,FREAKY/ SOUNDR
2118059596,Farewell (feat. KnownAsNat),Crystal Skies/ KnownAsNat
2116637266,Till I Met You,Said The Sky/ good problem
28466117,Keep It Close,Seven Lions/ Kerli
1887905708,Haven (feat. Dia Frampton),William Black/ Dia Frampton
1895295400,Hallelujah,NURKO/ Devon Baldwin
1981051865,From the Ashes,ILLENIUM/ Skylar Grey
1835265185,Follow You,MitiS/ Rico & Miella
1454854447,Everbright,Outwild
1806070882,Ever After,Abandoned/ Elle Vee
536097184,Don't Give up on Me,ILLENIUM/ Kill The Noise/ Mako
564504463,Dimensions,Last Heroes
407699622,Creation,Seven Lions/ Vök
1989325067,Colors (TYNAN Remix),Gryffin/ Blanke/ Eyelar
1475524916,Collide,Crystal Skies
1489265170,Closer Than You (feat. AMIDY),William Black/ AMIDY
1915727558,Change Your Life,Jade Key/ BrillLion/ Emy Smith
1866202304,Change It (with Liel Kolet),Last Heroes/ Liel Kolet
492144174,Castles,Crystal Skies/ Brooks Williams
1976824986,Call On Me (feat. Vancouver Sleep Clinic),Seven Lions/ Vancouver Sleep Clinic
1872338225,Broken,William Black/ Fairlane
1434456654,Bring me back to life,InfiNoise/ DNAKM
1813214938,Anywhere (feat. shYbeast/ PLYA),SLANDER/ Au5/ shYbeast/ PLYA
1979716535,Another Way,Au5/ Emme
2648004391,December,Sleeplz
2648449889,Bird Set Free,Phero
2625645358,Numb,Nikademis/ LEUTHERO/ skye silansky
2606197396,Memory,Rareno
2626785517,Silva Solitudinum,DOVAHKIIN/ IRr/ Mournful Autumn埋葬落日
2629303450,Stargazing,Hubert
2629303449,This Is Love,Hubert
2618209926,Too Late,She Was Silver/ Rory Hope
2026907150,Lonely,Low Distance
2627871600,Pink Cherry,SonicLight
2158889183,Red Thread,shXdow./ 4URA
2619292191,Bloodsucker,Luci
2616055863,Don't Think I'm Ready,Egzod/ Sirena
2625635698,Easy (VNDETTA Remix),SOUNDR
2607251479,Tumbled,Ashley Apollodor/ Beatcore
2623413799,Heartless Goodbye,Kayden Michaels
2618499199,Meet Again,Shatters
2613716668,Let Go,Shatters
2605886953,Drown (ARNHEMIA Remix),ARNHEMIA
2612834052,makeshift glue,Marek/ WALLMO
2616698607,Revolution,Electro-Light
2623778673,Beating Heart,ZALTANNA/ HeroWilson/ Owtlet
2623768119,Lie To Me - (PAVO Remix),LUVIUM/ KOIH/ Donna Tella/ Pavo
2609631594,One More Night,N3WPORT
2612581690,Summer Last Year,SadBois/ Jake Neumar
2607273429,I Feel So Lost,Ashley Apollodor/ Beatcore
2163522261,If I Died Today,Mazare/ Starletta
2617247924,Your Everything,星尘纪之声/ Saeran Foo
2615244615,I Need To Know,Lexdez/ Arch/ Wolfpup
2606799818,I'm Lost,BOWEN/ PXRT TWO
2615206299,I'm Broken,Culture Code
2612308911,near me (feat. ARISHA),dreaming of cali/ ARISHA
2601841769,Lifeline,DELOUX/ Lost Ashes/ K-WOOZY
2610404861,Memories,Valorian/ Dolan Hollywood
2615499572,Chasing Stars,WilliamHenRy
2155515508,Under The Burning Sun,Animadrop
2608624089,Nirvana,WilliamHenRy
2611244651,Heavenly,Leon Ellus
2608117148,Human Alien,Jordan Savage/ Elle Vee
2604214281,Back To You,Zaitex
2610515151,Ones I Used To Love (feat. JIM),Seven Lions/ Dabin/ JIM
2602209647,Bloom,OBLVYN/ Roseanna
2611273701,If Tomorrow Never Happens,SLANDER/ Nikademis/ Poo Bear
2603262997,Stars,Egzod/ Justin J. Moore
2159618035,Supernatural,She Was Silver/ Rory Hope
2149688218,Don't You Ever Pretend,Rareno
2601809006,OverTime,Nexen/ VLESH
2161214284,Fell Out Of Love,goud./ Rsaku
2154373059,Higanbana（SK7N Remix）,SK7N
2156075915,Back To Me,MVSE/ shXdow./ Donna Tella
2159007550,Daydream,Gasp!/ Outertone/ Nightcore
2161401750,A Little More,Kaidro/ Ray Le Fanue/ Britt Lari
2165094056,Resplendent,Tretone
2156686211,Love Song Underwater,SadBois/ Olivver the Kid
2161738852,Everything,OBLVYN/ wayfie
2601857612,Setting Sun (feat. Luma),Midway/ Luma
2164114066,Save Me (Akashic Remix),Jaime Vox/ Akashic
2599720405,Eye Of The Storm,Gryxx/ Donna Tella
2159574468,No Chemicals (feat. Chapstixxx),Egzod/ Chapstixxx
2146037773,Shiver (Whales Remix),Whales
2163799154,Enough For Me,JONJEN/ Livingston Crain
2159196072,Gone in the Morning,Monika Santucci/ Mark Dreamer
2163039393,Looking Glass (Vorstell Remix),Nimbvs/ Sonja Marie
2151051246,Fall Back To You,Synymata/ Nina Sung
2154352682,Running Cold,Felmax/ Stryer/ Micah Martin
2125712352,Hurricane,DILA/ Angela Hsieh/ Murphy
2159598915,Wait For Me,NVREXSTD
2146155453,To Life,PLEEG/ Moav/ CHOMPO
2155465687,Like I Love You,Philip Anticca/ Whittzy
2158270445,I Forget,Abandoned/ CHPTR.
2141967562,Fall,Truth Is
2161035813,Closure,Zoftle
2152115261,I'm Still Here,Orlost/ Undefynd/ Nina Sung
2154522521,Smile,CADU!
2149397561,Warning Sign,MAMBA./ COLLISION/ Bella Renee
2156749509,So High,Yenoh
2151018604,Everything's Fine,Wubson
2153226492,Fly,løvkëy/ DYSTORT/ Lincoln Lam
2158350789,Kindred,Jay Ocean
1400361707,One That Got Away (with Dylan Matthew),Jason Ross/ Dabin/ Dylan Matthew
1831761213,One More Day,Jason Ross/ Blanke/ Chandler Leighton
1458679659,One Look (feat. Heather Sommer),Jason Ross/ Heather Sommer
1943936202,Not Letting Go (feat. Micah Martin),Danny Olson/ Highlnd/ Micah Martin
461080771,Never Let Me Go,Virtual Riot
1499505486,Neverless,Xavi
1990362383,Never Learn (feat. Mija),Seven Lions/ Mija
1342935707,Never Change (feat. Gallie Fisher),Crystal Skies/ Gallie Fisher
507585222,Needed You,ILLENIUM/ Dia Frampton
1497799792,Moment With You,Crystal Skies/ PRXZM
1482597308,May You Always Be,Outwild
1903871729,Luna (Mendum Remix),Abandoned/ GalaxyTones/ Mendum/ DNAKM
1419365316,Lost In Sound,ROY KNOX/ Dub King
1918558195,Lights Out,Blanke/ RUNN
1402394088,Light,N3WPORT/ Dianna
1462538478,Leave It All Behind (feat. Fagin) (Nurko Remix),Trivecta/ Fagin/ NURKO
1860988296,Lay It Down,ILLENIUM/ Krewella/ SLANDER
1853470352,Knowing How To Break (with RUNN),Last Heroes/ RUNN
1970696115,Journey's End,Skybreak/ aethoro/ Mizu
1477444535,illuminate,Soar/ Nytrix
461519865,Init,Virtual Riot
1824198707,In Vacui,Xavi
1860988297,In My Mind,ILLENIUM/ Excision/ HALIENE
1400369399,If It Isn't You,NURKO/ Brayden Kehler
1872924045,I Surrender,N3WPORT/ Monika Santucci
1903542444,Hurting Too (feat. Exede),yetep/ Exede
555398956,Horizon,Seven Lions/ Tritonal/ Kill The Noise/ HALIENE
1428684697,Hope It Hurts,Dabin/ Essenger
1429601884,Home (feat. Niko Athanasatos) (Nurko Remix),MitiS/ Niko Athanasatos/ NURKO
1384492893,Hold On,ILLENIUM/ Georgia Ku
1956426266,Halfway Down (with Ashley Drake),SLANDER/ Ashley Drake
1950450579,Fragments (Last Heroes Remix),ILLENIUM/ Natalie Taylor/ Last Heroes
1316562834,First Time (feat. Dylan Matthew),Seven Lions/ SLANDER/ Dabin/ Dylan Matthew
423407472,Firefly (Anki Remix),Anki
410446469,Finally Home (feat. Satellite Empire),Crystal Skies/ Satellite Empire
1804646284,Finally Healing,Abandoned/ Shiah Maisel
1363342114,Feels Like a Dream,Awakend/ Herrin/ Luma
437292517,Fall Into Oblivion,Ben Walter
1421446518,Faith,NURKO/ Dia Frampton
1417684386,Erase Me (Last Heroes Remix),Last Heroes/ NÉONHÈART/ Said The Sky
1908973869,End Of The World,Excision/ Dion Timmer/ Donna Tella
405377575,Emotional (Virtual Riot Remix),Virtual Riot/ Flux Pavilion/ Matthew Koma
1887414088,Disappearing Now,NURKO/ Chandler Leighton
1915168556,Crystal Beam,Ahee
2647995129,Unknown (feat. glasscat),JONJEN/ Home By Dawn/ glasscat
2649258125,Last Call,PLEEG/ CrossTheHeart
2618210800,Embers of Tomorrow,She Was Silver/ Brandon Chase
2635803843,Alaska (JerScO Remix),JerScO
2620833195,You Make Me Feel,Kaivon
2630350800,Cold Heart (feat. Anita Tatlow),Abandoned/ Anita Tatlow
2634440994,Water,HALIENE/ Kill The Noise
2631065793,Your Poison,ROY KNOX
2620876494,Don't Fear The Reaper,Jayden Carr/ King of None
2630019998,To Stand Again,Dimatis/ Calmseer
2629306209,I'm Sorry,Hubert
2626185166,Don't look down,Tripulse
2623764749,Meant to Be,9 Worlds/ Medyk
2605056554,Can We Try Try Again (feat. Emy Smith),Abov/ Emy Smith
2619872510,The Loneliest (MEDZ Remix),Man Cub/ Stirling
2610931242,Way To Dawn (Soul Eater),Jedwill/ Singto Conley
2127885741,Stuck In Your Ways,Red Comet
2612652522,Not Over You,Pig Stinki/ 星尘纪之声
2153230904,What You're Missing,Atro_Bex
2615133398,Hurts Me Too,Hoang/ niko rain
2626920460,The Way That We Are,SPIRIT LINK/ DarkKnife/ Monika Santucci
2622027283,Right Into You,Kevin Moffat
2627988399,Searching,Jay Ocean
2624813856,take me with,klozure
2613913445,Pouring Rain,OBLVYN/ Luxtides
2627001710,Your Eyes,XooFa
2623426717,Over It,Cerus
2626994897,All For You,Zeroic
2618837738,Counterfeit Love,KOIH/ Elle Vee
2617751208,She's All I Wanna Be,Sunday Friend/ Lexi Scatena
2162715344,Eyes Up,Bumpÿ/ JB RICKY/ Maria Niklasson
2620074835,Down Without U,ROY KNOX/ CHOMPO
2627002740,You Are Not Alone,NVREXSTD
2605057162,Whole Again,Jey Cordz
2614535047,Ignite,Sleeplz
2153226177,Feeling So Down,Ream雨舒
2624094916,From Here,We Rose
2615938773,My Demons,KEPIK
2618046147,Now That I'm With You,SPIRIT LINK/ Hylia
2622267802,All Falls Down,William Black/ Said The Sky/ Melodie Wagner
2619664909,Where We Begin,AMIDY/ Skybreak
2619323464,Stardust In The Universe,Teminite/ Lara Nova
2613248210,Elastic,Chenda/ Ryscu/ Veronica Bravo
2602538486,Washed Away (Falling),Areeb Mahmood/ Violyt
2613581207,Ghost (Maypops Remix),Brysn/ Maypops
2614967248,Risen,Jay Ocean
2608885197,The Light I Know,King of None/ Celestial Void
2613073183,Afterlife,Side Rulls/ Zephys/ Purnama Saputra
2606886202,Mental Picture,Wurme
2608374008,Ghost in the Shadows,ROY KNOX/ Derpcat
2602573219,Every Road,Monika Santucci
2603825031,You & I,JOSS
2609474896,APEX,Endless-Music/ TSUKI RECORDS
2610706594,In The End (Rllovx Remix),Rllovx
2602217502,Haunted (feat. Diana Inez),Diana Inez/ Abandoned
2600091382,Far Away,Culture Code/ CHPTR./ Kenaj/ UNDY
1418205389,Always in a Nightmare,Au5/ Nytrix
1872565224,Always Like This,Last Heroes/ Mark Klaver
1497732822,Already Home,AMIDY/ HALIENE
1385765724,Already Know,Adventure Club/ Said The Sky/ Caly Bevier
1971607587,Alone (feat. Meggie York),STAR SEED/ Aaron Shirk/ PSYB3R/ Meggie York
1463835821,Alive,Outwild/ Meggie York
1968910258,Afterlife (I'll Dream Of You),Ray Volpe/ Frank Zummo
446549373,Afterlife (Dabin Remix),ILLENIUM/ Echos
1972587685,Afraid To Love,ROY KNOX
2646248793,Dark Lights,Sean Ven/ Juicestep
2630160992,Realm Of The Dead,Nightcall/ Nocturne.
2625583877,lunas lament,lillybug
2647144667,Crying Out,Vellum/ Gryxx
2648884379,Lie (ARAYA Remix),Araya
2132747129,The Devil,BADLIKE
2624377745,You,BRONZY
2639850669,Wish I Knew,MEDZ/ SOUNDR
2624243534,Snow Crystal (2024 Rework),Mwk/ 初音ミク
2127891366,This Could Be Us (feat. Frank Zummo) (Franky Nuts & Oliverse Remix),Virtual Riot/ Modestep/ Frank Zummo/ Franky Nuts/ Oliverse
2146495084,As Life Goes By,Derpcat
2637590757,Disposable (VIP),Highlnd/ Drowsy
2639484644,All The Time,Aaron Shirk/ Ehallz/ Sergina
2653704280,Picture,Aaron Shirk/ Meggie York
2118948714,Voices Inside (Aadish Sheth Remix),CADMIUM/ CVDMIUM/ Aadish Sheth
2655587855,Noel Electra,Everen Maxwell
2651290108,What I've Never Had,laikd
2626920461,Belong To You,SPIRIT LINK
2652317960,Diamonds,Youth In Circles
2618219644,Space Between,Jason Ross/ Olivver the Kid
2617825001,Your Way (Mazare Remix),Midnight Kids/ CVBZ/ Mazare
2605263370,Wake Up,Jason Ross/ Fairlane
2646367578,24/7 (Lost Identities Remix),Flux Pavilion/ Doctor P
2652614435,Illuminate,Ace Aura/ AMIDY
2640943392,pushthesound,KERO
2612469180,Don't Let Go,Lexdez/ Josiah Nichols/ Nancy
2116302211,Afterhours (BADLIKE Remix),Juelz/ Marlhy
2654987909,Comfortable,Luci
2655910901,Already Gone,Hoang/ Danny Olson/ Rosie Darling
2616271386,Ancient Palace,Quartzone/ KERO
2652623205,Heart Could Break,Fairlane/ Afinity/ No/Me
2648779715,Burned,CHPTR./ Cyrus Gold/ Hylia
2090203359,Knockout,Inphecs/ No Handshake
2599600464,Cigarette,Inphecs/ Catchphrase/ Manno
2617132042,DEAD,Inphecs/ Livingston Crain
2642077794,Selfishly,Inphecs/ Wolfpup
2648905530,Save Me - crowit. Remix,crowit./ Unknown Melodiez/ singsoni
2643524322,Grow,MultiVersa/ Moav
2648511278,Neverland,TIFFVNYJOY/ 3cho
2646734859,Self Destruction (feat. Micah Martin),Lootz/ FIXION/ Outertone/ Micah Martin
2623754158,Breaking Through,VNDETTA/ Micah Martin
2632364406,[un]love you,GhostDragon/ Daye
2134021864,Eliminate-Waste My Time（GLIKER remix）,GLIKER
2649249920,Alaska(Chenda Remix),Chenda
2640242144,Follow Me Back Home,Danny Olson/ Awakend/ Casey Cook
2647780287,World Stops Turning,Culture Code/ Nightsirens
2648907990,Alaska(Lost Wolves Remix),Lost Wolves
2648828607,Shiver (Sullivan King Remix),Sullivan King/ John Summit
2642820627,法厄同之名（Shaw_Tyan Remix）,Shaw_Tyan/ South.Rcrds
2629788039,STAY (feat. LostBoy Kujo & Meggie York),Catchphrase/ LostBoy Kujo/ Meggie York
2645407220,Wallflower,KINDRED
2637583183,Solace,AVELLO/ SNOWFYRE
2643721532,Happier By Now (feat. Lø Spirit) (Sora Remix),Kai Wachi/ Lø Spirit
2642868089,Detach,Dimatis
2646186511,Keep Me Waiting (feat. Olivver The Kid),Hoang/ Chenda/ Olivver the Kid
2639250959,SNOWMAN,Tokyo Machine/ Mameyudoufu/ CHOMPO
2640375761,Never Fall,Casey Cook/ SABAI/ BOTCASH
2635445452,Nothing,Aye Bay/ Owtlet
2638457605,Sands of Time,Mox Jade
2624377391,Without You,LazyMario
2636725668,On Time,Renn/ Micah Martin
2637850721,Crowded Room,Josh Rubin
2639743971,Crazy,Vanatice
2625111690,Someone To Love,BrillLion
2639113263,Incredible,Bumpÿ
2642120041,Brand New Love (feat. Ace Aura/ Marlhy) (Synymata Remix),NGHTMRE/ Ace Aura/ Marlhy
2636594980,Whiplash (Nikademis Remix),William Black/ Nikademis
2636594977,Straight Into The Ground (ODEA Remix),William Black/ ODEA
2636594978,Stay (feat. Trella) [Afinity Remix],William Black/ Trella/ Afinity
2636595337,Lie (Roy Knox Remix),William Black/ ROY KNOX
2630458226,Heaven Feels Like,SLANDER/ Fairlane
2635666438,Where You Are,3thos/ Culture Code/ RUNN
2617523110,In My Bones,Egzod/ HALIENE/ CHPTR.
2640635218,Hollow Love,Gazing Skies/ Micah Martin/ Soft Spoken
2627510405,Synchronize,King of None
2644401139,Baswara (Heavenly Castle Remix),EXILA/ Lantara/ LostWind/ Umair/ Ryo
2631019629,Grateful For All,Ice Angel/ Skron
2631019623,Falling Stars VIP,Dauntless Dan/ QOOG
2631019606,Stellar Pipe,GrieferPig/ Silvery SKY
2639885043,Endless In Between,k?d/ Jonathan Mendelsohn
2643390724,Drunk Text Me (Spear Remix),Spear
2619997995,Headaches (PRIYANX Remix),MECHANYX/ Maypops/ PRIYANX
2633035719,Rise,MVSE/ Casey Cook
2633627843,Spill,acloudyskye
2639575881,Rise Up,Ganja White Night/ Wooli/ AMIDY
2634775708,Overstimulated,Rival/ KC
2630816383,Soul,Ookay/ Chime
2615242882,With You,Secret Skies
2639603991,Lean Onto Me,Sullivan King/ NGHTMRE/ Grabbitz
2631571639,Ridiculous,Virtual Riot
2637639481,Collide,William Black/ Jazara
2048535795,Phantoms,Man Cub/ Allie Crystal
2051473278,Survivors,OBLVYN/ April Bender
2049701396,Black Hole,STAR SEED
2034411883,Surrender,Josh Rubin
2047249623,Superluminal (VIP),modus./ Vizzen
1449526762,Better Than Heaven,SLANDER/ Jason Ross/ JT Roach
2049703796,Don't Look Down (Hold On),Excision/ Wooli/ Codeko
2045851458,Letting Go (feat. Lisza),Mendum/ LISZA
1878987856,Only You,imallryt/ ROY KNOX/ Derpcat
2013892790,All I've Ever Wanted (She Was Silver Remix),laikd/ She Was Silver
2004547182,Work In Progress (Love Myself) (Zion. Remix),Lost Wolves/ She Is Jules
2020695592,Back To Life,Nght Vision/ Millient
2033093810,Ascension,Jacoo
2040919379,Inside My Mind (Elluzion Remix),ENMAN/ K!NETIC/ Atomic/ MRZ/ Adi/ Elluzion/ FAAFOO
2020986804,The Rage,OMAS/ Awon/ Micah Martin
2044146061,Leviathan,Trivecta/ Caster
2042255767,I Want You 2 (Stay),ILLENIUM
409060989,Revenant,Dabin/ Koven
1967304787,Tattoo,AMIDY
1370437177,Maelstrom,Sharks
1888288250,Pseudo Love (feat. Zack Gray),Highlnd/ Zack Gray
2017079887,Love Me,DVDDY/ Awon/ broke.
1822429641,Blindspot (Outwild Remix),NURKO/ Devon Baldwin
1979547515,Higher Than Heaven,Blosso/ Nytrix
2015531173,Memories,MitiS
2004340605,固执己见,Shaw_Tyan/ Endark/ Trailblazers Radar/ D.V.K RECORDS
2007211126,Goodbye Paradise,Stryer/ Typhon
2020508184,Beyond The Peak,Chime/ Skybreak/ DNAKM
2008762167,By Our Side,Elektronomia/ Fakti/ Sofuu
2024217145,Parachute,Caslow/ Manno
2035037662,blindside,GhostDragon/ Daye
2022301935,Brightest Light (feat. Dotter),Seven Lions/ Dotter
2023141734,Melting (feat. Easae) (Highlnd Remix),Danny Olson/ yetep/ Highlnd/ EASAE
2023384569,Landslide,SABAI/ RUNN
2015221544,Luv Me a Little,ILLENIUM/ Nina Nesbitt
1442181237,Wasteland,Trivecta
2005436190,Love You Enough,AMIDY
1410779246,Starlight,Kaval
1835340743,Summit,Vaance/ Tadeusz
1873497603,Glass Heart (Last Heroes Remix),HALIENE/ Last Heroes
2014140653,Alive,Aaron Shirk/ MEDZ/ Liel Kolet
2020507306,From Ashes To Love,Jason Ross/ Trivecta/ RBBTS
453268365,Higher Love (Extended Mix),Seven Lions/ Jason Ross/ Paul Meany
1876365389,Dreaming (feat. Danyka Nadeau),Virtual Riot/ Danyka Nadeau
1972587426,Alone (feat. Meggie York),STAR SEED/ Aaron Shirk/ PSYB3R/ Meggie York
1486913214,Fragile (feat. Melanie Fontana),ARMNHMR/ Melanie Fontana
1973607030,Eternity,NURKO/ Dayce Williams
1829742202,Getaway (feat. Lunis),Last Heroes/ Lunis
1861238907,Cruel Summer,Crystal Skies/ Mazare/ Bertie Scott
410446471,Above (feat. Apollodor),Crystal Skies/ Apollodor
1955856871,Take You Home (feat. Dia Frampton),Jason Ross/ MitiS/ Dia Frampton
1987131730,Gravity (feat. Tyler Graves),AMIDY/ Danny Olson/ Tyler Graves
1996256338,All That Really Matters (Crystal Skies Remix),ILLENIUM/ Teddy Swims/ Crystal Skies
1944849146,The Final Battle,Derpcat
1843875721,Spark (with Dia Frampton),Blanke/ Dia Frampton
1300565420,Die For You,Excision/ Akylla
30780477,Make Me Do,ILLENIUM
1381708928,Blood,ILLENIUM/ Foy Vance
507585219,Beautiful Creatures,ILLENIUM/ MAX
1338368352,Breathe Without,NURKO/ Luma
496870058,Dichotomy (feat. AERYN),Crystal Skies/ AERYN
1887908827,Worth It (feat. Essenger),William Black/ NURKO/ Essenger
1919116913,Waiting For Love,ARMNHMR/ neverwaves
1862975553,Your Open Eyes,Xeuphoria
30431250,Worlds Apart,Seven Lions/ Kerli
1300198788,Won't Come Back (JVNA Remix),ARMNHMR/ Convex/ JVNA/ Jex
1922522235,Without You,Kill The Noise/ Seven Lions/ Julia Ross
1837972529,Wild Ones,Jason Ross/ Nevve
1842712874,When This Is Over,Dabin/ NURKO/ Donovan Woods
1433425152,What's Done Is Done,Seven Lions/ HALIENE
1942389484,When I'm Gone,Tetrix Bass/ ROY KNOX/ Ellen Louise
28925189,We're Not Alone (Original Mix),Virtual Riot
1840378187,Valhalla,Slushii
1812318279,Until The End,ROY KNOX
1896446837,Tides,Abandoned/ Nytrix/ Dvrkcloud
487182072,Thrones (Ben Walter Remix),Ben Walter/ Satellite Empire
2001219443,The Other Side,ROY KNOX/ CRVN
1403015352,Talk (feat. Bright Sparks),Trivecta/ Bright Sparks
1440410022,Take Me Away,Awakend/ Kait Weston
486814261,Silent Skies,Seven Lions/ Karra
1396158063,Shattered (feat. RUNN),MitiS/ RUNN
1840416761,Shadows,Seven Lions/ Wooli/ AMIDY
1459162254,Senseless (feat. Tyler Graves) (Nurko Remix),Seven Lions/ Tyler Graves/ NURKO
1989100428,See Eye to Eye,Bumpÿ/ JerScO/ Onism.
1891559165,Saving Lives,ARMNHMR/ Bella Renee
1405403060,Save Me,ROY KNOX/ Tim Beeren/ Svniivan
1904136679,Right Here,Awakend/ Dvrkcloud/ Julia Beaudoin
1380987876,Riptide,Trivecta/ AMIDY/ RØRY
1466028786,Remnant Fragment,SADRECORDS/ Titan Chaos
1433426225,Remember,Seven Lions/ Au5/ Crystal Skies
1955935271,Remedy (feat. Annie Schindel) (ROY KNOX Remix),William Black/ ROY KNOX
1353374366,Pray,ILLENIUM/ Kameron Alexander
1812404626,Poison,ROY KNOX
1963293738,Phenomenon,JVNA/ LICK
1972587686,Passengers (feat. Tadeusz),Abandoned/ Tadeusz
33340696,Painted White,ILLENIUM/ Said The Sky/ Cristina Soto
1419433422,Origins,Pixel Terror/ EMELINE
1474811373,Only One,MitiS/ Drowsy
1320566018,Only In A Dream,Au5/ Nytrix
1416675110,Infinite (feat. Saint Slumber),ARMNHMR/ Saint Slumber
2059107837,Afraid Of The Dark,Kill The Noise/ Karra
2052332355,Art Of Letting Go,NURKO/ James Gillespie
2046682821,The One (yetep Remix),NGHTMRE/ KLAXX/ yetep
2031312913,Gone,Araya/ Donna Tella
1445952411,When The Night Falls (Awakend Remix),Jason Ross/ Fiora/ Awakend
2025023132,Salt (Fairlane Remix),The Devil Wears Prada
2030663267,Can't Lose You,laikd
2045041767,Love Is A Highway,NURKO/ Neriah
2043943087,Traces Of You (Bumpÿ & JerScO Remix),Bumpÿ/ JerScO
2030491534,Eraser,Spaceport Records/ R1c7y/ CnsltN
1824197141,Our Languish,Xavi
1805516319,Love It,if found/ Josh Bogert
1483123624,Let You Go,Awakend/ Rickie Nolls
1488828715,Flatline (Reprise),Blanke/ Calivania
1815021347,The Warmth Of Known,Xavi
1941618162,The One,NGHTMRE/ KLAXX
2031998669,Treasure You,Mox Jade/ Sydney Grimm
2016884445,Back 2 You,ROY KNOX
2012389780,Irrelevant (Reprise),Synymata/ Q'AILA
2021575387,Wish You The Best (BrillLion Remix),Culture Code/ Caslow/ Nina Sung
2034455682,The Long Way Home,DecemberAir/ Semicold/ Xander Sallows
2031165511,两极碰撞,Shaw_Tyan/ TRANICI/ Endark/ Rmjesty
2012539755,Paradise,N3WPORT/ Britt Lari
1383782175,Up In Flames,Kayzo/ Alex Gaskarth
2017741226,Hollow,HALIENE/ Elephante
2025616315,Hallowed (feat. SOUNDR),Abandoned/ SOUNDR
1860762164,The Paper Owl (feat. Arehlai),Au5/ Arehlai
1958592465,I'll Always Love You (feat. Kindred),Stryer/ KINDRED
443876465,Frameworks (Original Mix),MitiS
1822395020,Aurora,Skybreak/ Mizu
1450866941,Dilemma,Pixel Terror/ DYSON
1910447248,Salvation,Excision/ Dion Timmer/ Alexis Donn/ Donna Tella
1448420680,Broken Ones (Last Heroes Remix),ILLENIUM/ Last Heroes/ Anna Clendening
30780478,Falling In,ILLENIUM/ Said The Sky/ Mimi Page
1450894524,Naked Soul (feat. Liel Kolet),Last Heroes/ Liel Kolet
32717970,Resonance,Miro/ Q'AILA
565841089,Falling Again,NURKO/ Roniit
1386838818,Another Me (with Dylan Matthew),Seven Lions/ Excision/ Wooli
1986632474,Don’t Look Down (feat. Linney),MitiS/ Ray Volpe/ Linney
1486645592,Forevermore (feat. Isaac Warburton),Last Heroes/ Isaac Warburton
1996477815,Let Me Go,Sullivan King/ Wooli
1859728927,You 2.0,Miruku
28466115,Nepenthe,Seven Lions/ Kerli
1978607192,When The Sky Falls (ARNHEMIA Remix),Lost Wolves/ Tadeusz/ Jack Patrick
1933005011,Your Gravity,N3WPORT/ Casey Cook
1425212270,You,Mendum/ Brenton Mattheus
521415740,Without You My Love (Trivecta Remix),Seven Lions/ Trivecta/ Rico & Miella
482395136,Where I Won't Be Found,Seven Lions/ NÉONHÈART
504685054,Waterfall,Kotori/ JVNA
1453683590,Wasteland (Wooli Remix),Trivecta/ Wooli
1428684698,Wait,MitiS/ Crystal Skies/ Monika Santucci
1861224068,Used To Love,MEDZ/ She Is Jules/ Aaron Shirk
1995007524,To Another World,Nytrix
1390297954,Thin Air,Animadrop/ Ben Walter/ Aeris
1968979578,Stay (feat. Dia Frampton),Jason Ross/ Dia Frampton
1360746868,Sojourn,Seven Lions/ Crystal Skies
1842292553,Sideways,ILLENIUM/ Valerie Broussard/ NURKO
1946206739,Shivering (feat. Spiritbox),ILLENIUM/ Spiritbox
1885051034,Shadow,Bossfight/ JT Roach/ RUNN
1472588120,See You at the End,Abandoned/ InfiNoise/ Mendum/ Brenton Mattheus
1908996458,See You Again,Seven Lions/ Jason Ross/ Fiora
1405638997,See The End (Last Heroes Remix),Above & Beyond/ Seven Lions/ Opposite The Other/ Last Heroes
1872144421,Satellite,AMIDY/ Outwild
1817299988,Running After Us,yetep/ Nick Ledesma/ Exede
1893251791,Returning To You (feat. Alison May) (Kill The Noise Remix),Seven Lions/ Andrew Bayer/ Alison May
1961158496,Remember (Last Heroes Remix),Dabin/ Noelle Johnson/ Last Heroes
1300595094,Promise Me,NURKO/ Last Heroes/ Jessie Chambers
1821614123,Out of the Grave,Abandoned/ ENROSA
1928359037,Open Road (feat. Rico & Miella),Trivecta/ Rico & Miella
1846299464,Only One I Need,William Black/ HALIENE/ Thomas Laurent
1459162253,Only Now (feat. Tyler Graves) (MitiS Remix),Seven Lions/ Tyler Graves/ MitiS
1401180143,One More Night,Crystal Skies
1315141918,Need U,Wooli/ Josh Marment
1990362381,Miss You (feat. GG Magree),Seven Lions/ GG Magree
1846051695,Make You Cry,Au5/ RUNN
1471948142,Love Like Us (feat. RUNN),Last Heroes/ RUNN
548650049,LSD,GHASTLY
1868345877,Just Like You,Kompany/ KC
1986633448,It's All You,MitiS/ AMIDY
573518552,Into You (feat. Karra),Jason Ross/ Karra
419250748,I Miss You,Misael Gauna/ Noctilucent
1481304440,Human (feat. She Is Jules),Crystal Skies/ She Is Jules
1968763213,Holdin' My Own (Anki Remix),Said The Sky/ Jack Newsome
1444061787,Hear Me Now (feat. Luma),Crystal Skies/ Mazare/ Luma
1923310749,Healing (feat. She Is Jules),BrillLion/ She Is Jules
1825035009,Hakari,LIGHT ACLOUD/ Tsugumi Nagahara
1946069400,Growing Wild,Ray Volpe/ Myah Marie
1956673657,Gone (feat. Linney) (N3WPORT Remix),MitiS/ Crystal Skies/ N3WPORT/ Linney
471374308,Freesol,Seven Lions/ Skyler Stonestreet
1388285645,Found Us (feat. Luma),Last Heroes/ Luma
1459393320,Form,Slippy
486837355,Firestorm (Abandoned Remix),Abandoned/ Adventure Club/ Sara Diamond
1336871380,Face My Fears,JVNA/ Skrillex
1967058393,Every Time (feat. So Below),Seven Lions/ So Below
1478054205,Erase You,Excision/ Wooli/ HALIENE
1866152807,End Of Us,N3WPORT/ Meggie York
1946089736,Drinking Like Kings (feat. Woodlock),Trivecta/ Woodlock
1311525892,Dreamin' (feat. Fiora) (Last Heroes Remix),Seven Lions/ Fiora/ Last Heroes
26577340,Days to Come,Seven Lions/ Fiora
1410385774,Cruel Love (Wooli Remix),Kayzo/ shYbeast/ Frank Zummo/ Wooli
2605166306,Bulletproof Heart (Remix),Moodwalk/ MECHANYX
2604310434,Left Behind,Lost Ashes/ Yllow
2158130568,Soar,AVELLO/ juuku
2141067694,I'm Gone,Bumpÿ/ JB RICKY/ Koda Ends/ Wolfpup
2157779862,Let Go (Bafu Remix),AVELLO/ MVRII/ Bafu
2161011483,Firestorm (feat. She Was Silver) (Remix),Powi/ She Was Silver
2164210979,Where Will We Go (Simon Jang & Joe Koda Cover),Simon Jang/ Joe Koda/ Grant
2151051892,Lightning In The Dark,Synymata/ Nytrix
2161949502,All I Want,N8Sky
2139148546,Surrender,Cinema Kid
2153956270,Madness,Heuse
2150757802,One More Night,Valorian/ K-WOOZY/ Outertone
2150758102,Save Me,Bugsy/ noShift
2142790984,Composure (STYKS Remix),Simulcats
2149236903,Trapped,KAMMEO/ Outertone
2138309656,Numb,Nikademis/ LEUTHERO/ skye silansky
2146618443,Before We Say Goodbye,GhostDragon/ Trella
2149947974,Crying Myself To Sleep,Clear Sky
2600926902,Get Out Of My Head,Elision
2605865100,Silence,Blanke/ HALIENE
2149874195,Celestial Hierarchy,Paused Pilot
2160118355,echo of evergreen,Bumpÿ
2155343415,Let It Hurt (feat. steph.),Iconick/ steph.
2154688325,Pump It Up,Jey Cordz
2133649884,My Way,Nick Wynn
2148822170,Main Quest,4RUka
2136023122,Falling (feat. Hypnotiqz),John Orchard/ Hypnotiqz
2142609626,Waves,Zeds Dead/ Flux Pavilion/ DeathbyRomy
2135581377,The Kraken,LOST3N
2123103723,Scarlet Rot,Jayden Carr/ Sebastian Silva
2112124624,Set Me Free (feat. Madeline Mars),Joe Koda/ Madeline Mars
2123056582,Memory Box,ROY KNOX
2116073503,Grimoire (Vocal Mix),Caster/ Salvo
2117539649,Don´t Leave Me,LUVIUM
2114259388,Puppet Game (ZK3N Remix),ZK3N/ SK7N
2704403851,Leave The Light On (Last Heroes Extended Remix),PLS&TY/ x.o.anne
2704395221,Leave The Light On (Last Heroes Remix),PLS&TY/ x.o.anne
2699634675,Salvation (Ailiy Remix),CiAirV/ Ailiy/ 洛天依Official
2697302382,Afterglow,CoriCreaM/ 漩涡唱片丨Vortexn Records
2609337429,I'm blue without u,Animadrop
2612586643,Waiting Up,RINY/ Otto Palmborg
2165350903,Can't Break,Gazing Skies/ Bemonics
2166532118,Cold (Eleqtra Remix),DJ Absinth/ Diandra Faye
2124997363,Because of you,XDR-C/ EMLwc
2159423588,Mine To Lose,Flöte
2140209564,Leave Your Side,BOWEN/ PXRT TWO
2142818255,Inhuman,Woyfer/ LÚTHIEN
2150754115,Puzzle (Extended Edit),Guy Coolid
2148541212,Save Me,modus./ Miss Lina
2147911384,Stay High,PapaJay/ Elluminate
2134534934,You And I,Kjell
2143166283,Around To You (Radio Edit),Angel District
2141679554,Weird (LOCKBOX remix),Casey Cook
2116921013,Tonight,North Wind
2128155701,Enough (feat. undy),Torn Veil/ UNDY
2131855285,Pull Me Under,Dante Levo/ KINDRED
2118059591,Other Side,Crystal Skies/ Luxtides
2106898199,Light The Flame,Areeb Mahmood/ Laryssa Vachon
2109814436,Mean It,GhostDragon/ shXdow./ Daye
2698783123,Ordinary (Adventure Club Remix),Adventure Club/ Alex Warren
2155628912,The Right Time,Youth In Circles/ LUVIUM
2156566963,Lost My Love (Extended Edit),Recess/ Ogge
2143741161,Rescue You,Loxion/ TRØVES
2146918154,Lost My Love,Elude
2138633437,Echoes,Kronus
2696562303,Under Star,Ailiy
2604117649,Alaska,Trivecta/ Casey Cook
2159617979,Days We'll Remember,She Was Silver
2158937295,Giga,MYLK/ CHOMPO
2151644815,Metamorphosis,Alex Kade/ Hashon/ Mikara
2147426720,Set Me Free,Akashic
2127898384,白 雪 歌,Laitmus/ 2088 RECORDS
2139207546,Wild and Free,Lucky Low/ Midranger
2125160773,Pride,Rareno
2136827560,RIVER (feat. Peyton Noell),H3RØ/ Dila/ Peyton Noell
2134540662,Rhythm Of The Water,ZHANGYE/ Pia Toscano
2133448335,See You Again (feat. Kellin Quinn & Red Curl),Awon/ Vanthe/ Kellin Quinn/ Red Curl
2140252336,Yours,Teminite
2127814707,Everlong (Anki Bootleg Remix),Anki/ Foo Fighters
2127886425,PARACHUTE (feat. Kelsey Ray),FREAKY/ Ember/ Kelsey Ray
2126477770,Remember (feat. Talia Zisman),Zioz/ Talia Zisman
2133184225,Fallen Back 2 Back,Zhanyu/ Soaring Records
2116857067,WANT U BACK.,Marek
2113318122,Say Goodbye,Hazky/ ZI:AE
2128205306,Back 2 U,Bumpÿ/ VANGUARD RECORDS
2127814681,Before You (Aleus Remix),Aleus/ Seven Lions/ Dia Frampton
2118737282,Next To You feat. Dani King,Cyazon
2103566042,Love Me Back,RAMSSEY/ Solina
2113879636,Holdin Onto Hope,RREM/ Emily Ewing
2718997508,镌刻 (Speraymer Remix),DreamRecD/ Echo-I/ Speraymer/ Oops Guess/ 星尘纪之声
2693104497,Don't Leave Me,Aczex/ M2K Records
2688790412,Bury You (VIP),Cloudy Parallels/ TIFFVNY/ Elle Vee
1460831171,Don't Wanna Fall,Seven Lions/ Last Heroes/ HALIENE
2630404038,Happier Now,SadBois/ Gabriel Eli
2610494969,Ramjet,crowit./ Azcona Savage
2629697957,Bury You,Cloudy Parallels/ Tiffvny Joy/ Elle Vee
2629306211,Lost My Love,Hubert
2629306210,Harmony,Hubert
2602911680,Without You (Aaron Shirk Remix),Midnight Kids/ SayWeCanFly
2615135350,5 Years (feat. Dia Frampton),Hoang/ Dia Frampton
2607552158,Rise Above,Awon/ Aalioura/ Micah Martin
2166215049,Alone,Loxion/ Micah Martin
2600562445,What I Need,Samuel Lux/ Emily Ronna
2164520319,My Immortal (Deluxe Version),kyootbot/ TIFFVNYJOY/ Chenda
2158478358,Tidal Waves,Hidden Axis
2161375590,Every Part Of You,SPIRIT LINK/ Koda Ends
2163038489,Looking Glass (RYN Remix),Nimbvs/ Sonja Marie
2151368094,Stuck On You,JAMES.C/ Bumpÿ/ Jaime Deraz
2160116579,pass your by,Bumpÿ
2160105582,utopia (i miss u),Bumpÿ
2144188104,All Mine (feat. Gomey),Ryan Nevis/ Gomey
2153224242,Holding On,Angry Beats/ Yllow/ Rezzaie/ Jetason
2153359905,Never The Same,ARMNHMR/ Kompany
2151861120,Discovery,Mystic Wonder
2139374918,Out Loud,Thomas Vouz
2148536157,you drive me crazy (feat. KnownAsNat),Shurastra/ KnownAsNat
2132417789,Hurt Sometimes,Joe Koda
2146508265,Mine,Gryxx/ Elle Vee
2129178913,Voice,ΓИ7AL
2140408536,Chasing Stars,Adam Reed
2139187583,Calling You,Abandoned/ ShockLine/ NVVER
2138031463,Sea Of Voices,Areeb Mahmood/ Hylia
2110714788,Rewind,Nexoria/ Charlie Copper
2138177499,Anymore,Red Comet
2129441993,Something To Hold On To,STAR SEED/ Aaron Shirk/ Sara Benyo
2135000581,Ultraviolet,Woel Jebster/ KVROT
2133427586,Holding Me Back,KAMMEO/ Outertone
2131109709,I'm Okay,XKIMO
2125394609,Memories (feat. Rayne),Adam Reed/ Rayne
2125998034,Right Back (Spring Street Remix),Kaptivate/ Spring Street
2118948182,Lost Labyrinth (Severin Remix),CADMIUM/ CVDMIUM/ Heleen/ Severin
2129070582,Courtesy,SadBois/ PatFromLastYear/ Kenzie Harris
2128753533,Afterglow,ARMNHMR/ VLCN/ Nevve
2135427100,Worlds Away (feat. Trella) (yetep Remix),Dabin/ Trella/ yetep
2117487108,Hallowed (feat. SOUNDR) (Morva Remix),Abandoned/ SOUNDR/ Morva
2130257440,Without You,Kai Wachi/ RUNN
2120914121,Already Numb,Synymata/ Egzod/ Josh Rubin
2120959855,Stay Around,BRSV
1957845841,Scarlight (feat. m2MK),Nanolith/ m2Mk
2129595150,Celestial Tales,SeyriN
2110443304,MYSELF,Rezzaie
2127814649,Glow In The Dark,NIO
2126012762,Tenacity,JoeStasi
2124270975,Again,Dante Levo/ KINDRED
2116348872,Tears,Youth In Circles/ postcard/ Gingerrossaa
2124495942,Dive In (Alternate Version),Jay Ocean
2120801308,We're Not Over,X/L/ Outertone
2116148081,Confession (DZMA Remix),Nick Ledesma/ DZMA
2090418830,Thank You,Tom Platts/ WildGaves/ Baiden Holland
2114281408,Grand Escape (Teminite Remix),CADMIUM/ Zack Merci/ Teminite/ Tara Louise
2115798496,Lost Labyrinth (Morva Remix),CADMIUM/ Heleen/ Morva
2724084076,ELECTRIC LOVE (AVELLO REMIX),AVELLO
2717571333,Lights On,Ailiy
1980999689,Don’t Look Down (feat. Linney),MitiS/ Ray Volpe/ Linney
1333340621,Don't Give Up On Me (feat. Dia Frampton),Jason Ross/ Dia Frampton
1847627619,Clearer Sky,Skybreak/ Sofuu/ Bendel/ N33T
2619305014,Feel Again,OBLVYN/ Becca Krueger
2620001395,Haunted By You,Culture Code/ Neal Datta/ GLNNA
2630109351,Make It Better (feat. Amistat),Trivecta/ Amistat
2622078347,Your Love,Skies Apart/ Kaleb Myers
2626498612,Legado,Dimatis
2615927441,Without You,Side Rulls
2617924123,Sidelines,Corticus/ Meggie York
2601848725,Łiez,Balka/ jaixj
2153873607,Lighthouse,Leon Ellus
2602572700,Someone That I'll Never Be,Monika Santucci
2162154644,Voyage,Franky Nuts
2601368633,Eternally Bloom(feat.7-60'),Akiuta
2144364766,Secret,North Wind
2151051243,Leave Me Waiting,Synymata/ Lexi Scatena
2150049641,Can't Help It (LEGIONSOUND Remix),IYKO/ Saysha/ LEGIONSOUND
2151367618,Without You (KYZEN Remix),Philtered/ Otto Palmborg
2124554213,Full Circle,KYLLER/ Bafu
2147546254,Wanted You To Know,KYRIPH/ Katja Kos
2146968537,Youth,BoySam/ BrillLion
2137258960,Great Divide,Celestial Void/ King of None/ Hylia
2137261980,Taking Me So Long,DreamRecD/ STRlighT
2146125586,BROKEN DAYS,XDITZ/ Rsaku
2143808005,Needed You,Matfroninja/ Lost Lumens
2141679557,Feel It All (DZMA remix),Casey Cook
2139874450,If I'm Still Breathing,Vodenik/ Wisner
2139579922,Help Me Forget,Alkemi/ glasscat
2141536839,Lifeline (Reborn),THE ROSE/ Transparent Arts
2138096747,FEVER,Torn Veil
2130198425,Chance To Say Sorry,Misfit
2136679673,Next to Me (feat. Amara),Albert Vishi/ Amara
2117221600,Break Me Down,Kayden Michaels/ Jaime Deraz
2125336562,Watch Me Break Free,LMN8
2135373953,Finally Found,Strigi/ Okafuwa
2137824674,Starlight (Marc Leo Remix),Sky Max/ MissArtistApril/ YurinaKuma/ Marc Leo
2129456158,The Trecker (GrieferPig Remix),Silvery SKY/ Bestune/ GrieferPig
2134534907,Tonight,MAXMIL
2119955984,I Lost It,Trevor Omoto
2130540547,Take Me Over,Bluscape
2135427101,Worlds Away (feat. Trella) (Nikademis Remix),Dabin/ Trella/ Nikademis
2112892811,Keep Me Grounded,Ryuklear
2126588835,You Remind Me,Tom Platts/ UNDY
2128165906,I Don't Know,Comet Lake
1996971785,Feel The Same,whoamidesu
2127021472,Paul's Dream (Dune),Caster
2126898353,Losing You (feat. Livingston Crain) [H3RØ Remix],JONJEN/ Wolfpup/ Livingston Crain/ H3RØ
2122196411,Not My Night,Fairlane/ Point North
2127872034,On Forever,Flux Pavilion/ Excision/ Saint Raymond
2121358875,Starshot,King of None/ Emotiona
2116030728,Bloom,Egzod
2124280394,My Heart,Daze OFF
2121831334,windflower,shameless./ Viznode
2108761384,On My Mind,Codeko
2111770754,Grow Up (Alternate Version),if found/ Vaance/ Bertie Scott
2722537238,BOOM (_Warpcore_ & SenseOfSail帆意 Remix),_Warpcore_/ SenseOfSail帆意/ Evil Neuro
2611145166,Going Down,Fells/ SOUNDR
2605896306,Stay (DVRKCLOUD Remix),Dvrkcloud
2601832505,the heat (LØTUS Remix),GhostDragon/ Charlie Copper/ Hannah Zhao
2609424276,Mistakes (DZMA Edit),DZMA/ Casey Cook
2148169246,Get To Know You,Tom Platts
2149688879,Next To Me,Alarc/ Emy Smith
2155465688,Like I Love You (Dubstep Edit),Philip Anticca/ Whittzy
2155479176,Мечта,INAGO/ Fatum
2149355430,Halfway Empty (feat. Otto Palmborg),mEd.X/ Otto Palmborg
2154203478,Tsunami,Akiuta/ 7-60// 维度坍缩/ Hilarity Leap Records/ Memory Remodeling Records
2142680063,Broken,Obvsidian
2147424293,Bloom,Derpcat/ Psyuri
2125371348,Freefalling,Paper Skies/ Nytrix
2125160745,Far Too Much,Ryuklear
2140239477,Miracle,LazyMario/ Outertone
2139203897,soberstate (Whad Remix),Simulcats
2142938650,The Portals,Kosmic Fluid
2135330006,Gravity,Afinity/ Meg & Dia
2138218232,Into The Portal,Ian Snow
2140630576,My World,Encrypted/ Elvya
2133552671,Miss You,Adam Madenski/ A-SIX
2136980404,Waking up in a Dream,Nikademis/ 9 Worlds/ Donna Tella
2119368743,Taste That Love,Skies Apart/ Jennifer Rabha
2133780753,Break My Heart,max & i/ Allison Lehman
2138933899,Fleur De Neige,Litchee
2110439622,Cover My Eyes,Tr0n/ Last Loved/ Shawn O'donnell
2127896762,Bright Side,Preymuse/ SEVENS
2137969079,Not Even Love,Seven Lions/ ILLENIUM/ Asdis
2124296748,Lonely Embers,Tasilev
2130972711,Unsteady,Odd Blossom/ Kevin Moffat/ Jake Cooper
2090419929,I Like You (Am I Alright),Courts/ Moyan
2131087915,Student Becomes (The Master) (LOST3N Remix),Razzle/ UNDY
2131087914,Student Becomes (The Master) (BlueClouds Remix),Razzle/ UNDY
2126068329,Keeping Secrets,Gone Astray/ JOSS/ skye silansky
2121901109,leading on (feat. Livingston Crain),løvkëy/ Livingston Crain
2123744813,Holding On,Icy Mattrix
2126302180,Give Up On You,goud.
2131292440,Let Me Go,Vellum
2118694944,End of Days Pt. 2,Amplift
2128500186,Closer To The End,CREAM/ Pure 100%/ Bemo Rouge
2125771418,Godrays,Lockbox/ Sidney Blair
2105556507,Listen,Milkoi
2121277957,Happier By Now,Kai Wachi/ Lø Spirit
2126549929,One More Night,Bllaine/ Donna Tella
2123404459,Coffins,SayWeCanFly/ Awon/ Vanthe/ Elude
2097979064,One Life,Abandoned/ Micah Martin
2125035005,I Wanna Know (feat. Natalie Taylor),MitiS/ Seven Lions/ Natalie Taylor
2116938441,Close (Bumpÿ Remix),JAMES.C/ Zøie X/ Bumpÿ
2119666926,21,Audien/ Jason Ross
2120678809,Wild Things (UNDEFYND Remix),Lø Spirit/ Undefynd
2119381269,LETTING GO,Soar
2071940076,After Dark (feat. Diandra Faye),Egzod/ Abandoned/ Diandra Faye
2106581740,Growing Pains,Crystal Skies/ SOUNDR
2722983108,CHAOS (Ace Aura Remix),MUST DIE!
2722117959,SLANDER/ ILLENIUM - Love Is Gone x Crawl Outta Love (With Løve Mashup Edit),With Løve
2709627884,Who I Am Now,Synymata/ GLNNA
1429604070,Constellation,Far Out/ Karra
1956394461,Coming Back To You,AMIDY
514543482,Cold Hearted,Seven Lions/ Kill The Noise
536623529,Calling You Home (feat. Runn),Seven Lions/ RUNN
1948356051,Away From Me,if found/ Wisner
2625645322,Lose It All,Nikademis/ Josh Rubin
2619709649,One Wish,Lexdez/ sad bells
2610828810,Run To You,CHPTR./ Nytrix
2164470690,Together Alone,Adam Pearce/ Daye
2153875705,You Want,Karasu Merodi
2160116618,vein,Bumpÿ
2146277107,Align,Adam Pearce/ Dani King
2155962796,Ionized,Azcona Savage/ KENØK
2133312627,Aishite,Rsaku
2120660827,Scars,Rival/ Diandra Faye
2144886766,Ghost,Z32
2150757910,JOY,Soundstorm/ Outertone
2144690058,OUR STARS,THIRST
2138240666,Lose Control,MVSE/ Micah Martin
2136022598,Light of Love,John Orchard/ lokeyz
2146732546,Keeper,Dean Vernon/ Emy Smith
2136743045,Someone To Forget (NIO & MAMBA Remix),NIO/ ARMNHMR/ Lights/ MAMBA
2128663815,夜月花江春 Moonlit Night (Salty Salt Remix),Metablue赛博蓝/ 燃一/ Salty Salt
2142899698,Everything I Need,Cloudy Parallels
2142133008,灰白色 (Bumpÿ Remix),泽玥Zeyué/ Aou/ Bumpÿ
2136834263,Letting Me Go,The Abound
2118948716,Low (Pale Grym Remix),CADMIUM/ CVDMIUM/ Andreas Stone/ Pale Grym
2136969150,Lean To Me,Skybright
2123751604,bye,DingerBox
2120961660,PARADISES,Omnicorum
2108825097,Until We Meet Again,Tim Rochello
2134681176,Back To You (JerScO Remix),JerScO
2128694479,Wind Blows,PARADAY/ SOLARIA
2133056025,Fell For A Demon,ROY KNOX/ LINKER
2125118288,Say It Like You Mean It (feat. Ridgely),Elephante/ SABAI/ Ridgely
2128163786,Find Me,Tretone/ Astroden/ BOTTLEROCKET
2118694940,Arrival,Amplift
2129179861,Nigrum Mandala,9bit/ Litchee/ Ferdinand
2118653361,Just A Mirage,INZO/ Illusio
2122917246,I Wanna Know (AVELLO Remix),AVELLO/ RL Grime/ Daya
2615350082,Out of Sight,TWLGHT/ Hylia
2622438937,Peach Gardens,Vanatice
2623661190,Twenty Five,Chenda/ Nina Sung/ GILLIAD
2621162445,Leave The Light On (feat. sød ven),Trivecta/ Sød Ven
2612784104,Say It Like You Mean It (shXdow. Remix),Elephante/ SABAI/ Ridgely/ shXdow.
2607237624,In The End (feat. Clara Mae) (Jason Ross Remix),Dabin/ Said The Sky/ Clara Mae/ Jason Ross
2599732724,Pretty,Luci/ Synymata
2152321027,Puzzle,Rareno
2166306231,Used To It All,Awon/ Gone Astray/ KELIZA
2158488313,Breakaway,VLCN/ Micah Martin
2161799704,Anywhere,STRlighT/ W.raiNbow/ Echo-I
2161375587,On The Inside,SPIRIT LINK/ Hylia
2160282875,22,Luci
2153991064,PARADOX,LSDREAM/ Ruby Chase
2152086460,Show Me The Way,Odd Blossom/ Kevin Moffat/ Jake Cooper/ Rory Hope
2147326437,You Lied (Cloudy Parallels Remix),Triston Davis/ Kalypsound/ Katelyn Butcher/ Cloudy Parallels
2133779232,Right About Now,Frank Legeay/ Brooks Hoffman
2146968559,With You,JOSS
2145106891,this_is_the_voicemail_i_didn't_leave.mp3 (flareinthesky! remix),[lý]/ Mars on the Earth/ flareinthesky!
2148283248,Wide Awake,Last Heroes/ Sød Ven
2134538228,Even When It Hurts (feat. Melissa Lamm),WAYWHEN/ Melissa Lamm
2136743042,Lifeline (N3WPORT Remix),ARMNHMR/ Lena Leon/ N3WPORT
2145062012,Older,Luwuc/ Jinxed
2145096819,What Was I Made For,Luci/ STAR SEED
2114329467,Broken Circle (feat. Alicia Orozco),Tornicane/ Outertone/ Alicia Orozco
2137796576,Out Of Time,Adam Pearce/ Xela
2127888828,Come Back Down (feat. Bella Renee),Chassi/ Bella Renee
2139375399,Voices (Disphing Remix),Spag Heddy/ Luma/ Disphing
2135737934,Always There For You,Jordan Savage
2118972531,Wildfire,ESAI
2130944591,Lost Inside,Kosmic Fluid/ Machoq
2129729407,When I'm Gone,MAMBA./ TURBO.
2133009304,Run,LostWind/ Dianna
2137824678,Starlight (4RUka Remix),Sky Max/ MissArtistApril/ YurinaKuma/ 4RUka
2113634798,Real,Z32/ glasscat
2115270540,Ophidian,Autumn Skeyes
2123547518,Out From Under,Caslow/ Fells/ Sierra Annie
2135181181,WAITING FOR,ZXRA/ CRXLL/ Kayla Parr
2123399582,Echoes,Aspecte
2126862354,Never Mine,KilganoN
2130259245,Feel Fine,Kai Wachi/ SOUNDR
2122655299,Sinking,Aye Bay/ Nou
2126164265,Headaches,MECHANYX/ Maypops
2112085558,Time,Lazy Mario
2127879388,Control feat. Donna Tella,Cyazon
2127879398,Time Traveling feat. Elle Vee,Cyazon
2094036108,Threads,Falling North/ Tadeusz/ Køld
2109852447,Breathing,Flöte
2712518116,**** It/ I'm Alright (feat. Olivia Ridgely),SABAI/ Miles Away/ Olivia Ridgely
2138255528,Wide Awake,Sickboyz
2136939148,You're With Somebody Else,Sazu/ J4CKO/ Baiden Holland
2137900613,Awaken,Vermilion/ Fazzi/ Aloma Steele
2135376380,Heaven Again,Wurme/ Marc Rain/ Jetason
2139382210,Find My Way,Jay Ocean
2130633202,I'll Be There,Azee/ Josua Müller
2133427346,Shipwreck,Rocket Start
2134694344,Take Our Time,Young Dumbs/ 4nzek
2135373199,Be There,jav3x/ Donna Tella
2119957415,Ghost Of You,Aye Bay/ ELLE
2122491350,Never Without You,xoxodubstep
2125997311,Test (feat. Saysha) (Vitalz Remix),Kaptivate/ Vitalz/ Saysha
2124551127,First Love (Nūves Remix),Eric Dale
2132285922,Hideaway,Kenny Pham/ Opi
2129089777,Honest,AVELLO/ Madeline Austin
2130475996,Memories,NOTSOSW33T
2122485259,Stay (feat. Trella) (Afinity Remix),William Black/ Trella
2129971559,Poetry (feat. Liam Geddes),yetep/ Liam Geddes
2124296780,Save Me (feat. Purnama Saputra),XDITZ/ Purnama Saputra
2124280392,Anymore,Smiles Only/ Alecs
2115848303,Stars,Jay Ocean
2117462118,Away From Here,Kenny Pham
2109047387,Glow In The Dark,Kai Wachi/ Trella
2108395213,Azure Step,Synthion
2097923170,The Other Side,KYRIPH/ Klara Tiselj
2106598956,Another Dimension,Ember/ Sara Benyo
2692281855,Mustang Baby (Vanic Remix),Vanic
2709429910,Fallen Crisis,JYOTIN/ Nightcore
2709771223,镌刻 (B X E & _Warpcore_Remix),Beviteng Electron/ Oops Guess/ _Warpcore_
2706333862,Silence of Violence (NURKO Remix),NURKO
2697879935,DONTTRUSTME,Luci
2695547144,Love Incredible Remix (Previously unreleased // Time Capsule series),Adventure Club
2671414220,重燃倾落星,星尘
2690868558,桂 花 塢,PHONO RECORDS/ 一杯猫头
2677453771,Auric Flare,JYOTIN/ Nightcore
2689076293,漱,Ucixyel/ 2088 RECORDS
2685899270,Dust from My Eyes,Ailiy/ 星尘纪之声
2686331913,HELLO 2025,Shuvuarutsu/ Ream雨舒/ Soaring Records
2674659272,Requiem of the Stars,Echo Horizon
2682779218,回信Retter——ChiliChill五周年生贺,Zipper.Zip/ 倾谙p/ Nigel/ mcxiaoqi/ 童夕/ 王小献/ 山崎修修/ 桐原知空/ 祝既湘_bing/ 十夜书_koe
2681311115,My Place,DEN-ON-BU、PIKASONIC、nakotanmaru、鳳凰火凛 (CV: 健屋花那)
2681406159,Hard Part's Over (feat. Page) [HEARTSTRINGS TOUR LIVE VERSION],Hoang
2670749348,Oblivion Realm（遗忘之境）,Aurelium
2668761485,Night's Echo 伴奏,Aurelium
2668753688,Night's Echo,Aurelium
2674811494,Eclipse love（蚀爱）,Aurelium
2652622663,Requiem of the Stars,Echo Horizon
2672759853,Ascension of the Stars,Echo Horizon
2674611269,镌刻 (Saturn Remix),DreamRecD/ Echo-I/ Saturn/ Oops Guess/ 星尘纪之声
2674612231,镌刻 (W.raiNbow Remix),DreamRecD/ Echo-I/ W.raiNbow/ Oops Guess/ 星尘纪之声
2674611267,镌刻 (TaK-Vin Remix),DreamRecD/ Echo-I/ TaK-Vin/ Oops Guess/ 星尘纪之声
2674611268,镌刻 (WilliamHenRy Remix),DreamRecD/ Echo-I/ WilliamHenRy/ Oops Guess/ 星尘纪之声
2674612230,镌刻 (Z3NONE Remix),DreamRecD/ Echo-I/ Z3NONE/ Oops Guess/ 星尘纪之声
2672830551,但我,Seein碎涧星影/ EMAX Sounds Official电子最之声
2668669167,Winter Ocean,吃瓜猫/ 凇可雫Vcm
2673926430,Echoes (feat. Stefan PVDS) (Afinity Remix),Trivecta/ Stefan PVDS
2672798142,Counting beauty 2021,Re-HardParty/ Rllovx
2672115825,DreamRecD-镌刻 （FRUvian / 3flower remix）,FRUvian/ 3flower
2665667406,镌刻,DreamRecD/ Echo-I/ Kyrex-_-/ Oops Guess/ 星尘纪之声
2667555422,Nitrogen (A Piece Of The Desirable Nature),ChiangZJ
2134617295,Anyone,JOSS
2135329358,Getaway,Afinity
2141679556,Portal (Tom Konway remix),Casey Cook
2146113530,后冰期,CNHKSS/ Shaw_Tyan
2125160790,Daydreams,Zarka
2128967498,Firefly,SeHou
2137824676,Starlight (Davsky Remix),Sky Max/ MissArtistApril/ YurinaKuma/ Davsky
2137720505,Lie (Tretone Remix),Tretone/ William Black
2129336303,What's Up? (feat. Lzzy Hale),White Panda/ Lzzy Hale
2118948179,Let Me Go (RITIX Remix),CADMIUM/ CVDMIUM/ Anica/ RITIX
2126401412,Crazy,Flöte/ Violyt
2121739421,Fractured,OBLVYN/ Roseanna
2122718140,Jaded,laikd
2118059600,Lifeline (feat. Meggie York),Crystal Skies/ Meggie York
2102257032,もしも,ナナツカゼ/ PIKASONIC/ Dankidz
